2026-06-03 20:09:54.779 +05:30 [INF] Program: Applying Food migrations (core + module tables)...
2026-06-03 20:09:56.384 +05:30 [WRN] Microsoft.EntityFrameworkCore.Model.Validation: Entity 'InventoryWriteOff' has a global query filter defined and is the required end of a relationship with the entity 'InventoryWriteOffAttachment'. This may lead to unexpected results when the required entity is filtered out. Either configure the navigation as optional, or define matching query filters for both entities in the navigation. See https://go.microsoft.com/fwlink/?linkid=2131316 for more information.
2026-06-03 20:09:56.388 +05:30 [WRN] Microsoft.EntityFrameworkCore.Model.Validation: Entity 'Product' has a global query filter defined and is the required end of a relationship with the entity 'ProductMedia'. This may lead to unexpected results when the required entity is filtered out. Either configure the navigation as optional, or define matching query filters for both entities in the navigation. See https://go.microsoft.com/fwlink/?linkid=2131316 for more information.
2026-06-03 20:09:56.391 +05:30 [WRN] Microsoft.EntityFrameworkCore.Model.Validation: Entity 'Product' has a global query filter defined and is the required end of a relationship with the entity 'ProductVariant'. This may lead to unexpected results when the required entity is filtered out. Either configure the navigation as optional, or define matching query filters for both entities in the navigation. See https://go.microsoft.com/fwlink/?linkid=2131316 for more information.
2026-06-03 20:09:56.394 +05:30 [WRN] Microsoft.EntityFrameworkCore.Model.Validation: Entity 'PurchaseOrder' has a global query filter defined and is the required end of a relationship with the entity 'PurchaseOrderItem'. This may lead to unexpected results when the required entity is filtered out. Either configure the navigation as optional, or define matching query filters for both entities in the navigation. See https://go.microsoft.com/fwlink/?linkid=2131316 for more information.
2026-06-03 20:09:56.395 +05:30 [WRN] Microsoft.EntityFrameworkCore.Model.Validation: Entity 'PurchaseReturn' has a global query filter defined and is the required end of a relationship with the entity 'PurchaseReturnItem'. This may lead to unexpected results when the required entity is filtered out. Either configure the navigation as optional, or define matching query filters for both entities in the navigation. See https://go.microsoft.com/fwlink/?linkid=2131316 for more information.
2026-06-03 20:09:56.396 +05:30 [WRN] Microsoft.EntityFrameworkCore.Model.Validation: Entity 'Campaign' has a global query filter defined and is the required end of a relationship with the entity 'CampaignProductRule'. This may lead to unexpected results when the required entity is filtered out. Either configure the navigation as optional, or define matching query filters for both entities in the navigation. See https://go.microsoft.com/fwlink/?linkid=2131316 for more information.
2026-06-03 20:09:56.398 +05:30 [WRN] Microsoft.EntityFrameworkCore.Model.Validation: Entity 'MarketingCampaign' has a global query filter defined and is the required end of a relationship with the entity 'CampaignTargetLocation'. This may lead to unexpected results when the required entity is filtered out. Either configure the navigation as optional, or define matching query filters for both entities in the navigation. See https://go.microsoft.com/fwlink/?linkid=2131316 for more information.
2026-06-03 20:09:56.399 +05:30 [WRN] Microsoft.EntityFrameworkCore.Model.Validation: Entity 'Sale' has a global query filter defined and is the required end of a relationship with the entity 'SaleHistory'. This may lead to unexpected results when the required entity is filtered out. Either configure the navigation as optional, or define matching query filters for both entities in the navigation. See https://go.microsoft.com/fwlink/?linkid=2131316 for more information.
2026-06-03 20:09:56.402 +05:30 [WRN] Microsoft.EntityFrameworkCore.Model.Validation: Entity 'Sale' has a global query filter defined and is the required end of a relationship with the entity 'SaleItem'. This may lead to unexpected results when the required entity is filtered out. Either configure the navigation as optional, or define matching query filters for both entities in the navigation. See https://go.microsoft.com/fwlink/?linkid=2131316 for more information.
2026-06-03 20:09:56.408 +05:30 [WRN] Microsoft.EntityFrameworkCore.Model.Validation: Entity 'CompanySubscription' has a global query filter defined and is the required end of a relationship with the entity 'BillingInvoice'. This may lead to unexpected results when the required entity is filtered out. Either configure the navigation as optional, or define matching query filters for both entities in the navigation. See https://go.microsoft.com/fwlink/?linkid=2131316 for more information.
2026-06-03 20:09:56.412 +05:30 [WRN] Microsoft.EntityFrameworkCore.Model.Validation: Entity 'CompanySubscription' has a global query filter defined and is the required end of a relationship with the entity 'SubscriptionChangeLog'. This may lead to unexpected results when the required entity is filtered out. Either configure the navigation as optional, or define matching query filters for both entities in the navigation. See https://go.microsoft.com/fwlink/?linkid=2131316 for more information.
2026-06-03 20:09:56.414 +05:30 [WRN] Microsoft.EntityFrameworkCore.Model.Validation: Entity 'CompanySubscription' has a global query filter defined and is the required end of a relationship with the entity 'SubscriptionLocation'. This may lead to unexpected results when the required entity is filtered out. Either configure the navigation as optional, or define matching query filters for both entities in the navigation. See https://go.microsoft.com/fwlink/?linkid=2131316 for more information.
2026-06-03 20:09:56.418 +05:30 [WRN] Microsoft.EntityFrameworkCore.Model.Validation: Entity 'KitchenOrder' has a global query filter defined and is the required end of a relationship with the entity 'KitchenOrderItem'. This may lead to unexpected results when the required entity is filtered out. Either configure the navigation as optional, or define matching query filters for both entities in the navigation. See https://go.microsoft.com/fwlink/?linkid=2131316 for more information.
2026-06-03 20:09:56.422 +05:30 [WRN] Microsoft.EntityFrameworkCore.Model.Validation: Entity 'Recipe' has a global query filter defined and is the required end of a relationship with the entity 'RecipeIngredient'. This may lead to unexpected results when the required entity is filtered out. Either configure the navigation as optional, or define matching query filters for both entities in the navigation. See https://go.microsoft.com/fwlink/?linkid=2131316 for more information.
2026-06-03 20:09:58.540 +05:30 [INF] Microsoft.EntityFrameworkCore.Database.Command: Executed DbCommand (173ms) [Parameters=[], CommandType='"Text"', CommandTimeout='30']
SELECT EXISTS (
    SELECT 1 FROM pg_catalog.pg_class c
    JOIN pg_catalog.pg_namespace n ON n.oid=c.relnamespace
    WHERE n.nspname='public' AND
          c.relname='__EFMigrationsHistory'
)
2026-06-03 20:09:58.705 +05:30 [INF] Microsoft.EntityFrameworkCore.Database.Command: Executed DbCommand (41ms) [Parameters=[], CommandType='"Text"', CommandTimeout='30']
SELECT "MigrationId", "ProductVersion"
FROM "__EFMigrationsHistory"
ORDER BY "MigrationId";
2026-06-03 20:09:58.898 +05:30 [INF] Microsoft.EntityFrameworkCore.Database.Command: Executed DbCommand (7ms) [Parameters=[], CommandType='"Text"', CommandTimeout='30']
SELECT EXISTS (
    SELECT 1 FROM pg_catalog.pg_class c
    JOIN pg_catalog.pg_namespace n ON n.oid=c.relnamespace
    WHERE n.nspname='public' AND
          c.relname='__EFMigrationsHistory'
)
2026-06-03 20:09:58.983 +05:30 [INF] Microsoft.EntityFrameworkCore.Database.Command: Executed DbCommand (1ms) [Parameters=[], CommandType='"Text"', CommandTimeout='30']
SELECT EXISTS (
    SELECT 1 FROM pg_catalog.pg_class c
    JOIN pg_catalog.pg_namespace n ON n.oid=c.relnamespace
    WHERE n.nspname='public' AND
          c.relname='__EFMigrationsHistory'
)
2026-06-03 20:09:59.019 +05:30 [INF] Microsoft.EntityFrameworkCore.Database.Command: Executed DbCommand (2ms) [Parameters=[], CommandType='"Text"', CommandTimeout='30']
SELECT "MigrationId", "ProductVersion"
FROM "__EFMigrationsHistory"
ORDER BY "MigrationId";
2026-06-03 20:09:59.203 +05:30 [INF] Program: Food migrations applied.
2026-06-03 20:10:01.206 +05:30 [WRN] Microsoft.EntityFrameworkCore.Model.Validation: Entity 'InventoryWriteOff' has a global query filter defined and is the required end of a relationship with the entity 'InventoryWriteOffAttachment'. This may lead to unexpected results when the required entity is filtered out. Either configure the navigation as optional, or define matching query filters for both entities in the navigation. See https://go.microsoft.com/fwlink/?linkid=2131316 for more information.
2026-06-03 20:10:01.244 +05:30 [WRN] Microsoft.EntityFrameworkCore.Model.Validation: Entity 'Product' has a global query filter defined and is the required end of a relationship with the entity 'ProductMedia'. This may lead to unexpected results when the required entity is filtered out. Either configure the navigation as optional, or define matching query filters for both entities in the navigation. See https://go.microsoft.com/fwlink/?linkid=2131316 for more information.
2026-06-03 20:10:01.272 +05:30 [WRN] Microsoft.EntityFrameworkCore.Model.Validation: Entity 'Product' has a global query filter defined and is the required end of a relationship with the entity 'ProductVariant'. This may lead to unexpected results when the required entity is filtered out. Either configure the navigation as optional, or define matching query filters for both entities in the navigation. See https://go.microsoft.com/fwlink/?linkid=2131316 for more information.
2026-06-03 20:10:01.292 +05:30 [WRN] Microsoft.EntityFrameworkCore.Model.Validation: Entity 'PurchaseOrder' has a global query filter defined and is the required end of a relationship with the entity 'PurchaseOrderItem'. This may lead to unexpected results when the required entity is filtered out. Either configure the navigation as optional, or define matching query filters for both entities in the navigation. See https://go.microsoft.com/fwlink/?linkid=2131316 for more information.
2026-06-03 20:10:01.315 +05:30 [WRN] Microsoft.EntityFrameworkCore.Model.Validation: Entity 'PurchaseReturn' has a global query filter defined and is the required end of a relationship with the entity 'PurchaseReturnItem'. This may lead to unexpected results when the required entity is filtered out. Either configure the navigation as optional, or define matching query filters for both entities in the navigation. See https://go.microsoft.com/fwlink/?linkid=2131316 for more information.
2026-06-03 20:10:01.351 +05:30 [WRN] Microsoft.EntityFrameworkCore.Model.Validation: Entity 'Campaign' has a global query filter defined and is the required end of a relationship with the entity 'CampaignProductRule'. This may lead to unexpected results when the required entity is filtered out. Either configure the navigation as optional, or define matching query filters for both entities in the navigation. See https://go.microsoft.com/fwlink/?linkid=2131316 for more information.
2026-06-03 20:10:01.403 +05:30 [WRN] Microsoft.EntityFrameworkCore.Model.Validation: Entity 'MarketingCampaign' has a global query filter defined and is the required end of a relationship with the entity 'CampaignTargetLocation'. This may lead to unexpected results when the required entity is filtered out. Either configure the navigation as optional, or define matching query filters for both entities in the navigation. See https://go.microsoft.com/fwlink/?linkid=2131316 for more information.
2026-06-03 20:10:01.430 +05:30 [WRN] Microsoft.EntityFrameworkCore.Model.Validation: Entity 'Sale' has a global query filter defined and is the required end of a relationship with the entity 'SaleHistory'. This may lead to unexpected results when the required entity is filtered out. Either configure the navigation as optional, or define matching query filters for both entities in the navigation. See https://go.microsoft.com/fwlink/?linkid=2131316 for more information.
2026-06-03 20:10:01.482 +05:30 [WRN] Microsoft.EntityFrameworkCore.Model.Validation: Entity 'Sale' has a global query filter defined and is the required end of a relationship with the entity 'SaleItem'. This may lead to unexpected results when the required entity is filtered out. Either configure the navigation as optional, or define matching query filters for both entities in the navigation. See https://go.microsoft.com/fwlink/?linkid=2131316 for more information.
2026-06-03 20:10:01.547 +05:30 [WRN] Microsoft.EntityFrameworkCore.Model.Validation: Entity 'CompanySubscription' has a global query filter defined and is the required end of a relationship with the entity 'BillingInvoice'. This may lead to unexpected results when the required entity is filtered out. Either configure the navigation as optional, or define matching query filters for both entities in the navigation. See https://go.microsoft.com/fwlink/?linkid=2131316 for more information.
2026-06-03 20:10:01.612 +05:30 [WRN] Microsoft.EntityFrameworkCore.Model.Validation: Entity 'CompanySubscription' has a global query filter defined and is the required end of a relationship with the entity 'SubscriptionChangeLog'. This may lead to unexpected results when the required entity is filtered out. Either configure the navigation as optional, or define matching query filters for both entities in the navigation. See https://go.microsoft.com/fwlink/?linkid=2131316 for more information.
2026-06-03 20:10:01.688 +05:30 [WRN] Microsoft.EntityFrameworkCore.Model.Validation: Entity 'CompanySubscription' has a global query filter defined and is the required end of a relationship with the entity 'SubscriptionLocation'. This may lead to unexpected results when the required entity is filtered out. Either configure the navigation as optional, or define matching query filters for both entities in the navigation. See https://go.microsoft.com/fwlink/?linkid=2131316 for more information.
2026-06-03 20:10:03.067 +05:30 [INF] Microsoft.EntityFrameworkCore.Database.Command: Executed DbCommand (29ms) [Parameters=[], CommandType='"Text"', CommandTimeout='30']
SELECT p."Id"
FROM "PermissionCategories" AS p
2026-06-03 20:10:03.164 +05:30 [INF] Microsoft.EntityFrameworkCore.Database.Command: Executed DbCommand (21ms) [Parameters=[], CommandType='"Text"', CommandTimeout='30']
SELECT p."Key"
FROM "Permissions" AS p
2026-06-03 20:10:04.222 +05:30 [INF] Hangfire.PostgreSql.PostgreSqlStorage: Start installing Hangfire SQL objects...
2026-06-03 20:10:04.331 +05:30 [INF] Hangfire.PostgreSql.PostgreSqlStorage: Hangfire SQL objects installed.
2026-06-03 20:10:04.785 +05:30 [INF] : Starting Flowtap Food API
2026-06-03 20:10:05.164 +05:30 [WRN] Microsoft.EntityFrameworkCore.Query: The query uses a row limiting operator ('Skip'/'Take') without an 'OrderBy' operator. This may lead to unpredictable results. If the 'Distinct' operator is used after 'OrderBy', then make sure to use the 'OrderBy' operator after 'Distinct' as the ordering would otherwise get erased.
2026-06-03 20:10:05.267 +05:30 [INF] Microsoft.EntityFrameworkCore.Database.Command: Executed DbCommand (13ms) [Parameters=[@__p_0='?' (DbType = Int32)], CommandType='"Text"', CommandTimeout='30']
SELECT n."Id", n."CompanyId", n."CreatedAt", n."CreatedBy", n."Error", n."Payload", n."Recipient", n."RetryCount", n."SentAt", n."Status", n."Subject", n."Type", n."UpdatedAt", n."UpdatedBy"
FROM "NotificationQueues" AS n
WHERE n."Type" = 'Email' AND n."SentAt" IS NULL AND n."RetryCount" < 3
LIMIT @__p_0
2026-06-03 20:10:05.268 +05:30 [WRN] Microsoft.EntityFrameworkCore.Query: The query uses a row limiting operator ('Skip'/'Take') without an 'OrderBy' operator. This may lead to unpredictable results. If the 'Distinct' operator is used after 'OrderBy', then make sure to use the 'OrderBy' operator after 'Distinct' as the ordering would otherwise get erased.
2026-06-03 20:10:05.285 +05:30 [INF] Microsoft.EntityFrameworkCore.Database.Command: Executed DbCommand (2ms) [Parameters=[@__p_0='?' (DbType = Int32)], CommandType='"Text"', CommandTimeout='30']
SELECT n."Id", n."CompanyId", n."CreatedAt", n."CreatedBy", n."Error", n."Payload", n."Recipient", n."RetryCount", n."SentAt", n."Status", n."Subject", n."Type", n."UpdatedAt", n."UpdatedBy"
FROM "NotificationQueues" AS n
WHERE n."Type" = 'Sms' AND n."SentAt" IS NULL AND n."RetryCount" < 3
LIMIT @__p_0
2026-06-03 20:10:05.296 +05:30 [WRN] Microsoft.EntityFrameworkCore.Query: The query uses a row limiting operator ('Skip'/'Take') without an 'OrderBy' operator. This may lead to unpredictable results. If the 'Distinct' operator is used after 'OrderBy', then make sure to use the 'OrderBy' operator after 'Distinct' as the ordering would otherwise get erased.
2026-06-03 20:10:05.310 +05:30 [INF] Microsoft.EntityFrameworkCore.Database.Command: Executed DbCommand (1ms) [Parameters=[@__p_0='?' (DbType = Int32)], CommandType='"Text"', CommandTimeout='30']
SELECT n."Id", n."CompanyId", n."CreatedAt", n."CreatedBy", n."Error", n."Payload", n."Recipient", n."RetryCount", n."SentAt", n."Status", n."Subject", n."Type", n."UpdatedAt", n."UpdatedBy"
FROM "NotificationQueues" AS n
WHERE n."Type" = 'WhatsApp' AND n."SentAt" IS NULL AND n."RetryCount" < 3
LIMIT @__p_0
2026-06-03 20:10:05.465 +05:30 [INF] Microsoft.EntityFrameworkCore.Database.Command: Executed DbCommand (27ms) [Parameters=[], CommandType='"Text"', CommandTimeout='30']
SELECT r."Id", r."CompanyId", r."CreatedAt", r."CreatedBy", r."IncludeSafetyStock", r."IsActive", r."LeadTimeDays", r."LocationId", r."MinimumQuantity", r."PreferredSupplierId", r."ProductId", r."ReorderQuantity", r."UpdatedAt", r."UpdatedBy", r."WarehouseId", t."Id", t."CategoryId", t."CompanyId", t."CreatedAt", t."CreatedBy", t."DefaultCostPrice", t."DefaultSalePrice", t."Emoji", t."HsnCode", t."IndustryMetadata", t."IsActive", t."IsSerialized", t."IsUniversal", t."Kind", t."Name", t."PublishStatus", t."SKU", t."Tag", t."TaxSlabId", t."UpdatedAt", t."UpdatedBy"
FROM "ReorderRules" AS r
INNER JOIN (
    SELECT p."Id", p."CategoryId", p."CompanyId", p."CreatedAt", p."CreatedBy", p."DefaultCostPrice", p."DefaultSalePrice", p."Emoji", p."HsnCode", p."IndustryMetadata", p."IsActive", p."IsSerialized", p."IsUniversal", p."Kind", p."Name", p."PublishStatus", p."SKU", p."Tag", p."TaxSlabId", p."UpdatedAt", p."UpdatedBy"
    FROM "Products" AS p
    WHERE p."IsActive"
) AS t ON r."ProductId" = t."Id"
WHERE r."IsActive" AND r."IsActive"
2026-06-03 20:10:05.516 +05:30 [INF] Microsoft.EntityFrameworkCore.Database.Command: Executed DbCommand (18ms) [Parameters=[@__now_0='?' (DbType = DateTime)], CommandType='"Text"', CommandTimeout='30']
SELECT c."Id", c."CompanyId", c."CreatedAt", c."CreatedBy", c."EndDate", c."IsActive", c."NextBillingDate", c."StartDate", c."Status", c."SubscriptionPlanId", c."TotalAmount", c."TotalLocations", c."UpdatedAt", c."UpdatedBy"
FROM "CompanySubscriptions" AS c
WHERE c."IsActive" AND c."Status" = 1 AND c."EndDate" < @__now_0
2026-06-03 20:10:05.558 +05:30 [INF] Microsoft.EntityFrameworkCore.Database.Command: Executed DbCommand (39ms) [Parameters=[], CommandType='"Text"', CommandTimeout='30']
SELECT s."Id", s."CompanyId", s."CreatedAt", s."CreatedBy", s."EmailRecipients", s."IsActive", s."LastTriggeredAt", s."NotifyRoles", s."ProductId", s."SendEmail", s."SendSms", s."SendWhatsApp", s."SmsRecipients", s."Threshold", s."Unit", s."UpdatedAt", s."UpdatedBy", s."WarehouseId", s."WhatsAppRecipients"
FROM "StockAlertRules" AS s
WHERE s."IsActive" AND s."IsActive"
2026-06-03 20:10:05.559 +05:30 [INF] Microsoft.EntityFrameworkCore.Database.Command: Executed DbCommand (24ms) [Parameters=[@__now_0='?' (DbType = DateTime)], CommandType='"Text"', CommandTimeout='30']
SELECT t."Id", t."CompanyId", t."ConvertedToSubscriptionId", t."CreatedAt", t."CreatedBy", t."IsActive", t."IsConverted", t."IsExpired", t."LocationCount", t."TrialDays", t."TrialEndDate", t."TrialStartDate", t."UpdatedAt", t."UpdatedBy"
FROM "TrialPlans" AS t
WHERE t."IsActive" AND NOT (t."IsExpired") AND NOT (t."IsConverted") AND t."TrialEndDate" < @__now_0
2026-06-03 20:10:05.678 +05:30 [INF] Microsoft.EntityFrameworkCore.Database.Command: Executed DbCommand (12ms) [Parameters=[@__rule_ProductId_0='?' (DbType = Guid), @__rule_WarehouseId_1='?' (DbType = Guid)], CommandType='"Text"', CommandTimeout='30']
SELECT w."Id", w."CompanyId", w."CreatedAt", w."CreatedBy", w."InTransitQuantity", w."IsActive", w."LastMovementAt", w."LastPurchasedAt", w."LastSoldAt", w."MinStockLevel", w."PreferredSupplierId", w."ProductId", w."Quantity", w."ReorderLevel", w."ReservedQuantity", w."UpdatedAt", w."UpdatedBy", w."WarehouseId"
FROM "WarehouseStocks" AS w
WHERE w."IsActive" AND w."ProductId" = @__rule_ProductId_0 AND w."WarehouseId" = @__rule_WarehouseId_1
LIMIT 1
2026-06-03 20:10:05.716 +05:30 [INF] Microsoft.EntityFrameworkCore.Database.Command: Executed DbCommand (3ms) [Parameters=[@__rule_ProductId_0='?' (DbType = Guid)], CommandType='"Text"', CommandTimeout='30']
SELECT p."Id", p."Name", p."Kind"
FROM "Products" AS p
WHERE p."IsActive" AND p."Id" = @__rule_ProductId_0
LIMIT 1
2026-06-03 20:10:05.722 +05:30 [INF] Flowtap_Food.BackgroundJobs.FoodStockCheckService: Food stock alert triggered for Product Milk (RawMaterial): 0 < 3 litres
2026-06-03 20:10:05.759 +05:30 [INF] Hangfire.BackgroundJobServer: Starting Hangfire Server using job storage: 'PostgreSQL Server: Host: localhost, DB: flowtap_dev_food, Schema: hangfire'
2026-06-03 20:10:05.761 +05:30 [INF] Hangfire.BackgroundJobServer: Using the following options for PostgreSQL job storage:
2026-06-03 20:10:05.763 +05:30 [INF] Hangfire.BackgroundJobServer:     Queue poll interval: 00:00:15.
2026-06-03 20:10:05.764 +05:30 [INF] Microsoft.EntityFrameworkCore.Database.Command: Executed DbCommand (5ms) [Parameters=[@__rule_WarehouseId_0='?' (DbType = Guid)], CommandType='"Text"', CommandTimeout='30']
SELECT w."Id", w."Address", w."City", w."Code", w."CompanyId", w."Country", w."CreatedAt", w."CreatedBy", w."CurrentCapacityKg", w."CurrentCapacityUnits", w."HasRackSystem", w."IsActive", w."Latitude", w."LocationId", w."Longitude", w."ManagerEmployeeId", w."MaxCapacityKg", w."MaxCapacityUnits", w."Name", w."OpenFrom", w."OpenTo", w."PostalCode", w."State", w."Status", w."Type", w."UpdatedAt", w."UpdatedBy", w."WorkingDays"
FROM "Warehouses" AS w
WHERE w."IsActive" AND w."Id" = @__rule_WarehouseId_0
LIMIT 1
2026-06-03 20:10:05.765 +05:30 [INF] Hangfire.BackgroundJobServer:     Invisibility timeout: 00:30:00.
2026-06-03 20:10:05.773 +05:30 [INF] Hangfire.BackgroundJobServer:     Use sliding invisibility timeout: False.
2026-06-03 20:10:05.775 +05:30 [INF] Hangfire.BackgroundJobServer: Using the following options for Hangfire Server:
    Worker count: 20
    Listening queues: 'default'
    Shutdown timeout: 00:00:15
    Schedule polling interval: 00:00:15
2026-06-03 20:10:05.794 +05:30 [INF] Microsoft.EntityFrameworkCore.Database.Command: Executed DbCommand (5ms) [Parameters=[@__rule_CompanyId_0='?' (DbType = Guid)], CommandType='"Text"', CommandTimeout='30']
SELECT t."Id", t."ActiveModules", t."Address", t."BusinessType", t."Country", t."CreatedAt", t."CreatedBy", t."Currency", t."Email", t."IndustryType", t."IsActive", t."OwnerId", t."Phone", t."Requisites", t."SubDomain", t."Title", t."UpdatedAt", t."UpdatedBy", t."Website"
FROM "Tenants" AS t
WHERE t."Id" = @__rule_CompanyId_0
LIMIT 1
2026-06-03 20:10:05.799 +05:30 [DBG] Hangfire.Processing.BackgroundExecution: Execution loop BackgroundServerProcess:b6f6e238 has started in 6.5545 ms
2026-06-03 20:10:05.807 +05:30 [INF] Microsoft.EntityFrameworkCore.Database.Command: Executed DbCommand (1ms) [Parameters=[@__rule_ProductId_0='?' (DbType = Guid), @__rule_WarehouseId_1='?' (DbType = Guid)], CommandType='"Text"', CommandTimeout='30']
SELECT w."Id", w."CompanyId", w."CreatedAt", w."CreatedBy", w."InTransitQuantity", w."IsActive", w."LastMovementAt", w."LastPurchasedAt", w."LastSoldAt", w."MinStockLevel", w."PreferredSupplierId", w."ProductId", w."Quantity", w."ReorderLevel", w."ReservedQuantity", w."UpdatedAt", w."UpdatedBy", w."WarehouseId"
FROM "WarehouseStocks" AS w
WHERE w."IsActive" AND w."ProductId" = @__rule_ProductId_0 AND w."WarehouseId" = @__rule_WarehouseId_1
LIMIT 1
2026-06-03 20:10:05.824 +05:30 [INF] Microsoft.EntityFrameworkCore.Database.Command: Executed DbCommand (7ms) [Parameters=[@__userId_0='?' (DbType = Guid)], CommandType='"Text"', CommandTimeout='30']
SELECT u."Id", u."AccountType", u."CreatedAt", u."CreatedBy", u."Email", u."EmailVerificationToken", u."EmailVerificationTokenExpiresAt", u."IsActive", u."IsEmailVerified", u."OTP", u."OTPExpiresAt", u."PasswordHash", u."PhoneNumber", u."UpdatedAt", u."UpdatedBy"
FROM "UserAccounts" AS u
WHERE u."Id" = @__userId_0
LIMIT 1
2026-06-03 20:10:05.854 +05:30 [INF] Microsoft.EntityFrameworkCore.Database.Command: Executed DbCommand (13ms) [Parameters=[@__userId_0='?' (DbType = Guid)], CommandType='"Text"', CommandTimeout='30']
SELECT u."Id", u."AvatarUrl", u."Email", u."Name", u."Phone", u."UserAccountId"
FROM "UserProfiles" AS u
WHERE u."UserAccountId" = @__userId_0
LIMIT 1
2026-06-03 20:10:05.906 +05:30 [INF] Microsoft.EntityFrameworkCore.Database.Command: Executed DbCommand (2ms) [Parameters=[@__whId_0='?' (DbType = Guid)], CommandType='"Text"', CommandTimeout='30']
SELECT w."Id", w."Address", w."City", w."Code", w."CompanyId", w."Country", w."CreatedAt", w."CreatedBy", w."CurrentCapacityKg", w."CurrentCapacityUnits", w."HasRackSystem", w."IsActive", w."Latitude", w."LocationId", w."Longitude", w."ManagerEmployeeId", w."MaxCapacityKg", w."MaxCapacityUnits", w."Name", w."OpenFrom", w."OpenTo", w."PostalCode", w."State", w."Status", w."Type", w."UpdatedAt", w."UpdatedBy", w."WorkingDays"
FROM "Warehouses" AS w
WHERE w."IsActive" AND w."Id" = @__whId_0
LIMIT 1
2026-06-03 20:10:05.906 +05:30 [INF] Microsoft.EntityFrameworkCore.Database.Command: Executed DbCommand (1ms) [Parameters=[@__rule_ProductId_0='?' (DbType = Guid), @__rule_WarehouseId_1='?' (DbType = Guid)], CommandType='"Text"', CommandTimeout='30']
SELECT w."Id", w."CompanyId", w."CreatedAt", w."CreatedBy", w."InTransitQuantity", w."IsActive", w."LastMovementAt", w."LastPurchasedAt", w."LastSoldAt", w."MinStockLevel", w."PreferredSupplierId", w."ProductId", w."Quantity", w."ReorderLevel", w."ReservedQuantity", w."UpdatedAt", w."UpdatedBy", w."WarehouseId"
FROM "WarehouseStocks" AS w
WHERE w."IsActive" AND w."ProductId" = @__rule_ProductId_0 AND w."WarehouseId" = @__rule_WarehouseId_1
LIMIT 1
2026-06-03 20:10:05.938 +05:30 [INF] Microsoft.EntityFrameworkCore.Database.Command: Executed DbCommand (11ms) [Parameters=[@__employeeId_0='?' (DbType = Guid)], CommandType='"Text"', CommandTimeout='30']
SELECT e."Id", e."AccessPin", e."Comment", e."CompanyId", e."CreatedAt", e."CreatedBy", e."DefaultLocationId", e."Department", e."JobTitle", e."JoinedAt", e."Role", e."Salary", e."SalaryCurrency", e."SalaryType", e."Status", e."UpdatedAt", e."UpdatedBy", e."UserAccountId", e."VATIN"
FROM "Employees" AS e
WHERE e."Id" = @__employeeId_0
LIMIT 1
2026-06-03 20:10:05.949 +05:30 [INF] Microsoft.EntityFrameworkCore.Database.Command: Executed DbCommand (3ms) [Parameters=[@__userId_0='?' (DbType = Guid)], CommandType='"Text"', CommandTimeout='30']
SELECT u."Id", u."AccountType", u."CreatedAt", u."CreatedBy", u."Email", u."EmailVerificationToken", u."EmailVerificationTokenExpiresAt", u."IsActive", u."IsEmailVerified", u."OTP", u."OTPExpiresAt", u."PasswordHash", u."PhoneNumber", u."UpdatedAt", u."UpdatedBy"
FROM "UserAccounts" AS u
WHERE u."Id" = @__userId_0
LIMIT 1
2026-06-03 20:10:05.957 +05:30 [INF] Microsoft.EntityFrameworkCore.Database.Command: Executed DbCommand (1ms) [Parameters=[@__userId_0='?' (DbType = Guid)], CommandType='"Text"', CommandTimeout='30']
SELECT u."Id", u."AvatarUrl", u."Email", u."Name", u."Phone", u."UserAccountId"
FROM "UserProfiles" AS u
WHERE u."UserAccountId" = @__userId_0
LIMIT 1
2026-06-03 20:10:05.966 +05:30 [INF] Microsoft.EntityFrameworkCore.Database.Command: Executed DbCommand (1ms) [Parameters=[@__whId_0='?' (DbType = Guid)], CommandType='"Text"', CommandTimeout='30']
SELECT w."Id", w."Address", w."City", w."Code", w."CompanyId", w."Country", w."CreatedAt", w."CreatedBy", w."CurrentCapacityKg", w."CurrentCapacityUnits", w."HasRackSystem", w."IsActive", w."Latitude", w."LocationId", w."Longitude", w."ManagerEmployeeId", w."MaxCapacityKg", w."MaxCapacityUnits", w."Name", w."OpenFrom", w."OpenTo", w."PostalCode", w."State", w."Status", w."Type", w."UpdatedAt", w."UpdatedBy", w."WorkingDays"
FROM "Warehouses" AS w
WHERE w."IsActive" AND w."Id" = @__whId_0
LIMIT 1
2026-06-03 20:10:05.977 +05:30 [INF] Microsoft.EntityFrameworkCore.Database.Command: Executed DbCommand (2ms) [Parameters=[@__employeeId_0='?' (DbType = Guid)], CommandType='"Text"', CommandTimeout='30']
SELECT e."Id", e."AccessPin", e."Comment", e."CompanyId", e."CreatedAt", e."CreatedBy", e."DefaultLocationId", e."Department", e."JobTitle", e."JoinedAt", e."Role", e."Salary", e."SalaryCurrency", e."SalaryType", e."Status", e."UpdatedAt", e."UpdatedBy", e."UserAccountId", e."VATIN"
FROM "Employees" AS e
WHERE e."Id" = @__employeeId_0
LIMIT 1
2026-06-03 20:10:05.984 +05:30 [INF] Microsoft.EntityFrameworkCore.Database.Command: Executed DbCommand (1ms) [Parameters=[@__userId_0='?' (DbType = Guid)], CommandType='"Text"', CommandTimeout='30']
SELECT u."Id", u."AccountType", u."CreatedAt", u."CreatedBy", u."Email", u."EmailVerificationToken", u."EmailVerificationTokenExpiresAt", u."IsActive", u."IsEmailVerified", u."OTP", u."OTPExpiresAt", u."PasswordHash", u."PhoneNumber", u."UpdatedAt", u."UpdatedBy"
FROM "UserAccounts" AS u
WHERE u."Id" = @__userId_0
LIMIT 1
2026-06-03 20:10:05.994 +05:30 [INF] Microsoft.EntityFrameworkCore.Database.Command: Executed DbCommand (2ms) [Parameters=[@__userId_0='?' (DbType = Guid)], CommandType='"Text"', CommandTimeout='30']
SELECT u."Id", u."AvatarUrl", u."Email", u."Name", u."Phone", u."UserAccountId"
FROM "UserProfiles" AS u
WHERE u."UserAccountId" = @__userId_0
LIMIT 1
2026-06-03 20:10:06.003 +05:30 [INF] Microsoft.EntityFrameworkCore.Database.Command: Executed DbCommand (1ms) [Parameters=[@__whId_0='?' (DbType = Guid)], CommandType='"Text"', CommandTimeout='30']
SELECT w."Id", w."Address", w."City", w."Code", w."CompanyId", w."Country", w."CreatedAt", w."CreatedBy", w."CurrentCapacityKg", w."CurrentCapacityUnits", w."HasRackSystem", w."IsActive", w."Latitude", w."LocationId", w."Longitude", w."ManagerEmployeeId", w."MaxCapacityKg", w."MaxCapacityUnits", w."Name", w."OpenFrom", w."OpenTo", w."PostalCode", w."State", w."Status", w."Type", w."UpdatedAt", w."UpdatedBy", w."WorkingDays"
FROM "Warehouses" AS w
WHERE w."IsActive" AND w."Id" = @__whId_0
LIMIT 1
2026-06-03 20:10:06.012 +05:30 [INF] Microsoft.EntityFrameworkCore.Database.Command: Executed DbCommand (1ms) [Parameters=[@__employeeId_0='?' (DbType = Guid)], CommandType='"Text"', CommandTimeout='30']
SELECT e."Id", e."AccessPin", e."Comment", e."CompanyId", e."CreatedAt", e."CreatedBy", e."DefaultLocationId", e."Department", e."JobTitle", e."JoinedAt", e."Role", e."Salary", e."SalaryCurrency", e."SalaryType", e."Status", e."UpdatedAt", e."UpdatedBy", e."UserAccountId", e."VATIN"
FROM "Employees" AS e
WHERE e."Id" = @__employeeId_0
LIMIT 1
2026-06-03 20:10:06.020 +05:30 [INF] Microsoft.EntityFrameworkCore.Database.Command: Executed DbCommand (1ms) [Parameters=[@__userId_0='?' (DbType = Guid)], CommandType='"Text"', CommandTimeout='30']
SELECT u."Id", u."AccountType", u."CreatedAt", u."CreatedBy", u."Email", u."EmailVerificationToken", u."EmailVerificationTokenExpiresAt", u."IsActive", u."IsEmailVerified", u."OTP", u."OTPExpiresAt", u."PasswordHash", u."PhoneNumber", u."UpdatedAt", u."UpdatedBy"
FROM "UserAccounts" AS u
WHERE u."Id" = @__userId_0
LIMIT 1
2026-06-03 20:10:06.030 +05:30 [INF] Microsoft.EntityFrameworkCore.Database.Command: Executed DbCommand (1ms) [Parameters=[@__userId_0='?' (DbType = Guid)], CommandType='"Text"', CommandTimeout='30']
SELECT u."Id", u."AvatarUrl", u."Email", u."Name", u."Phone", u."UserAccountId"
FROM "UserProfiles" AS u
WHERE u."UserAccountId" = @__userId_0
LIMIT 1
2026-06-03 20:10:06.070 +05:30 [INF] Microsoft.EntityFrameworkCore.Database.Command: Executed DbCommand (26ms) [Parameters=[@__8__locals1_storeId_Value_0='?' (DbType = Guid)], CommandType='"Text"', CommandTimeout='30']
SELECT e."EmployeeId"
FROM "EmployeeLocationAccesses" AS e
WHERE e."StoreId" = @__8__locals1_storeId_Value_0 AND e."HasAccess"
2026-06-03 20:10:06.262 +05:30 [INF] Microsoft.EntityFrameworkCore.Database.Command: Executed DbCommand (126ms) [Parameters=[@__employeeIds_0='?' (DbType = Object), @__8__locals1_employeeRolesToQuery_1='?' (DbType = Object)], CommandType='"Text"', CommandTimeout='30']
SELECT e."Id", e."AccessPin", e."Comment", e."CompanyId", e."CreatedAt", e."CreatedBy", e."DefaultLocationId", e."Department", e."JobTitle", e."JoinedAt", e."Role", e."Salary", e."SalaryCurrency", e."SalaryType", e."Status", e."UpdatedAt", e."UpdatedBy", e."UserAccountId", e."VATIN"
FROM "Employees" AS e
WHERE e."Id" = ANY (@__employeeIds_0) AND e."Role" IS NOT NULL AND e."Role" = ANY (@__8__locals1_employeeRolesToQuery_1)
2026-06-03 20:10:06.285 +05:30 [INF] Microsoft.EntityFrameworkCore.Database.Command: Executed DbCommand (2ms) [Parameters=[@__userAccountIds_0='?' (DbType = Object)], CommandType='"Text"', CommandTimeout='30']
SELECT u."Id", u."AccountType", u."CreatedAt", u."CreatedBy", u."Email", u."EmailVerificationToken", u."EmailVerificationTokenExpiresAt", u."IsActive", u."IsEmailVerified", u."OTP", u."OTPExpiresAt", u."PasswordHash", u."PhoneNumber", u."UpdatedAt", u."UpdatedBy"
FROM "UserAccounts" AS u
WHERE u."Id" = ANY (@__userAccountIds_0)
2026-06-03 20:10:06.325 +05:30 [INF] Hangfire.Server.BackgroundServerProcess: Server antonyraj:30600:0e85fd10 successfully announced in 509.5694 ms
2026-06-03 20:10:06.331 +05:30 [DBG] Hangfire.Processing.BackgroundExecution: Execution loop ServerHeartbeatProcess:762a909c has started in 1.7905 ms
2026-06-03 20:10:06.332 +05:30 [INF] Hangfire.Server.BackgroundServerProcess: Server antonyraj:30600:0e85fd10 is starting the registered dispatchers: ServerWatchdog, ServerJobCancellationWatcher, ExpirationManager, CountersAggregator, Worker, DelayedJobScheduler, RecurringJobScheduler...
2026-06-03 20:10:06.336 +05:30 [DBG] Hangfire.Processing.BackgroundExecution: Execution loop ServerWatchdog:fc00aa94 has started in 0.6739 ms
2026-06-03 20:10:06.336 +05:30 [DBG] Hangfire.Processing.BackgroundExecution: Execution loop ServerJobCancellationWatcher:57a1da0c has started in 0.4709 ms
2026-06-03 20:10:06.337 +05:30 [DBG] Hangfire.Processing.BackgroundExecution: Execution loop ExpirationManager:f55e3693 has started in 0.4964 ms
2026-06-03 20:10:06.338 +05:30 [DBG] Hangfire.Processing.BackgroundExecution: Execution loop CountersAggregator:f2e6b0d7 has started in 0.5034 ms
2026-06-03 20:10:06.339 +05:30 [DBG] Hangfire.Processing.BackgroundExecution: Execution loop Worker:9cdddc13 has started in 0.9339 ms
2026-06-03 20:10:06.339 +05:30 [DBG] Hangfire.Processing.BackgroundExecution: Execution loop Worker:46a927aa has started in 1.4146 ms
2026-06-03 20:10:06.340 +05:30 [DBG] Hangfire.Processing.BackgroundExecution: Execution loop Worker:18d3fe85 has started in 1.8049 ms
2026-06-03 20:10:06.340 +05:30 [DBG] Hangfire.Processing.BackgroundExecution: Execution loop Worker:2d276e4d has started in 2.3624 ms
2026-06-03 20:10:06.341 +05:30 [DBG] Hangfire.Processing.BackgroundExecution: Execution loop Worker:3b1d4374 has started in 3.0044 ms
2026-06-03 20:10:06.342 +05:30 [DBG] Hangfire.Processing.BackgroundExecution: Execution loop Worker:57f2e284 has started in 3.5842 ms
2026-06-03 20:10:06.342 +05:30 [DBG] Hangfire.Processing.BackgroundExecution: Execution loop Worker:741c68af has started in 4.176 ms
2026-06-03 20:10:06.343 +05:30 [DBG] Hangfire.Processing.BackgroundExecution: Execution loop Worker:bb387e27 has started in 5.1957 ms
2026-06-03 20:10:06.344 +05:30 [DBG] Hangfire.Processing.BackgroundExecution: Execution loop Worker:0cb804b4 has started in 5.6185 ms
2026-06-03 20:10:06.345 +05:30 [DBG] Hangfire.Processing.BackgroundExecution: Execution loop Worker:a9c51297 has started in 7.1615 ms
2026-06-03 20:10:06.346 +05:30 [DBG] Hangfire.PostgreSql.ExpirationManager: Removing outdated records from table 'aggregatedcounter'...
2026-06-03 20:10:06.346 +05:30 [DBG] Hangfire.Processing.BackgroundExecution: Execution loop Worker:be8402c8 has started in 8.366 ms
2026-06-03 20:10:06.347 +05:30 [DBG] Hangfire.Processing.BackgroundExecution: Execution loop Worker:00f18bf4 has started in 8.9232 ms
2026-06-03 20:10:06.348 +05:30 [DBG] Hangfire.Processing.BackgroundExecution: Execution loop Worker:9008bd6d has started in 9.9908 ms
2026-06-03 20:10:06.348 +05:30 [DBG] Hangfire.PostgreSql.CountersAggregator: Aggregating records in 'Counter' table...
2026-06-03 20:10:06.349 +05:30 [DBG] Hangfire.Processing.BackgroundExecution: Execution loop Worker:bf55c63f has started in 10.8187 ms
2026-06-03 20:10:06.349 +05:30 [DBG] Hangfire.Processing.BackgroundExecution: Execution loop Worker:2b3bdfca has started in 11.3683 ms
2026-06-03 20:10:06.350 +05:30 [DBG] Hangfire.Processing.BackgroundExecution: Execution loop Worker:c204f6c6 has started in 11.7869 ms
2026-06-03 20:10:06.350 +05:30 [DBG] Hangfire.Processing.BackgroundExecution: Execution loop Worker:89cf0eb7 has started in 12.2503 ms
2026-06-03 20:10:06.351 +05:30 [DBG] Hangfire.Processing.BackgroundExecution: Execution loop Worker:6c8d1623 has started in 12.8236 ms
2026-06-03 20:10:06.352 +05:30 [DBG] Hangfire.Processing.BackgroundExecution: Execution loop Worker:25eabec5 has started in 13.4769 ms
2026-06-03 20:10:06.352 +05:30 [DBG] Hangfire.Processing.BackgroundExecution: Execution loop Worker:7d177956 has started in 14.0344 ms
2026-06-03 20:10:06.353 +05:30 [DBG] Hangfire.Processing.BackgroundExecution: Execution loop DelayedJobScheduler:9ee6a781 has started in 1.2524 ms
2026-06-03 20:10:06.354 +05:30 [INF] Hangfire.Server.BackgroundServerProcess: Server antonyraj:30600:0e85fd10 all the dispatchers started
2026-06-03 20:10:06.354 +05:30 [DBG] Hangfire.Processing.BackgroundExecution: Execution loop RecurringJobScheduler:b734b773 has started in 0.8457 ms
2026-06-03 20:10:06.431 +05:30 [INF] Microsoft.EntityFrameworkCore.Database.Command: Executed DbCommand (4ms) [Parameters=[@__rule_ProductId_0='?' (DbType = Guid), @__rule_WarehouseId_1='?' (DbType = Guid)], CommandType='"Text"', CommandTimeout='30']
SELECT w."Id", w."CompanyId", w."CreatedAt", w."CreatedBy", w."InTransitQuantity", w."IsActive", w."LastMovementAt", w."LastPurchasedAt", w."LastSoldAt", w."MinStockLevel", w."PreferredSupplierId", w."ProductId", w."Quantity", w."ReorderLevel", w."ReservedQuantity", w."UpdatedAt", w."UpdatedBy", w."WarehouseId"
FROM "WarehouseStocks" AS w
WHERE w."IsActive" AND w."ProductId" = @__rule_ProductId_0 AND w."WarehouseId" = @__rule_WarehouseId_1
LIMIT 1
2026-06-03 20:10:06.577 +05:30 [INF] Microsoft.EntityFrameworkCore.Database.Command: Executed DbCommand (7ms) [Parameters=[@__rule_ProductId_0='?' (DbType = Guid)], CommandType='"Text"', CommandTimeout='30']
SELECT p."Id", p."Name", p."Kind"
FROM "Products" AS p
WHERE p."IsActive" AND p."Id" = @__rule_ProductId_0
LIMIT 1
2026-06-03 20:10:06.581 +05:30 [INF] Flowtap_Food.BackgroundJobs.FoodStockCheckService: Food stock alert triggered for Product Belgian Chocolate Scoop (Single) (FinalProduct): 8.0000 < 10 boxes
2026-06-03 20:10:06.588 +05:30 [INF] Microsoft.EntityFrameworkCore.Database.Command: Executed DbCommand (1ms) [Parameters=[@__rule_WarehouseId_0='?' (DbType = Guid)], CommandType='"Text"', CommandTimeout='30']
SELECT w."Id", w."Address", w."City", w."Code", w."CompanyId", w."Country", w."CreatedAt", w."CreatedBy", w."CurrentCapacityKg", w."CurrentCapacityUnits", w."HasRackSystem", w."IsActive", w."Latitude", w."LocationId", w."Longitude", w."ManagerEmployeeId", w."MaxCapacityKg", w."MaxCapacityUnits", w."Name", w."OpenFrom", w."OpenTo", w."PostalCode", w."State", w."Status", w."Type", w."UpdatedAt", w."UpdatedBy", w."WorkingDays"
FROM "Warehouses" AS w
WHERE w."IsActive" AND w."Id" = @__rule_WarehouseId_0
LIMIT 1
2026-06-03 20:10:06.599 +05:30 [INF] Microsoft.EntityFrameworkCore.Database.Command: Executed DbCommand (4ms) [Parameters=[@__rule_CompanyId_0='?' (DbType = Guid)], CommandType='"Text"', CommandTimeout='30']
SELECT t."Id", t."ActiveModules", t."Address", t."BusinessType", t."Country", t."CreatedAt", t."CreatedBy", t."Currency", t."Email", t."IndustryType", t."IsActive", t."OwnerId", t."Phone", t."Requisites", t."SubDomain", t."Title", t."UpdatedAt", t."UpdatedBy", t."Website"
FROM "Tenants" AS t
WHERE t."Id" = @__rule_CompanyId_0
LIMIT 1
2026-06-03 20:10:06.608 +05:30 [INF] Microsoft.EntityFrameworkCore.Database.Command: Executed DbCommand (1ms) [Parameters=[@__userId_0='?' (DbType = Guid)], CommandType='"Text"', CommandTimeout='30']
SELECT u."Id", u."AccountType", u."CreatedAt", u."CreatedBy", u."Email", u."EmailVerificationToken", u."EmailVerificationTokenExpiresAt", u."IsActive", u."IsEmailVerified", u."OTP", u."OTPExpiresAt", u."PasswordHash", u."PhoneNumber", u."UpdatedAt", u."UpdatedBy"
FROM "UserAccounts" AS u
WHERE u."Id" = @__userId_0
LIMIT 1
2026-06-03 20:10:06.618 +05:30 [INF] Microsoft.EntityFrameworkCore.Database.Command: Executed DbCommand (3ms) [Parameters=[@__userId_0='?' (DbType = Guid)], CommandType='"Text"', CommandTimeout='30']
SELECT u."Id", u."AvatarUrl", u."Email", u."Name", u."Phone", u."UserAccountId"
FROM "UserProfiles" AS u
WHERE u."UserAccountId" = @__userId_0
LIMIT 1
2026-06-03 20:10:06.627 +05:30 [INF] Microsoft.EntityFrameworkCore.Database.Command: Executed DbCommand (2ms) [Parameters=[@__whId_0='?' (DbType = Guid)], CommandType='"Text"', CommandTimeout='30']
SELECT w."Id", w."Address", w."City", w."Code", w."CompanyId", w."Country", w."CreatedAt", w."CreatedBy", w."CurrentCapacityKg", w."CurrentCapacityUnits", w."HasRackSystem", w."IsActive", w."Latitude", w."LocationId", w."Longitude", w."ManagerEmployeeId", w."MaxCapacityKg", w."MaxCapacityUnits", w."Name", w."OpenFrom", w."OpenTo", w."PostalCode", w."State", w."Status", w."Type", w."UpdatedAt", w."UpdatedBy", w."WorkingDays"
FROM "Warehouses" AS w
WHERE w."IsActive" AND w."Id" = @__whId_0
LIMIT 1
2026-06-03 20:10:06.638 +05:30 [INF] Microsoft.EntityFrameworkCore.Database.Command: Executed DbCommand (3ms) [Parameters=[@__employeeId_0='?' (DbType = Guid)], CommandType='"Text"', CommandTimeout='30']
SELECT e."Id", e."AccessPin", e."Comment", e."CompanyId", e."CreatedAt", e."CreatedBy", e."DefaultLocationId", e."Department", e."JobTitle", e."JoinedAt", e."Role", e."Salary", e."SalaryCurrency", e."SalaryType", e."Status", e."UpdatedAt", e."UpdatedBy", e."UserAccountId", e."VATIN"
FROM "Employees" AS e
WHERE e."Id" = @__employeeId_0
LIMIT 1
2026-06-03 20:10:06.646 +05:30 [INF] Microsoft.EntityFrameworkCore.Database.Command: Executed DbCommand (1ms) [Parameters=[@__userId_0='?' (DbType = Guid)], CommandType='"Text"', CommandTimeout='30']
SELECT u."Id", u."AccountType", u."CreatedAt", u."CreatedBy", u."Email", u."EmailVerificationToken", u."EmailVerificationTokenExpiresAt", u."IsActive", u."IsEmailVerified", u."OTP", u."OTPExpiresAt", u."PasswordHash", u."PhoneNumber", u."UpdatedAt", u."UpdatedBy"
FROM "UserAccounts" AS u
WHERE u."Id" = @__userId_0
LIMIT 1
2026-06-03 20:10:06.652 +05:30 [INF] Microsoft.EntityFrameworkCore.Database.Command: Executed DbCommand (1ms) [Parameters=[@__userId_0='?' (DbType = Guid)], CommandType='"Text"', CommandTimeout='30']
SELECT u."Id", u."AvatarUrl", u."Email", u."Name", u."Phone", u."UserAccountId"
FROM "UserProfiles" AS u
WHERE u."UserAccountId" = @__userId_0
LIMIT 1
2026-06-03 20:10:06.657 +05:30 [INF] Microsoft.EntityFrameworkCore.Database.Command: Executed DbCommand (1ms) [Parameters=[@__whId_0='?' (DbType = Guid)], CommandType='"Text"', CommandTimeout='30']
SELECT w."Id", w."Address", w."City", w."Code", w."CompanyId", w."Country", w."CreatedAt", w."CreatedBy", w."CurrentCapacityKg", w."CurrentCapacityUnits", w."HasRackSystem", w."IsActive", w."Latitude", w."LocationId", w."Longitude", w."ManagerEmployeeId", w."MaxCapacityKg", w."MaxCapacityUnits", w."Name", w."OpenFrom", w."OpenTo", w."PostalCode", w."State", w."Status", w."Type", w."UpdatedAt", w."UpdatedBy", w."WorkingDays"
FROM "Warehouses" AS w
WHERE w."IsActive" AND w."Id" = @__whId_0
LIMIT 1
2026-06-03 20:10:06.663 +05:30 [INF] Microsoft.EntityFrameworkCore.Database.Command: Executed DbCommand (1ms) [Parameters=[@__employeeId_0='?' (DbType = Guid)], CommandType='"Text"', CommandTimeout='30']
SELECT e."Id", e."AccessPin", e."Comment", e."CompanyId", e."CreatedAt", e."CreatedBy", e."DefaultLocationId", e."Department", e."JobTitle", e."JoinedAt", e."Role", e."Salary", e."SalaryCurrency", e."SalaryType", e."Status", e."UpdatedAt", e."UpdatedBy", e."UserAccountId", e."VATIN"
FROM "Employees" AS e
WHERE e."Id" = @__employeeId_0
LIMIT 1
2026-06-03 20:10:06.671 +05:30 [INF] Microsoft.EntityFrameworkCore.Database.Command: Executed DbCommand (1ms) [Parameters=[@__userId_0='?' (DbType = Guid)], CommandType='"Text"', CommandTimeout='30']
SELECT u."Id", u."AccountType", u."CreatedAt", u."CreatedBy", u."Email", u."EmailVerificationToken", u."EmailVerificationTokenExpiresAt", u."IsActive", u."IsEmailVerified", u."OTP", u."OTPExpiresAt", u."PasswordHash", u."PhoneNumber", u."UpdatedAt", u."UpdatedBy"
FROM "UserAccounts" AS u
WHERE u."Id" = @__userId_0
LIMIT 1
2026-06-03 20:10:06.680 +05:30 [INF] Microsoft.EntityFrameworkCore.Database.Command: Executed DbCommand (1ms) [Parameters=[@__userId_0='?' (DbType = Guid)], CommandType='"Text"', CommandTimeout='30']
SELECT u."Id", u."AvatarUrl", u."Email", u."Name", u."Phone", u."UserAccountId"
FROM "UserProfiles" AS u
WHERE u."UserAccountId" = @__userId_0
LIMIT 1
2026-06-03 20:10:06.692 +05:30 [INF] Microsoft.EntityFrameworkCore.Database.Command: Executed DbCommand (4ms) [Parameters=[@__rule_ProductId_0='?' (DbType = Guid), @__rule_WarehouseId_1='?' (DbType = Guid)], CommandType='"Text"', CommandTimeout='30']
SELECT w."Id", w."CompanyId", w."CreatedAt", w."CreatedBy", w."InTransitQuantity", w."IsActive", w."LastMovementAt", w."LastPurchasedAt", w."LastSoldAt", w."MinStockLevel", w."PreferredSupplierId", w."ProductId", w."Quantity", w."ReorderLevel", w."ReservedQuantity", w."UpdatedAt", w."UpdatedBy", w."WarehouseId"
FROM "WarehouseStocks" AS w
WHERE w."IsActive" AND w."ProductId" = @__rule_ProductId_0 AND w."WarehouseId" = @__rule_WarehouseId_1
LIMIT 1
2026-06-03 20:10:06.704 +05:30 [INF] Microsoft.EntityFrameworkCore.Database.Command: Executed DbCommand (4ms) [Parameters=[@__rule_ProductId_0='?' (DbType = Guid)], CommandType='"Text"', CommandTimeout='30']
SELECT p."Id", p."Name", p."Kind"
FROM "Products" AS p
WHERE p."IsActive" AND p."Id" = @__rule_ProductId_0
LIMIT 1
2026-06-03 20:10:06.709 +05:30 [INF] Flowtap_Food.BackgroundJobs.FoodStockCheckService: Food stock alert triggered for Product Belgian Chocolate Scoop (Single) (FinalProduct): 0 < 5 kg
2026-06-03 20:10:06.717 +05:30 [INF] Microsoft.EntityFrameworkCore.Database.Command: Executed DbCommand (1ms) [Parameters=[@__rule_WarehouseId_0='?' (DbType = Guid)], CommandType='"Text"', CommandTimeout='30']
SELECT w."Id", w."Address", w."City", w."Code", w."CompanyId", w."Country", w."CreatedAt", w."CreatedBy", w."CurrentCapacityKg", w."CurrentCapacityUnits", w."HasRackSystem", w."IsActive", w."Latitude", w."LocationId", w."Longitude", w."ManagerEmployeeId", w."MaxCapacityKg", w."MaxCapacityUnits", w."Name", w."OpenFrom", w."OpenTo", w."PostalCode", w."State", w."Status", w."Type", w."UpdatedAt", w."UpdatedBy", w."WorkingDays"
FROM "Warehouses" AS w
WHERE w."IsActive" AND w."Id" = @__rule_WarehouseId_0
LIMIT 1
2026-06-03 20:10:06.727 +05:30 [INF] Microsoft.EntityFrameworkCore.Database.Command: Executed DbCommand (2ms) [Parameters=[@__rule_CompanyId_0='?' (DbType = Guid)], CommandType='"Text"', CommandTimeout='30']
SELECT t."Id", t."ActiveModules", t."Address", t."BusinessType", t."Country", t."CreatedAt", t."CreatedBy", t."Currency", t."Email", t."IndustryType", t."IsActive", t."OwnerId", t."Phone", t."Requisites", t."SubDomain", t."Title", t."UpdatedAt", t."UpdatedBy", t."Website"
FROM "Tenants" AS t
WHERE t."Id" = @__rule_CompanyId_0
LIMIT 1
2026-06-03 20:10:06.736 +05:30 [INF] Microsoft.EntityFrameworkCore.Database.Command: Executed DbCommand (1ms) [Parameters=[@__userId_0='?' (DbType = Guid)], CommandType='"Text"', CommandTimeout='30']
SELECT u."Id", u."AccountType", u."CreatedAt", u."CreatedBy", u."Email", u."EmailVerificationToken", u."EmailVerificationTokenExpiresAt", u."IsActive", u."IsEmailVerified", u."OTP", u."OTPExpiresAt", u."PasswordHash", u."PhoneNumber", u."UpdatedAt", u."UpdatedBy"
FROM "UserAccounts" AS u
WHERE u."Id" = @__userId_0
LIMIT 1
2026-06-03 20:10:06.746 +05:30 [INF] Microsoft.EntityFrameworkCore.Database.Command: Executed DbCommand (4ms) [Parameters=[@__userId_0='?' (DbType = Guid)], CommandType='"Text"', CommandTimeout='30']
SELECT u."Id", u."AvatarUrl", u."Email", u."Name", u."Phone", u."UserAccountId"
FROM "UserProfiles" AS u
WHERE u."UserAccountId" = @__userId_0
LIMIT 1
2026-06-03 20:10:06.754 +05:30 [INF] Microsoft.EntityFrameworkCore.Database.Command: Executed DbCommand (1ms) [Parameters=[@__whId_0='?' (DbType = Guid)], CommandType='"Text"', CommandTimeout='30']
SELECT w."Id", w."Address", w."City", w."Code", w."CompanyId", w."Country", w."CreatedAt", w."CreatedBy", w."CurrentCapacityKg", w."CurrentCapacityUnits", w."HasRackSystem", w."IsActive", w."Latitude", w."LocationId", w."Longitude", w."ManagerEmployeeId", w."MaxCapacityKg", w."MaxCapacityUnits", w."Name", w."OpenFrom", w."OpenTo", w."PostalCode", w."State", w."Status", w."Type", w."UpdatedAt", w."UpdatedBy", w."WorkingDays"
FROM "Warehouses" AS w
WHERE w."IsActive" AND w."Id" = @__whId_0
LIMIT 1
2026-06-03 20:10:06.763 +05:30 [INF] Microsoft.EntityFrameworkCore.Database.Command: Executed DbCommand (3ms) [Parameters=[@__employeeId_0='?' (DbType = Guid)], CommandType='"Text"', CommandTimeout='30']
SELECT e."Id", e."AccessPin", e."Comment", e."CompanyId", e."CreatedAt", e."CreatedBy", e."DefaultLocationId", e."Department", e."JobTitle", e."JoinedAt", e."Role", e."Salary", e."SalaryCurrency", e."SalaryType", e."Status", e."UpdatedAt", e."UpdatedBy", e."UserAccountId", e."VATIN"
FROM "Employees" AS e
WHERE e."Id" = @__employeeId_0
LIMIT 1
2026-06-03 20:10:06.771 +05:30 [INF] Microsoft.EntityFrameworkCore.Database.Command: Executed DbCommand (1ms) [Parameters=[@__userId_0='?' (DbType = Guid)], CommandType='"Text"', CommandTimeout='30']
SELECT u."Id", u."AccountType", u."CreatedAt", u."CreatedBy", u."Email", u."EmailVerificationToken", u."EmailVerificationTokenExpiresAt", u."IsActive", u."IsEmailVerified", u."OTP", u."OTPExpiresAt", u."PasswordHash", u."PhoneNumber", u."UpdatedAt", u."UpdatedBy"
FROM "UserAccounts" AS u
WHERE u."Id" = @__userId_0
LIMIT 1
2026-06-03 20:10:06.781 +05:30 [INF] Microsoft.EntityFrameworkCore.Database.Command: Executed DbCommand (1ms) [Parameters=[@__userId_0='?' (DbType = Guid)], CommandType='"Text"', CommandTimeout='30']
SELECT u."Id", u."AvatarUrl", u."Email", u."Name", u."Phone", u."UserAccountId"
FROM "UserProfiles" AS u
WHERE u."UserAccountId" = @__userId_0
LIMIT 1
2026-06-03 20:10:06.789 +05:30 [INF] Microsoft.EntityFrameworkCore.Database.Command: Executed DbCommand (1ms) [Parameters=[@__whId_0='?' (DbType = Guid)], CommandType='"Text"', CommandTimeout='30']
SELECT w."Id", w."Address", w."City", w."Code", w."CompanyId", w."Country", w."CreatedAt", w."CreatedBy", w."CurrentCapacityKg", w."CurrentCapacityUnits", w."HasRackSystem", w."IsActive", w."Latitude", w."LocationId", w."Longitude", w."ManagerEmployeeId", w."MaxCapacityKg", w."MaxCapacityUnits", w."Name", w."OpenFrom", w."OpenTo", w."PostalCode", w."State", w."Status", w."Type", w."UpdatedAt", w."UpdatedBy", w."WorkingDays"
FROM "Warehouses" AS w
WHERE w."IsActive" AND w."Id" = @__whId_0
LIMIT 1
2026-06-03 20:10:06.798 +05:30 [INF] Microsoft.EntityFrameworkCore.Database.Command: Executed DbCommand (1ms) [Parameters=[@__employeeId_0='?' (DbType = Guid)], CommandType='"Text"', CommandTimeout='30']
SELECT e."Id", e."AccessPin", e."Comment", e."CompanyId", e."CreatedAt", e."CreatedBy", e."DefaultLocationId", e."Department", e."JobTitle", e."JoinedAt", e."Role", e."Salary", e."SalaryCurrency", e."SalaryType", e."Status", e."UpdatedAt", e."UpdatedBy", e."UserAccountId", e."VATIN"
FROM "Employees" AS e
WHERE e."Id" = @__employeeId_0
LIMIT 1
2026-06-03 20:10:06.806 +05:30 [INF] Microsoft.EntityFrameworkCore.Database.Command: Executed DbCommand (1ms) [Parameters=[@__userId_0='?' (DbType = Guid)], CommandType='"Text"', CommandTimeout='30']
SELECT u."Id", u."AccountType", u."CreatedAt", u."CreatedBy", u."Email", u."EmailVerificationToken", u."EmailVerificationTokenExpiresAt", u."IsActive", u."IsEmailVerified", u."OTP", u."OTPExpiresAt", u."PasswordHash", u."PhoneNumber", u."UpdatedAt", u."UpdatedBy"
FROM "UserAccounts" AS u
WHERE u."Id" = @__userId_0
LIMIT 1
2026-06-03 20:10:06.815 +05:30 [INF] Microsoft.EntityFrameworkCore.Database.Command: Executed DbCommand (1ms) [Parameters=[@__userId_0='?' (DbType = Guid)], CommandType='"Text"', CommandTimeout='30']
SELECT u."Id", u."AvatarUrl", u."Email", u."Name", u."Phone", u."UserAccountId"
FROM "UserProfiles" AS u
WHERE u."UserAccountId" = @__userId_0
LIMIT 1
2026-06-03 20:10:06.823 +05:30 [INF] Microsoft.EntityFrameworkCore.Database.Command: Executed DbCommand (2ms) [Parameters=[@__whId_0='?' (DbType = Guid)], CommandType='"Text"', CommandTimeout='30']
SELECT w."Id", w."Address", w."City", w."Code", w."CompanyId", w."Country", w."CreatedAt", w."CreatedBy", w."CurrentCapacityKg", w."CurrentCapacityUnits", w."HasRackSystem", w."IsActive", w."Latitude", w."LocationId", w."Longitude", w."ManagerEmployeeId", w."MaxCapacityKg", w."MaxCapacityUnits", w."Name", w."OpenFrom", w."OpenTo", w."PostalCode", w."State", w."Status", w."Type", w."UpdatedAt", w."UpdatedBy", w."WorkingDays"
FROM "Warehouses" AS w
WHERE w."IsActive" AND w."Id" = @__whId_0
LIMIT 1
2026-06-03 20:10:06.878 +05:30 [INF] Microsoft.EntityFrameworkCore.Database.Command: Executed DbCommand (2ms) [Parameters=[@__employeeId_0='?' (DbType = Guid)], CommandType='"Text"', CommandTimeout='30']
SELECT e."Id", e."AccessPin", e."Comment", e."CompanyId", e."CreatedAt", e."CreatedBy", e."DefaultLocationId", e."Department", e."JobTitle", e."JoinedAt", e."Role", e."Salary", e."SalaryCurrency", e."SalaryType", e."Status", e."UpdatedAt", e."UpdatedBy", e."UserAccountId", e."VATIN"
FROM "Employees" AS e
WHERE e."Id" = @__employeeId_0
LIMIT 1
2026-06-03 20:10:07.093 +05:30 [INF] Microsoft.EntityFrameworkCore.Database.Command: Executed DbCommand (2ms) [Parameters=[@__userId_0='?' (DbType = Guid)], CommandType='"Text"', CommandTimeout='30']
SELECT u."Id", u."AccountType", u."CreatedAt", u."CreatedBy", u."Email", u."EmailVerificationToken", u."EmailVerificationTokenExpiresAt", u."IsActive", u."IsEmailVerified", u."OTP", u."OTPExpiresAt", u."PasswordHash", u."PhoneNumber", u."UpdatedAt", u."UpdatedBy"
FROM "UserAccounts" AS u
WHERE u."Id" = @__userId_0
LIMIT 1
2026-06-03 20:10:07.366 +05:30 [INF] Microsoft.EntityFrameworkCore.Database.Command: Executed DbCommand (4ms) [Parameters=[@__userId_0='?' (DbType = Guid)], CommandType='"Text"', CommandTimeout='30']
SELECT u."Id", u."AvatarUrl", u."Email", u."Name", u."Phone", u."UserAccountId"
FROM "UserProfiles" AS u
WHERE u."UserAccountId" = @__userId_0
LIMIT 1
2026-06-03 20:10:07.761 +05:30 [DBG] Hangfire.PostgreSql.ExpirationManager: Removing outdated records from table 'counter'...
2026-06-03 20:10:07.826 +05:30 [DBG] Hangfire.PostgreSql.ExpirationManager: Removing outdated records from table 'job'...
2026-06-03 20:10:07.921 +05:30 [DBG] Hangfire.PostgreSql.ExpirationManager: Removing outdated records from table 'list'...
2026-06-03 20:10:07.956 +05:30 [DBG] Hangfire.PostgreSql.ExpirationManager: Removing outdated records from table 'set'...
2026-06-03 20:10:07.990 +05:30 [DBG] Hangfire.PostgreSql.ExpirationManager: Removing outdated records from table 'hash'...
2026-06-03 20:10:08.566 +05:30 [INF] Microsoft.EntityFrameworkCore.Database.Command: Executed DbCommand (171ms) [Parameters=[@p0='?' (DbType = Guid), @p1='?', @p2='?', @p3='?' (DbType = Guid), @p4='?' (DbType = DateTime), @p5='?' (DbType = Guid), @p6='?', @p7='?', @p8='?', @p9='?' (DbType = Boolean), @p10='?' (DbType = Guid), @p11='?', @p12='?', @p13='?' (DbType = DateTime), @p14='?' (DbType = Guid), @p15='?' (DbType = Guid), @p16='?' (DbType = Guid), @p17='?', @p18='?', @p19='?' (DbType = Guid), @p20='?' (DbType = DateTime), @p21='?' (DbType = Guid), @p22='?', @p23='?', @p24='?', @p25='?' (DbType = Boolean), @p26='?' (DbType = Guid), @p27='?', @p28='?', @p29='?' (DbType = DateTime), @p30='?' (DbType = Guid), @p31='?' (DbType = Guid), @p32='?' (DbType = Guid), @p33='?', @p34='?', @p35='?' (DbType = Guid), @p36='?' (DbType = DateTime), @p37='?' (DbType = Guid), @p38='?', @p39='?', @p40='?', @p41='?' (DbType = Boolean), @p42='?' (DbType = Guid), @p43='?', @p44='?', @p45='?' (DbType = DateTime), @p46='?' (DbType = Guid), @p47='?' (DbType = Guid), @p48='?' (DbType = Guid), @p49='?', @p50='?', @p51='?' (DbType = Guid), @p52='?' (DbType = DateTime), @p53='?' (DbType = Guid), @p54='?', @p55='?', @p56='?', @p57='?' (DbType = Boolean), @p58='?' (DbType = Guid), @p59='?', @p60='?', @p61='?' (DbType = DateTime), @p62='?' (DbType = Guid), @p63='?' (DbType = Guid), @p64='?' (DbType = Guid), @p65='?', @p66='?', @p67='?' (DbType = Guid), @p68='?' (DbType = DateTime), @p69='?' (DbType = Guid), @p70='?', @p71='?', @p72='?', @p73='?' (DbType = Boolean), @p74='?' (DbType = Guid), @p75='?', @p76='?', @p77='?' (DbType = DateTime), @p78='?' (DbType = Guid), @p79='?' (DbType = Guid), @p80='?' (DbType = Guid), @p81='?', @p82='?', @p83='?' (DbType = Guid), @p84='?' (DbType = DateTime), @p85='?' (DbType = Guid), @p86='?', @p87='?', @p88='?', @p89='?' (DbType = Boolean), @p90='?' (DbType = Guid), @p91='?', @p92='?', @p93='?' (DbType = DateTime), @p94='?' (DbType = Guid), @p95='?' (DbType = Guid), @p96='?' (DbType = Guid), @p97='?', @p98='?', @p99='?' (DbType = Guid), @p100='?' (DbType = DateTime), @p101='?' (DbType = Guid), @p102='?', @p103='?', @p104='?', @p105='?' (DbType = Boolean), @p106='?' (DbType = Guid), @p107='?', @p108='?', @p109='?' (DbType = DateTime), @p110='?' (DbType = Guid), @p111='?' (DbType = Guid), @p112='?' (DbType = Guid), @p113='?', @p114='?', @p115='?' (DbType = Guid), @p116='?' (DbType = DateTime), @p117='?' (DbType = Guid), @p118='?', @p119='?', @p120='?', @p121='?' (DbType = Boolean), @p122='?' (DbType = Guid), @p123='?', @p124='?', @p125='?' (DbType = DateTime), @p126='?' (DbType = Guid), @p127='?' (DbType = Guid), @p128='?' (DbType = Guid), @p129='?', @p130='?', @p131='?' (DbType = Guid), @p132='?' (DbType = DateTime), @p133='?' (DbType = Guid), @p134='?', @p135='?', @p136='?', @p137='?' (DbType = Boolean), @p138='?' (DbType = Guid), @p139='?', @p140='?', @p141='?' (DbType = DateTime), @p142='?' (DbType = Guid), @p143='?' (DbType = Guid), @p144='?' (DbType = Guid), @p145='?', @p146='?', @p147='?' (DbType = Guid), @p148='?' (DbType = DateTime), @p149='?' (DbType = Guid), @p150='?', @p151='?', @p152='?', @p153='?' (DbType = Boolean), @p154='?' (DbType = Guid), @p155='?', @p156='?', @p157='?' (DbType = DateTime), @p158='?' (DbType = Guid), @p159='?' (DbType = Guid), @p160='?' (DbType = Guid), @p161='?', @p162='?', @p163='?' (DbType = Guid), @p164='?' (DbType = DateTime), @p165='?' (DbType = Guid), @p166='?', @p167='?', @p168='?', @p169='?' (DbType = Boolean), @p170='?' (DbType = Guid), @p171='?', @p172='?', @p173='?' (DbType = DateTime), @p174='?' (DbType = Guid), @p175='?' (DbType = Guid), @p176='?' (DbType = Guid), @p177='?', @p178='?', @p179='?' (DbType = Guid), @p180='?' (DbType = DateTime), @p181='?' (DbType = Guid), @p182='?', @p183='?', @p184='?', @p185='?' (DbType = Boolean), @p186='?' (DbType = Guid), @p187='?', @p188='?', @p189='?' (DbType = DateTime), @p190='?' (DbType = Guid), @p191='?' (DbType = Guid), @p192='?' (DbType = Guid), @p193='?', @p194='?', @p195='?' (DbType = Guid), @p196='?' (DbType = DateTime), @p197='?' (DbType = Guid), @p198='?', @p199='?', @p200='?', @p201='?' (DbType = Boolean), @p202='?' (DbType = Guid), @p203='?', @p204='?', @p205='?' (DbType = DateTime), @p206='?' (DbType = Guid), @p207='?' (DbType = Guid), @p208='?' (DbType = Guid), @p209='?', @p210='?', @p211='?' (DbType = Guid), @p212='?' (DbType = DateTime), @p213='?' (DbType = Guid), @p214='?', @p215='?', @p216='?', @p217='?' (DbType = Boolean), @p218='?' (DbType = Guid), @p219='?', @p220='?', @p221='?' (DbType = DateTime), @p222='?' (DbType = Guid), @p223='?' (DbType = Guid), @p224='?' (DbType = Guid), @p225='?', @p226='?', @p227='?' (DbType = Guid), @p228='?' (DbType = DateTime), @p229='?' (DbType = Guid), @p230='?', @p231='?', @p232='?', @p233='?' (DbType = Boolean), @p234='?' (DbType = Guid), @p235='?', @p236='?', @p237='?' (DbType = DateTime), @p238='?' (DbType = Guid), @p239='?' (DbType = Guid), @p240='?' (DbType = Guid), @p241='?', @p242='?', @p243='?' (DbType = Guid), @p244='?' (DbType = DateTime), @p245='?' (DbType = Guid), @p246='?', @p247='?', @p248='?', @p249='?' (DbType = Boolean), @p250='?' (DbType = Guid), @p251='?', @p252='?', @p253='?' (DbType = DateTime), @p254='?' (DbType = Guid), @p255='?' (DbType = Guid), @p256='?' (DbType = Guid), @p257='?', @p258='?', @p259='?' (DbType = Guid), @p260='?' (DbType = DateTime), @p261='?' (DbType = Guid), @p262='?', @p263='?', @p264='?', @p265='?' (DbType = Boolean), @p266='?' (DbType = Guid), @p267='?', @p268='?', @p269='?' (DbType = DateTime), @p270='?' (DbType = Guid), @p271='?' (DbType = Guid), @p272='?' (DbType = Guid), @p273='?', @p274='?', @p275='?' (DbType = Guid), @p276='?' (DbType = DateTime), @p277='?' (DbType = Guid), @p278='?', @p279='?', @p280='?', @p281='?' (DbType = Boolean), @p282='?' (DbType = Guid), @p283='?', @p284='?', @p285='?' (DbType = DateTime), @p286='?' (DbType = Guid), @p287='?' (DbType = Guid), @p288='?' (DbType = Guid), @p289='?', @p290='?', @p291='?' (DbType = Guid), @p292='?' (DbType = DateTime), @p293='?' (DbType = Guid), @p294='?', @p295='?', @p296='?', @p297='?' (DbType = Boolean), @p298='?' (DbType = Guid), @p299='?', @p300='?', @p301='?' (DbType = DateTime), @p302='?' (DbType = Guid), @p303='?' (DbType = Guid), @p304='?' (DbType = Guid), @p305='?', @p306='?', @p307='?' (DbType = Guid), @p308='?' (DbType = DateTime), @p309='?' (DbType = Guid), @p310='?', @p311='?', @p312='?', @p313='?' (DbType = Boolean), @p314='?' (DbType = Guid), @p315='?', @p316='?', @p317='?' (DbType = DateTime), @p318='?' (DbType = Guid), @p319='?' (DbType = Guid), @p320='?' (DbType = Guid), @p321='?' (DbType = Guid), @p322='?' (DbType = DateTime), @p323='?' (DbType = Guid), @p324='?', @p325='?' (DbType = Object), @p326='?', @p327='?' (DbType = Int32), @p328='?' (DbType = DateTime), @p329='?', @p330='?', @p331='?', @p332='?' (DbType = DateTime), @p333='?' (DbType = Guid), @p334='?' (DbType = Guid), @p335='?' (DbType = Guid), @p336='?' (DbType = DateTime), @p337='?' (DbType = Guid), @p338='?', @p339='?' (DbType = Object), @p340='?', @p341='?' (DbType = Int32), @p342='?' (DbType = DateTime), @p343='?', @p344='?', @p345='?', @p346='?' (DbType = DateTime), @p347='?' (DbType = Guid), @p348='?' (DbType = Guid), @p349='?' (DbType = Guid), @p350='?' (DbType = DateTime), @p351='?' (DbType = Guid), @p352='?', @p353='?' (DbType = Object), @p354='?', @p355='?' (DbType = Int32), @p356='?' (DbType = DateTime), @p357='?', @p358='?', @p359='?', @p360='?' (DbType = DateTime), @p361='?' (DbType = Guid), @p362='?' (DbType = Guid), @p363='?' (DbType = Guid), @p364='?' (DbType = DateTime), @p365='?' (DbType = Guid), @p366='?', @p367='?' (DbType = Object), @p368='?', @p369='?' (DbType = Int32), @p370='?' (DbType = DateTime), @p371='?', @p372='?', @p373='?', @p374='?' (DbType = DateTime), @p375='?' (DbType = Guid), @p376='?' (DbType = Guid), @p377='?' (DbType = Guid), @p378='?' (DbType = DateTime), @p379='?' (DbType = Guid), @p380='?', @p381='?' (DbType = Object), @p382='?', @p383='?' (DbType = Int32), @p384='?' (DbType = DateTime), @p385='?', @p386='?', @p387='?', @p388='?' (DbType = DateTime), @p389='?' (DbType = Guid), @p390='?' (DbType = Guid), @p391='?' (DbType = Guid), @p392='?' (DbType = DateTime), @p393='?' (DbType = Guid), @p394='?', @p395='?' (DbType = Object), @p396='?', @p397='?' (DbType = Int32), @p398='?' (DbType = DateTime), @p399='?', @p400='?', @p401='?', @p402='?' (DbType = DateTime), @p403='?' (DbType = Guid), @p404='?' (DbType = Guid), @p405='?' (DbType = Guid), @p406='?' (DbType = DateTime), @p407='?' (DbType = Guid), @p408='?', @p409='?' (DbType = Object), @p410='?', @p411='?' (DbType = Int32), @p412='?' (DbType = DateTime), @p413='?', @p414='?', @p415='?', @p416='?' (DbType = DateTime), @p417='?' (DbType = Guid), @p418='?' (DbType = Guid), @p419='?' (DbType = Guid), @p420='?' (DbType = DateTime), @p421='?' (DbType = Guid), @p422='?', @p423='?' (DbType = Object), @p424='?', @p425='?' (DbType = Int32), @p426='?' (DbType = DateTime), @p427='?', @p428='?', @p429='?', @p430='?' (DbType = DateTime), @p431='?' (DbType = Guid), @p432='?' (DbType = Guid), @p433='?' (DbType = Guid), @p434='?' (DbType = DateTime), @p435='?' (DbType = Guid), @p436='?', @p437='?' (DbType = Object), @p438='?', @p439='?' (DbType = Int32), @p440='?' (DbType = DateTime), @p441='?', @p442='?', @p443='?', @p444='?' (DbType = DateTime), @p445='?' (DbType = Guid), @p446='?' (DbType = Guid), @p447='?' (DbType = Guid), @p448='?' (DbType = DateTime), @p449='?' (DbType = Guid), @p450='?', @p451='?' (DbType = Object), @p452='?', @p453='?' (DbType = Int32), @p454='?' (DbType = DateTime), @p455='?', @p456='?', @p457='?', @p458='?' (DbType = DateTime), @p459='?' (DbType = Guid)], CommandType='"Text"', CommandTimeout='30']
INSERT INTO "AuditLogs" ("Id", "Action", "ChangedColumns", "CompanyId", "CreatedAt", "CreatedBy", "EntityId", "EntityName", "IpAddress", "IsActive", "LocationId", "NewValues", "OldValues", "UpdatedAt", "UpdatedBy", "UserId")
VALUES (@p0, @p1, @p2, @p3, @p4, @p5, @p6, @p7, @p8, @p9, @p10, @p11, @p12, @p13, @p14, @p15);
INSERT INTO "AuditLogs" ("Id", "Action", "ChangedColumns", "CompanyId", "CreatedAt", "CreatedBy", "EntityId", "EntityName", "IpAddress", "IsActive", "LocationId", "NewValues", "OldValues", "UpdatedAt", "UpdatedBy", "UserId")
VALUES (@p16, @p17, @p18, @p19, @p20, @p21, @p22, @p23, @p24, @p25, @p26, @p27, @p28, @p29, @p30, @p31);
INSERT INTO "AuditLogs" ("Id", "Action", "ChangedColumns", "CompanyId", "CreatedAt", "CreatedBy", "EntityId", "EntityName", "IpAddress", "IsActive", "LocationId", "NewValues", "OldValues", "UpdatedAt", "UpdatedBy", "UserId")
VALUES (@p32, @p33, @p34, @p35, @p36, @p37, @p38, @p39, @p40, @p41, @p42, @p43, @p44, @p45, @p46, @p47);
INSERT INTO "AuditLogs" ("Id", "Action", "ChangedColumns", "CompanyId", "CreatedAt", "CreatedBy", "EntityId", "EntityName", "IpAddress", "IsActive", "LocationId", "NewValues", "OldValues", "UpdatedAt", "UpdatedBy", "UserId")
VALUES (@p48, @p49, @p50, @p51, @p52, @p53, @p54, @p55, @p56, @p57, @p58, @p59, @p60, @p61, @p62, @p63);
INSERT INTO "AuditLogs" ("Id", "Action", "ChangedColumns", "CompanyId", "CreatedAt", "CreatedBy", "EntityId", "EntityName", "IpAddress", "IsActive", "LocationId", "NewValues", "OldValues", "UpdatedAt", "UpdatedBy", "UserId")
VALUES (@p64, @p65, @p66, @p67, @p68, @p69, @p70, @p71, @p72, @p73, @p74, @p75, @p76, @p77, @p78, @p79);
INSERT INTO "AuditLogs" ("Id", "Action", "ChangedColumns", "CompanyId", "CreatedAt", "CreatedBy", "EntityId", "EntityName", "IpAddress", "IsActive", "LocationId", "NewValues", "OldValues", "UpdatedAt", "UpdatedBy", "UserId")
VALUES (@p80, @p81, @p82, @p83, @p84, @p85, @p86, @p87, @p88, @p89, @p90, @p91, @p92, @p93, @p94, @p95);
INSERT INTO "AuditLogs" ("Id", "Action", "ChangedColumns", "CompanyId", "CreatedAt", "CreatedBy", "EntityId", "EntityName", "IpAddress", "IsActive", "LocationId", "NewValues", "OldValues", "UpdatedAt", "UpdatedBy", "UserId")
VALUES (@p96, @p97, @p98, @p99, @p100, @p101, @p102, @p103, @p104, @p105, @p106, @p107, @p108, @p109, @p110, @p111);
INSERT INTO "AuditLogs" ("Id", "Action", "ChangedColumns", "CompanyId", "CreatedAt", "CreatedBy", "EntityId", "EntityName", "IpAddress", "IsActive", "LocationId", "NewValues", "OldValues", "UpdatedAt", "UpdatedBy", "UserId")
VALUES (@p112, @p113, @p114, @p115, @p116, @p117, @p118, @p119, @p120, @p121, @p122, @p123, @p124, @p125, @p126, @p127);
INSERT INTO "AuditLogs" ("Id", "Action", "ChangedColumns", "CompanyId", "CreatedAt", "CreatedBy", "EntityId", "EntityName", "IpAddress", "IsActive", "LocationId", "NewValues", "OldValues", "UpdatedAt", "UpdatedBy", "UserId")
VALUES (@p128, @p129, @p130, @p131, @p132, @p133, @p134, @p135, @p136, @p137, @p138, @p139, @p140, @p141, @p142, @p143);
INSERT INTO "AuditLogs" ("Id", "Action", "ChangedColumns", "CompanyId", "CreatedAt", "CreatedBy", "EntityId", "EntityName", "IpAddress", "IsActive", "LocationId", "NewValues", "OldValues", "UpdatedAt", "UpdatedBy", "UserId")
VALUES (@p144, @p145, @p146, @p147, @p148, @p149, @p150, @p151, @p152, @p153, @p154, @p155, @p156, @p157, @p158, @p159);
INSERT INTO "AuditLogs" ("Id", "Action", "ChangedColumns", "CompanyId", "CreatedAt", "CreatedBy", "EntityId", "EntityName", "IpAddress", "IsActive", "LocationId", "NewValues", "OldValues", "UpdatedAt", "UpdatedBy", "UserId")
VALUES (@p160, @p161, @p162, @p163, @p164, @p165, @p166, @p167, @p168, @p169, @p170, @p171, @p172, @p173, @p174, @p175);
INSERT INTO "AuditLogs" ("Id", "Action", "ChangedColumns", "CompanyId", "CreatedAt", "CreatedBy", "EntityId", "EntityName", "IpAddress", "IsActive", "LocationId", "NewValues", "OldValues", "UpdatedAt", "UpdatedBy", "UserId")
VALUES (@p176, @p177, @p178, @p179, @p180, @p181, @p182, @p183, @p184, @p185, @p186, @p187, @p188, @p189, @p190, @p191);
INSERT INTO "AuditLogs" ("Id", "Action", "ChangedColumns", "CompanyId", "CreatedAt", "CreatedBy", "EntityId", "EntityName", "IpAddress", "IsActive", "LocationId", "NewValues", "OldValues", "UpdatedAt", "UpdatedBy", "UserId")
VALUES (@p192, @p193, @p194, @p195, @p196, @p197, @p198, @p199, @p200, @p201, @p202, @p203, @p204, @p205, @p206, @p207);
INSERT INTO "AuditLogs" ("Id", "Action", "ChangedColumns", "CompanyId", "CreatedAt", "CreatedBy", "EntityId", "EntityName", "IpAddress", "IsActive", "LocationId", "NewValues", "OldValues", "UpdatedAt", "UpdatedBy", "UserId")
VALUES (@p208, @p209, @p210, @p211, @p212, @p213, @p214, @p215, @p216, @p217, @p218, @p219, @p220, @p221, @p222, @p223);
INSERT INTO "AuditLogs" ("Id", "Action", "ChangedColumns", "CompanyId", "CreatedAt", "CreatedBy", "EntityId", "EntityName", "IpAddress", "IsActive", "LocationId", "NewValues", "OldValues", "UpdatedAt", "UpdatedBy", "UserId")
VALUES (@p224, @p225, @p226, @p227, @p228, @p229, @p230, @p231, @p232, @p233, @p234, @p235, @p236, @p237, @p238, @p239);
INSERT INTO "AuditLogs" ("Id", "Action", "ChangedColumns", "CompanyId", "CreatedAt", "CreatedBy", "EntityId", "EntityName", "IpAddress", "IsActive", "LocationId", "NewValues", "OldValues", "UpdatedAt", "UpdatedBy", "UserId")
VALUES (@p240, @p241, @p242, @p243, @p244, @p245, @p246, @p247, @p248, @p249, @p250, @p251, @p252, @p253, @p254, @p255);
INSERT INTO "AuditLogs" ("Id", "Action", "ChangedColumns", "CompanyId", "CreatedAt", "CreatedBy", "EntityId", "EntityName", "IpAddress", "IsActive", "LocationId", "NewValues", "OldValues", "UpdatedAt", "UpdatedBy", "UserId")
VALUES (@p256, @p257, @p258, @p259, @p260, @p261, @p262, @p263, @p264, @p265, @p266, @p267, @p268, @p269, @p270, @p271);
INSERT INTO "AuditLogs" ("Id", "Action", "ChangedColumns", "CompanyId", "CreatedAt", "CreatedBy", "EntityId", "EntityName", "IpAddress", "IsActive", "LocationId", "NewValues", "OldValues", "UpdatedAt", "UpdatedBy", "UserId")
VALUES (@p272, @p273, @p274, @p275, @p276, @p277, @p278, @p279, @p280, @p281, @p282, @p283, @p284, @p285, @p286, @p287);
INSERT INTO "AuditLogs" ("Id", "Action", "ChangedColumns", "CompanyId", "CreatedAt", "CreatedBy", "EntityId", "EntityName", "IpAddress", "IsActive", "LocationId", "NewValues", "OldValues", "UpdatedAt", "UpdatedBy", "UserId")
VALUES (@p288, @p289, @p290, @p291, @p292, @p293, @p294, @p295, @p296, @p297, @p298, @p299, @p300, @p301, @p302, @p303);
INSERT INTO "AuditLogs" ("Id", "Action", "ChangedColumns", "CompanyId", "CreatedAt", "CreatedBy", "EntityId", "EntityName", "IpAddress", "IsActive", "LocationId", "NewValues", "OldValues", "UpdatedAt", "UpdatedBy", "UserId")
VALUES (@p304, @p305, @p306, @p307, @p308, @p309, @p310, @p311, @p312, @p313, @p314, @p315, @p316, @p317, @p318, @p319);
INSERT INTO "NotificationQueues" ("Id", "CompanyId", "CreatedAt", "CreatedBy", "Error", "Payload", "Recipient", "RetryCount", "SentAt", "Status", "Subject", "Type", "UpdatedAt", "UpdatedBy")
VALUES (@p320, @p321, @p322, @p323, @p324, @p325, @p326, @p327, @p328, @p329, @p330, @p331, @p332, @p333);
INSERT INTO "NotificationQueues" ("Id", "CompanyId", "CreatedAt", "CreatedBy", "Error", "Payload", "Recipient", "RetryCount", "SentAt", "Status", "Subject", "Type", "UpdatedAt", "UpdatedBy")
VALUES (@p334, @p335, @p336, @p337, @p338, @p339, @p340, @p341, @p342, @p343, @p344, @p345, @p346, @p347);
INSERT INTO "NotificationQueues" ("Id", "CompanyId", "CreatedAt", "CreatedBy", "Error", "Payload", "Recipient", "RetryCount", "SentAt", "Status", "Subject", "Type", "UpdatedAt", "UpdatedBy")
VALUES (@p348, @p349, @p350, @p351, @p352, @p353, @p354, @p355, @p356, @p357, @p358, @p359, @p360, @p361);
INSERT INTO "NotificationQueues" ("Id", "CompanyId", "CreatedAt", "CreatedBy", "Error", "Payload", "Recipient", "RetryCount", "SentAt", "Status", "Subject", "Type", "UpdatedAt", "UpdatedBy")
VALUES (@p362, @p363, @p364, @p365, @p366, @p367, @p368, @p369, @p370, @p371, @p372, @p373, @p374, @p375);
INSERT INTO "NotificationQueues" ("Id", "CompanyId", "CreatedAt", "CreatedBy", "Error", "Payload", "Recipient", "RetryCount", "SentAt", "Status", "Subject", "Type", "UpdatedAt", "UpdatedBy")
VALUES (@p376, @p377, @p378, @p379, @p380, @p381, @p382, @p383, @p384, @p385, @p386, @p387, @p388, @p389);
INSERT INTO "NotificationQueues" ("Id", "CompanyId", "CreatedAt", "CreatedBy", "Error", "Payload", "Recipient", "RetryCount", "SentAt", "Status", "Subject", "Type", "UpdatedAt", "UpdatedBy")
VALUES (@p390, @p391, @p392, @p393, @p394, @p395, @p396, @p397, @p398, @p399, @p400, @p401, @p402, @p403);
INSERT INTO "NotificationQueues" ("Id", "CompanyId", "CreatedAt", "CreatedBy", "Error", "Payload", "Recipient", "RetryCount", "SentAt", "Status", "Subject", "Type", "UpdatedAt", "UpdatedBy")
VALUES (@p404, @p405, @p406, @p407, @p408, @p409, @p410, @p411, @p412, @p413, @p414, @p415, @p416, @p417);
INSERT INTO "NotificationQueues" ("Id", "CompanyId", "CreatedAt", "CreatedBy", "Error", "Payload", "Recipient", "RetryCount", "SentAt", "Status", "Subject", "Type", "UpdatedAt", "UpdatedBy")
VALUES (@p418, @p419, @p420, @p421, @p422, @p423, @p424, @p425, @p426, @p427, @p428, @p429, @p430, @p431);
INSERT INTO "NotificationQueues" ("Id", "CompanyId", "CreatedAt", "CreatedBy", "Error", "Payload", "Recipient", "RetryCount", "SentAt", "Status", "Subject", "Type", "UpdatedAt", "UpdatedBy")
VALUES (@p432, @p433, @p434, @p435, @p436, @p437, @p438, @p439, @p440, @p441, @p442, @p443, @p444, @p445);
INSERT INTO "NotificationQueues" ("Id", "CompanyId", "CreatedAt", "CreatedBy", "Error", "Payload", "Recipient", "RetryCount", "SentAt", "Status", "Subject", "Type", "UpdatedAt", "UpdatedBy")
VALUES (@p446, @p447, @p448, @p449, @p450, @p451, @p452, @p453, @p454, @p455, @p456, @p457, @p458, @p459);
2026-06-03 20:10:09.479 +05:30 [INF] Microsoft.EntityFrameworkCore.Database.Command: Executed DbCommand (29ms) [Parameters=[@p0='?' (DbType = Guid), @p1='?', @p2='?', @p3='?' (DbType = Guid), @p4='?' (DbType = DateTime), @p5='?' (DbType = Guid), @p6='?', @p7='?', @p8='?', @p9='?' (DbType = Boolean), @p10='?' (DbType = Guid), @p11='?', @p12='?', @p13='?' (DbType = DateTime), @p14='?' (DbType = Guid), @p15='?' (DbType = Guid), @p16='?' (DbType = Guid), @p17='?', @p18='?', @p19='?' (DbType = Guid), @p20='?' (DbType = DateTime), @p21='?' (DbType = Guid), @p22='?', @p23='?', @p24='?', @p25='?' (DbType = Boolean), @p26='?' (DbType = Guid), @p27='?', @p28='?', @p29='?' (DbType = DateTime), @p30='?' (DbType = Guid), @p31='?' (DbType = Guid), @p32='?' (DbType = Guid), @p33='?', @p34='?', @p35='?' (DbType = Guid), @p36='?' (DbType = DateTime), @p37='?' (DbType = Guid), @p38='?', @p39='?', @p40='?', @p41='?' (DbType = Boolean), @p42='?' (DbType = Guid), @p43='?', @p44='?', @p45='?' (DbType = DateTime), @p46='?' (DbType = Guid), @p47='?' (DbType = Guid), @p48='?' (DbType = Guid), @p49='?', @p50='?', @p51='?' (DbType = Guid), @p52='?' (DbType = DateTime), @p53='?' (DbType = Guid), @p54='?', @p55='?', @p56='?', @p57='?' (DbType = Boolean), @p58='?' (DbType = Guid), @p59='?', @p60='?', @p61='?' (DbType = DateTime), @p62='?' (DbType = Guid), @p63='?' (DbType = Guid), @p64='?' (DbType = Guid), @p65='?', @p66='?', @p67='?' (DbType = Guid), @p68='?' (DbType = DateTime), @p69='?' (DbType = Guid), @p70='?', @p71='?', @p72='?', @p73='?' (DbType = Boolean), @p74='?' (DbType = Guid), @p75='?', @p76='?', @p77='?' (DbType = DateTime), @p78='?' (DbType = Guid), @p79='?' (DbType = Guid), @p80='?' (DbType = Guid), @p81='?', @p82='?', @p83='?' (DbType = Guid), @p84='?' (DbType = DateTime), @p85='?' (DbType = Guid), @p86='?', @p87='?', @p88='?', @p89='?' (DbType = Boolean), @p90='?' (DbType = Guid), @p91='?', @p92='?', @p93='?' (DbType = DateTime), @p94='?' (DbType = Guid), @p95='?' (DbType = Guid), @p96='?' (DbType = Guid), @p97='?', @p98='?', @p99='?' (DbType = Guid), @p100='?' (DbType = DateTime), @p101='?' (DbType = Guid), @p102='?', @p103='?', @p104='?', @p105='?' (DbType = Boolean), @p106='?' (DbType = Guid), @p107='?', @p108='?', @p109='?' (DbType = DateTime), @p110='?' (DbType = Guid), @p111='?' (DbType = Guid), @p112='?' (DbType = Guid), @p113='?', @p114='?', @p115='?' (DbType = Guid), @p116='?' (DbType = DateTime), @p117='?' (DbType = Guid), @p118='?', @p119='?', @p120='?', @p121='?' (DbType = Boolean), @p122='?' (DbType = Guid), @p123='?', @p124='?', @p125='?' (DbType = DateTime), @p126='?' (DbType = Guid), @p127='?' (DbType = Guid), @p128='?' (DbType = Guid), @p129='?', @p130='?', @p131='?' (DbType = Guid), @p132='?' (DbType = DateTime), @p133='?' (DbType = Guid), @p134='?', @p135='?', @p136='?', @p137='?' (DbType = Boolean), @p138='?' (DbType = Guid), @p139='?', @p140='?', @p141='?' (DbType = DateTime), @p142='?' (DbType = Guid), @p143='?' (DbType = Guid), @p146='?' (DbType = Guid), @p144='?' (DbType = DateTime), @p145='?' (DbType = DateTime), @p150='?' (DbType = Guid), @p147='?' (DbType = DateTime), @p148='?' (DbType = DateTime), @p149='?' (DbType = Guid), @p153='?' (DbType = Guid), @p151='?' (DbType = DateTime), @p152='?' (DbType = DateTime)], CommandType='"Text"', CommandTimeout='30']
INSERT INTO "AuditLogs" ("Id", "Action", "ChangedColumns", "CompanyId", "CreatedAt", "CreatedBy", "EntityId", "EntityName", "IpAddress", "IsActive", "LocationId", "NewValues", "OldValues", "UpdatedAt", "UpdatedBy", "UserId")
VALUES (@p0, @p1, @p2, @p3, @p4, @p5, @p6, @p7, @p8, @p9, @p10, @p11, @p12, @p13, @p14, @p15);
INSERT INTO "AuditLogs" ("Id", "Action", "ChangedColumns", "CompanyId", "CreatedAt", "CreatedBy", "EntityId", "EntityName", "IpAddress", "IsActive", "LocationId", "NewValues", "OldValues", "UpdatedAt", "UpdatedBy", "UserId")
VALUES (@p16, @p17, @p18, @p19, @p20, @p21, @p22, @p23, @p24, @p25, @p26, @p27, @p28, @p29, @p30, @p31);
INSERT INTO "AuditLogs" ("Id", "Action", "ChangedColumns", "CompanyId", "CreatedAt", "CreatedBy", "EntityId", "EntityName", "IpAddress", "IsActive", "LocationId", "NewValues", "OldValues", "UpdatedAt", "UpdatedBy", "UserId")
VALUES (@p32, @p33, @p34, @p35, @p36, @p37, @p38, @p39, @p40, @p41, @p42, @p43, @p44, @p45, @p46, @p47);
INSERT INTO "AuditLogs" ("Id", "Action", "ChangedColumns", "CompanyId", "CreatedAt", "CreatedBy", "EntityId", "EntityName", "IpAddress", "IsActive", "LocationId", "NewValues", "OldValues", "UpdatedAt", "UpdatedBy", "UserId")
VALUES (@p48, @p49, @p50, @p51, @p52, @p53, @p54, @p55, @p56, @p57, @p58, @p59, @p60, @p61, @p62, @p63);
INSERT INTO "AuditLogs" ("Id", "Action", "ChangedColumns", "CompanyId", "CreatedAt", "CreatedBy", "EntityId", "EntityName", "IpAddress", "IsActive", "LocationId", "NewValues", "OldValues", "UpdatedAt", "UpdatedBy", "UserId")
VALUES (@p64, @p65, @p66, @p67, @p68, @p69, @p70, @p71, @p72, @p73, @p74, @p75, @p76, @p77, @p78, @p79);
INSERT INTO "AuditLogs" ("Id", "Action", "ChangedColumns", "CompanyId", "CreatedAt", "CreatedBy", "EntityId", "EntityName", "IpAddress", "IsActive", "LocationId", "NewValues", "OldValues", "UpdatedAt", "UpdatedBy", "UserId")
VALUES (@p80, @p81, @p82, @p83, @p84, @p85, @p86, @p87, @p88, @p89, @p90, @p91, @p92, @p93, @p94, @p95);
INSERT INTO "AuditLogs" ("Id", "Action", "ChangedColumns", "CompanyId", "CreatedAt", "CreatedBy", "EntityId", "EntityName", "IpAddress", "IsActive", "LocationId", "NewValues", "OldValues", "UpdatedAt", "UpdatedBy", "UserId")
VALUES (@p96, @p97, @p98, @p99, @p100, @p101, @p102, @p103, @p104, @p105, @p106, @p107, @p108, @p109, @p110, @p111);
INSERT INTO "AuditLogs" ("Id", "Action", "ChangedColumns", "CompanyId", "CreatedAt", "CreatedBy", "EntityId", "EntityName", "IpAddress", "IsActive", "LocationId", "NewValues", "OldValues", "UpdatedAt", "UpdatedBy", "UserId")
VALUES (@p112, @p113, @p114, @p115, @p116, @p117, @p118, @p119, @p120, @p121, @p122, @p123, @p124, @p125, @p126, @p127);
INSERT INTO "AuditLogs" ("Id", "Action", "ChangedColumns", "CompanyId", "CreatedAt", "CreatedBy", "EntityId", "EntityName", "IpAddress", "IsActive", "LocationId", "NewValues", "OldValues", "UpdatedAt", "UpdatedBy", "UserId")
VALUES (@p128, @p129, @p130, @p131, @p132, @p133, @p134, @p135, @p136, @p137, @p138, @p139, @p140, @p141, @p142, @p143);
UPDATE "StockAlertRules" SET "LastTriggeredAt" = @p144, "UpdatedAt" = @p145
WHERE "Id" = @p146;
UPDATE "StockAlertRules" SET "LastTriggeredAt" = @p147, "UpdatedAt" = @p148, "UpdatedBy" = @p149
WHERE "Id" = @p150;
UPDATE "StockAlertRules" SET "LastTriggeredAt" = @p151, "UpdatedAt" = @p152
WHERE "Id" = @p153;
2026-06-03 20:10:35.309 +05:30 [INF] Microsoft.EntityFrameworkCore.Database.Command: Executed DbCommand (34ms) [Parameters=[@__p_0='?' (DbType = Int32)], CommandType='"Text"', CommandTimeout='30']
SELECT n."Id", n."CompanyId", n."CreatedAt", n."CreatedBy", n."Error", n."Payload", n."Recipient", n."RetryCount", n."SentAt", n."Status", n."Subject", n."Type", n."UpdatedAt", n."UpdatedBy"
FROM "NotificationQueues" AS n
WHERE n."Type" = 'Email' AND n."SentAt" IS NULL AND n."RetryCount" < 3
LIMIT @__p_0
2026-06-03 20:10:35.309 +05:30 [INF] Microsoft.EntityFrameworkCore.Database.Command: Executed DbCommand (6ms) [Parameters=[@__p_0='?' (DbType = Int32)], CommandType='"Text"', CommandTimeout='30']
SELECT n."Id", n."CompanyId", n."CreatedAt", n."CreatedBy", n."Error", n."Payload", n."Recipient", n."RetryCount", n."SentAt", n."Status", n."Subject", n."Type", n."UpdatedAt", n."UpdatedBy"
FROM "NotificationQueues" AS n
WHERE n."Type" = 'Sms' AND n."SentAt" IS NULL AND n."RetryCount" < 3
LIMIT @__p_0
2026-06-03 20:10:35.341 +05:30 [INF] Microsoft.EntityFrameworkCore.Database.Command: Executed DbCommand (5ms) [Parameters=[@__p_0='?' (DbType = Int32)], CommandType='"Text"', CommandTimeout='30']
SELECT n."Id", n."CompanyId", n."CreatedAt", n."CreatedBy", n."Error", n."Payload", n."Recipient", n."RetryCount", n."SentAt", n."Status", n."Subject", n."Type", n."UpdatedAt", n."UpdatedBy"
FROM "NotificationQueues" AS n
WHERE n."Type" = 'WhatsApp' AND n."SentAt" IS NULL AND n."RetryCount" < 3
LIMIT @__p_0
2026-06-03 20:10:35.360 +05:30 [INF] Microsoft.EntityFrameworkCore.Database.Command: Executed DbCommand (11ms) [Parameters=[@__companyId_Value_0='?' (DbType = Guid)], CommandType='"Text"', CommandTimeout='30']
SELECT i."Id", i."Category", i."CompanyId", i."ConfigJson", i."ConnectedAt", i."CreatedAt", i."CreatedBy", i."DisplayName", i."IsEnabled", i."LastCheckedAt", i."LastStatusMessage", i."Provider", i."UpdatedAt", i."UpdatedBy", i."WebhookUrl"
FROM "Integrations" AS i
WHERE i."CompanyId" = @__companyId_Value_0 AND i."Provider" = 'twilio' AND i."IsEnabled"
LIMIT 1
2026-06-03 20:10:35.366 +05:30 [INF] Microsoft.EntityFrameworkCore.Database.Command: Executed DbCommand (6ms) [Parameters=[@__companyId_Value_0='?' (DbType = Guid)], CommandType='"Text"', CommandTimeout='30']
SELECT i."Id", i."Category", i."CompanyId", i."ConfigJson", i."ConnectedAt", i."CreatedAt", i."CreatedBy", i."DisplayName", i."IsEnabled", i."LastCheckedAt", i."LastStatusMessage", i."Provider", i."UpdatedAt", i."UpdatedBy", i."WebhookUrl"
FROM "Integrations" AS i
WHERE i."CompanyId" = @__companyId_Value_0 AND i."Provider" = 'whatsapp' AND i."IsEnabled"
LIMIT 1
2026-06-03 20:10:35.378 +05:30 [WRN] Flowtap_Infrastructure.Services.WhatsAppService: WhatsApp skipped — Meta credentials not configured for 09500846711. Configure the WhatsApp Business integration in IntegrationsPage.
2026-06-03 20:10:35.378 +05:30 [WRN] Flowtap_Infrastructure.Services.SmsService: SMS skipped — Twilio credentials not configured for recipient 09500846711. Configure the Twilio integration in IntegrationsPage.
2026-06-03 20:10:35.388 +05:30 [INF] Microsoft.EntityFrameworkCore.Database.Command: Executed DbCommand (4ms) [Parameters=[@__companyId_Value_0='?' (DbType = Guid)], CommandType='"Text"', CommandTimeout='30']
SELECT i."Id", i."Category", i."CompanyId", i."ConfigJson", i."ConnectedAt", i."CreatedAt", i."CreatedBy", i."DisplayName", i."IsEnabled", i."LastCheckedAt", i."LastStatusMessage", i."Provider", i."UpdatedAt", i."UpdatedBy", i."WebhookUrl"
FROM "Integrations" AS i
WHERE i."CompanyId" = @__companyId_Value_0 AND i."Provider" = 'whatsapp' AND i."IsEnabled"
LIMIT 1
2026-06-03 20:10:35.390 +05:30 [INF] Microsoft.EntityFrameworkCore.Database.Command: Executed DbCommand (5ms) [Parameters=[@__companyId_Value_0='?' (DbType = Guid)], CommandType='"Text"', CommandTimeout='30']
SELECT i."Id", i."Category", i."CompanyId", i."ConfigJson", i."ConnectedAt", i."CreatedAt", i."CreatedBy", i."DisplayName", i."IsEnabled", i."LastCheckedAt", i."LastStatusMessage", i."Provider", i."UpdatedAt", i."UpdatedBy", i."WebhookUrl"
FROM "Integrations" AS i
WHERE i."CompanyId" = @__companyId_Value_0 AND i."Provider" = 'twilio' AND i."IsEnabled"
LIMIT 1
2026-06-03 20:10:35.393 +05:30 [WRN] Flowtap_Infrastructure.Services.WhatsAppService: WhatsApp skipped — Meta credentials not configured for 7896541. Configure the WhatsApp Business integration in IntegrationsPage.
2026-06-03 20:10:35.397 +05:30 [WRN] Flowtap_Infrastructure.Services.SmsService: SMS skipped — Twilio credentials not configured for recipient 7896541. Configure the Twilio integration in IntegrationsPage.
2026-06-03 20:10:35.410 +05:30 [INF] Microsoft.EntityFrameworkCore.Database.Command: Executed DbCommand (4ms) [Parameters=[@p0='?' (DbType = Guid), @p1='?', @p2='?', @p3='?' (DbType = Guid), @p4='?' (DbType = DateTime), @p5='?' (DbType = Guid), @p6='?', @p7='?', @p8='?', @p9='?' (DbType = Boolean), @p10='?' (DbType = Guid), @p11='?', @p12='?', @p13='?' (DbType = DateTime), @p14='?' (DbType = Guid), @p15='?' (DbType = Guid), @p16='?' (DbType = Guid), @p17='?', @p18='?', @p19='?' (DbType = Guid), @p20='?' (DbType = DateTime), @p21='?' (DbType = Guid), @p22='?', @p23='?', @p24='?', @p25='?' (DbType = Boolean), @p26='?' (DbType = Guid), @p27='?', @p28='?', @p29='?' (DbType = DateTime), @p30='?' (DbType = Guid), @p31='?' (DbType = Guid), @p32='?' (DbType = Guid), @p33='?', @p34='?', @p35='?' (DbType = Guid), @p36='?' (DbType = DateTime), @p37='?' (DbType = Guid), @p38='?', @p39='?', @p40='?', @p41='?' (DbType = Boolean), @p42='?' (DbType = Guid), @p43='?', @p44='?', @p45='?' (DbType = DateTime), @p46='?' (DbType = Guid), @p47='?' (DbType = Guid), @p48='?' (DbType = Guid), @p49='?', @p50='?', @p51='?' (DbType = Guid), @p52='?' (DbType = DateTime), @p53='?' (DbType = Guid), @p54='?', @p55='?', @p56='?', @p57='?' (DbType = Boolean), @p58='?' (DbType = Guid), @p59='?', @p60='?', @p61='?' (DbType = DateTime), @p62='?' (DbType = Guid), @p63='?' (DbType = Guid), @p67='?' (DbType = Guid), @p64='?' (DbType = DateTime), @p65='?', @p66='?' (DbType = DateTime), @p71='?' (DbType = Guid), @p68='?' (DbType = DateTime), @p69='?', @p70='?' (DbType = DateTime)], CommandType='"Text"', CommandTimeout='30']
INSERT INTO "AuditLogs" ("Id", "Action", "ChangedColumns", "CompanyId", "CreatedAt", "CreatedBy", "EntityId", "EntityName", "IpAddress", "IsActive", "LocationId", "NewValues", "OldValues", "UpdatedAt", "UpdatedBy", "UserId")
VALUES (@p0, @p1, @p2, @p3, @p4, @p5, @p6, @p7, @p8, @p9, @p10, @p11, @p12, @p13, @p14, @p15);
INSERT INTO "AuditLogs" ("Id", "Action", "ChangedColumns", "CompanyId", "CreatedAt", "CreatedBy", "EntityId", "EntityName", "IpAddress", "IsActive", "LocationId", "NewValues", "OldValues", "UpdatedAt", "UpdatedBy", "UserId")
VALUES (@p16, @p17, @p18, @p19, @p20, @p21, @p22, @p23, @p24, @p25, @p26, @p27, @p28, @p29, @p30, @p31);
INSERT INTO "AuditLogs" ("Id", "Action", "ChangedColumns", "CompanyId", "CreatedAt", "CreatedBy", "EntityId", "EntityName", "IpAddress", "IsActive", "LocationId", "NewValues", "OldValues", "UpdatedAt", "UpdatedBy", "UserId")
VALUES (@p32, @p33, @p34, @p35, @p36, @p37, @p38, @p39, @p40, @p41, @p42, @p43, @p44, @p45, @p46, @p47);
INSERT INTO "AuditLogs" ("Id", "Action", "ChangedColumns", "CompanyId", "CreatedAt", "CreatedBy", "EntityId", "EntityName", "IpAddress", "IsActive", "LocationId", "NewValues", "OldValues", "UpdatedAt", "UpdatedBy", "UserId")
VALUES (@p48, @p49, @p50, @p51, @p52, @p53, @p54, @p55, @p56, @p57, @p58, @p59, @p60, @p61, @p62, @p63);
UPDATE "NotificationQueues" SET "SentAt" = @p64, "Status" = @p65, "UpdatedAt" = @p66
WHERE "Id" = @p67;
UPDATE "NotificationQueues" SET "SentAt" = @p68, "Status" = @p69, "UpdatedAt" = @p70
WHERE "Id" = @p71;
2026-06-03 20:10:35.413 +05:30 [INF] Microsoft.EntityFrameworkCore.Database.Command: Executed DbCommand (7ms) [Parameters=[@p0='?' (DbType = Guid), @p1='?', @p2='?', @p3='?' (DbType = Guid), @p4='?' (DbType = DateTime), @p5='?' (DbType = Guid), @p6='?', @p7='?', @p8='?', @p9='?' (DbType = Boolean), @p10='?' (DbType = Guid), @p11='?', @p12='?', @p13='?' (DbType = DateTime), @p14='?' (DbType = Guid), @p15='?' (DbType = Guid), @p16='?' (DbType = Guid), @p17='?', @p18='?', @p19='?' (DbType = Guid), @p20='?' (DbType = DateTime), @p21='?' (DbType = Guid), @p22='?', @p23='?', @p24='?', @p25='?' (DbType = Boolean), @p26='?' (DbType = Guid), @p27='?', @p28='?', @p29='?' (DbType = DateTime), @p30='?' (DbType = Guid), @p31='?' (DbType = Guid), @p32='?' (DbType = Guid), @p33='?', @p34='?', @p35='?' (DbType = Guid), @p36='?' (DbType = DateTime), @p37='?' (DbType = Guid), @p38='?', @p39='?', @p40='?', @p41='?' (DbType = Boolean), @p42='?' (DbType = Guid), @p43='?', @p44='?', @p45='?' (DbType = DateTime), @p46='?' (DbType = Guid), @p47='?' (DbType = Guid), @p48='?' (DbType = Guid), @p49='?', @p50='?', @p51='?' (DbType = Guid), @p52='?' (DbType = DateTime), @p53='?' (DbType = Guid), @p54='?', @p55='?', @p56='?', @p57='?' (DbType = Boolean), @p58='?' (DbType = Guid), @p59='?', @p60='?', @p61='?' (DbType = DateTime), @p62='?' (DbType = Guid), @p63='?' (DbType = Guid), @p67='?' (DbType = Guid), @p64='?' (DbType = DateTime), @p65='?', @p66='?' (DbType = DateTime), @p71='?' (DbType = Guid), @p68='?' (DbType = DateTime), @p69='?', @p70='?' (DbType = DateTime)], CommandType='"Text"', CommandTimeout='30']
INSERT INTO "AuditLogs" ("Id", "Action", "ChangedColumns", "CompanyId", "CreatedAt", "CreatedBy", "EntityId", "EntityName", "IpAddress", "IsActive", "LocationId", "NewValues", "OldValues", "UpdatedAt", "UpdatedBy", "UserId")
VALUES (@p0, @p1, @p2, @p3, @p4, @p5, @p6, @p7, @p8, @p9, @p10, @p11, @p12, @p13, @p14, @p15);
INSERT INTO "AuditLogs" ("Id", "Action", "ChangedColumns", "CompanyId", "CreatedAt", "CreatedBy", "EntityId", "EntityName", "IpAddress", "IsActive", "LocationId", "NewValues", "OldValues", "UpdatedAt", "UpdatedBy", "UserId")
VALUES (@p16, @p17, @p18, @p19, @p20, @p21, @p22, @p23, @p24, @p25, @p26, @p27, @p28, @p29, @p30, @p31);
INSERT INTO "AuditLogs" ("Id", "Action", "ChangedColumns", "CompanyId", "CreatedAt", "CreatedBy", "EntityId", "EntityName", "IpAddress", "IsActive", "LocationId", "NewValues", "OldValues", "UpdatedAt", "UpdatedBy", "UserId")
VALUES (@p32, @p33, @p34, @p35, @p36, @p37, @p38, @p39, @p40, @p41, @p42, @p43, @p44, @p45, @p46, @p47);
INSERT INTO "AuditLogs" ("Id", "Action", "ChangedColumns", "CompanyId", "CreatedAt", "CreatedBy", "EntityId", "EntityName", "IpAddress", "IsActive", "LocationId", "NewValues", "OldValues", "UpdatedAt", "UpdatedBy", "UserId")
VALUES (@p48, @p49, @p50, @p51, @p52, @p53, @p54, @p55, @p56, @p57, @p58, @p59, @p60, @p61, @p62, @p63);
UPDATE "NotificationQueues" SET "SentAt" = @p64, "Status" = @p65, "UpdatedAt" = @p66
WHERE "Id" = @p67;
UPDATE "NotificationQueues" SET "SentAt" = @p68, "Status" = @p69, "UpdatedAt" = @p70
WHERE "Id" = @p71;
2026-06-03 20:10:36.352 +05:30 [DBG] Hangfire.Server.ServerHeartbeatProcess: Server antonyraj:30600:0e85fd10 heartbeat successfully sent
2026-06-03 20:10:56.546 +05:30 [INF] Microsoft.EntityFrameworkCore.Database.Command: Executed DbCommand (7ms) [Parameters=[@p0='?' (DbType = Guid), @p1='?', @p2='?', @p3='?' (DbType = Guid), @p4='?' (DbType = DateTime), @p5='?' (DbType = Guid), @p6='?', @p7='?', @p8='?', @p9='?' (DbType = Boolean), @p10='?' (DbType = Guid), @p11='?', @p12='?', @p13='?' (DbType = DateTime), @p14='?' (DbType = Guid), @p15='?' (DbType = Guid), @p16='?' (DbType = Guid), @p17='?', @p18='?', @p19='?' (DbType = Guid), @p20='?' (DbType = DateTime), @p21='?' (DbType = Guid), @p22='?', @p23='?', @p24='?', @p25='?' (DbType = Boolean), @p26='?' (DbType = Guid), @p27='?', @p28='?', @p29='?' (DbType = DateTime), @p30='?' (DbType = Guid), @p31='?' (DbType = Guid), @p32='?' (DbType = Guid), @p33='?', @p34='?', @p35='?' (DbType = Guid), @p36='?' (DbType = DateTime), @p37='?' (DbType = Guid), @p38='?', @p39='?', @p40='?', @p41='?' (DbType = Boolean), @p42='?' (DbType = Guid), @p43='?', @p44='?', @p45='?' (DbType = DateTime), @p46='?' (DbType = Guid), @p47='?' (DbType = Guid), @p48='?' (DbType = Guid), @p49='?', @p50='?', @p51='?' (DbType = Guid), @p52='?' (DbType = DateTime), @p53='?' (DbType = Guid), @p54='?', @p55='?', @p56='?', @p57='?' (DbType = Boolean), @p58='?' (DbType = Guid), @p59='?', @p60='?', @p61='?' (DbType = DateTime), @p62='?' (DbType = Guid), @p63='?' (DbType = Guid), @p64='?' (DbType = Guid), @p65='?', @p66='?', @p67='?' (DbType = Guid), @p68='?' (DbType = DateTime), @p69='?' (DbType = Guid), @p70='?', @p71='?', @p72='?', @p73='?' (DbType = Boolean), @p74='?' (DbType = Guid), @p75='?', @p76='?', @p77='?' (DbType = DateTime), @p78='?' (DbType = Guid), @p79='?' (DbType = Guid), @p80='?' (DbType = Guid), @p81='?', @p82='?', @p83='?' (DbType = Guid), @p84='?' (DbType = DateTime), @p85='?' (DbType = Guid), @p86='?', @p87='?', @p88='?', @p89='?' (DbType = Boolean), @p90='?' (DbType = Guid), @p91='?', @p92='?', @p93='?' (DbType = DateTime), @p94='?' (DbType = Guid), @p95='?' (DbType = Guid), @p96='?' (DbType = Guid), @p97='?', @p98='?', @p99='?' (DbType = Guid), @p100='?' (DbType = DateTime), @p101='?' (DbType = Guid), @p102='?', @p103='?', @p104='?', @p105='?' (DbType = Boolean), @p106='?' (DbType = Guid), @p107='?', @p108='?', @p109='?' (DbType = DateTime), @p110='?' (DbType = Guid), @p111='?' (DbType = Guid), @p112='?' (DbType = Guid), @p113='?', @p114='?', @p115='?' (DbType = Guid), @p116='?' (DbType = DateTime), @p117='?' (DbType = Guid), @p118='?', @p119='?', @p120='?', @p121='?' (DbType = Boolean), @p122='?' (DbType = Guid), @p123='?', @p124='?', @p125='?' (DbType = DateTime), @p126='?' (DbType = Guid), @p127='?' (DbType = Guid), @p128='?' (DbType = Guid), @p129='?', @p130='?', @p131='?' (DbType = Guid), @p132='?' (DbType = DateTime), @p133='?' (DbType = Guid), @p134='?', @p135='?', @p136='?', @p137='?' (DbType = Boolean), @p138='?' (DbType = Guid), @p139='?', @p140='?', @p141='?' (DbType = DateTime), @p142='?' (DbType = Guid), @p143='?' (DbType = Guid), @p144='?' (DbType = Guid), @p145='?', @p146='?', @p147='?' (DbType = Guid), @p148='?' (DbType = DateTime), @p149='?' (DbType = Guid), @p150='?', @p151='?', @p152='?', @p153='?' (DbType = Boolean), @p154='?' (DbType = Guid), @p155='?', @p156='?', @p157='?' (DbType = DateTime), @p158='?' (DbType = Guid), @p159='?' (DbType = Guid), @p160='?' (DbType = Guid), @p161='?', @p162='?', @p163='?' (DbType = Guid), @p164='?' (DbType = DateTime), @p165='?' (DbType = Guid), @p166='?', @p167='?', @p168='?', @p169='?' (DbType = Boolean), @p170='?' (DbType = Guid), @p171='?', @p172='?', @p173='?' (DbType = DateTime), @p174='?' (DbType = Guid), @p175='?' (DbType = Guid), @p176='?' (DbType = Guid), @p177='?', @p178='?', @p179='?' (DbType = Guid), @p180='?' (DbType = DateTime), @p181='?' (DbType = Guid), @p182='?', @p183='?', @p184='?', @p185='?' (DbType = Boolean), @p186='?' (DbType = Guid), @p187='?', @p188='?', @p189='?' (DbType = DateTime), @p190='?' (DbType = Guid), @p191='?' (DbType = Guid), @p195='?' (DbType = Guid), @p192='?' (DbType = DateTime), @p193='?', @p194='?' (DbType = DateTime), @p199='?' (DbType = Guid), @p196='?' (DbType = DateTime), @p197='?', @p198='?' (DbType = DateTime), @p203='?' (DbType = Guid), @p200='?' (DbType = DateTime), @p201='?', @p202='?' (DbType = DateTime), @p207='?' (DbType = Guid), @p204='?' (DbType = DateTime), @p205='?', @p206='?' (DbType = DateTime), @p211='?' (DbType = Guid), @p208='?' (DbType = DateTime), @p209='?', @p210='?' (DbType = DateTime), @p215='?' (DbType = Guid), @p212='?' (DbType = DateTime), @p213='?', @p214='?' (DbType = DateTime)], CommandType='"Text"', CommandTimeout='30']
INSERT INTO "AuditLogs" ("Id", "Action", "ChangedColumns", "CompanyId", "CreatedAt", "CreatedBy", "EntityId", "EntityName", "IpAddress", "IsActive", "LocationId", "NewValues", "OldValues", "UpdatedAt", "UpdatedBy", "UserId")
VALUES (@p0, @p1, @p2, @p3, @p4, @p5, @p6, @p7, @p8, @p9, @p10, @p11, @p12, @p13, @p14, @p15);
INSERT INTO "AuditLogs" ("Id", "Action", "ChangedColumns", "CompanyId", "CreatedAt", "CreatedBy", "EntityId", "EntityName", "IpAddress", "IsActive", "LocationId", "NewValues", "OldValues", "UpdatedAt", "UpdatedBy", "UserId")
VALUES (@p16, @p17, @p18, @p19, @p20, @p21, @p22, @p23, @p24, @p25, @p26, @p27, @p28, @p29, @p30, @p31);
INSERT INTO "AuditLogs" ("Id", "Action", "ChangedColumns", "CompanyId", "CreatedAt", "CreatedBy", "EntityId", "EntityName", "IpAddress", "IsActive", "LocationId", "NewValues", "OldValues", "UpdatedAt", "UpdatedBy", "UserId")
VALUES (@p32, @p33, @p34, @p35, @p36, @p37, @p38, @p39, @p40, @p41, @p42, @p43, @p44, @p45, @p46, @p47);
INSERT INTO "AuditLogs" ("Id", "Action", "ChangedColumns", "CompanyId", "CreatedAt", "CreatedBy", "EntityId", "EntityName", "IpAddress", "IsActive", "LocationId", "NewValues", "OldValues", "UpdatedAt", "UpdatedBy", "UserId")
VALUES (@p48, @p49, @p50, @p51, @p52, @p53, @p54, @p55, @p56, @p57, @p58, @p59, @p60, @p61, @p62, @p63);
INSERT INTO "AuditLogs" ("Id", "Action", "ChangedColumns", "CompanyId", "CreatedAt", "CreatedBy", "EntityId", "EntityName", "IpAddress", "IsActive", "LocationId", "NewValues", "OldValues", "UpdatedAt", "UpdatedBy", "UserId")
VALUES (@p64, @p65, @p66, @p67, @p68, @p69, @p70, @p71, @p72, @p73, @p74, @p75, @p76, @p77, @p78, @p79);
INSERT INTO "AuditLogs" ("Id", "Action", "ChangedColumns", "CompanyId", "CreatedAt", "CreatedBy", "EntityId", "EntityName", "IpAddress", "IsActive", "LocationId", "NewValues", "OldValues", "UpdatedAt", "UpdatedBy", "UserId")
VALUES (@p80, @p81, @p82, @p83, @p84, @p85, @p86, @p87, @p88, @p89, @p90, @p91, @p92, @p93, @p94, @p95);
INSERT INTO "AuditLogs" ("Id", "Action", "ChangedColumns", "CompanyId", "CreatedAt", "CreatedBy", "EntityId", "EntityName", "IpAddress", "IsActive", "LocationId", "NewValues", "OldValues", "UpdatedAt", "UpdatedBy", "UserId")
VALUES (@p96, @p97, @p98, @p99, @p100, @p101, @p102, @p103, @p104, @p105, @p106, @p107, @p108, @p109, @p110, @p111);
INSERT INTO "AuditLogs" ("Id", "Action", "ChangedColumns", "CompanyId", "CreatedAt", "CreatedBy", "EntityId", "EntityName", "IpAddress", "IsActive", "LocationId", "NewValues", "OldValues", "UpdatedAt", "UpdatedBy", "UserId")
VALUES (@p112, @p113, @p114, @p115, @p116, @p117, @p118, @p119, @p120, @p121, @p122, @p123, @p124, @p125, @p126, @p127);
INSERT INTO "AuditLogs" ("Id", "Action", "ChangedColumns", "CompanyId", "CreatedAt", "CreatedBy", "EntityId", "EntityName", "IpAddress", "IsActive", "LocationId", "NewValues", "OldValues", "UpdatedAt", "UpdatedBy", "UserId")
VALUES (@p128, @p129, @p130, @p131, @p132, @p133, @p134, @p135, @p136, @p137, @p138, @p139, @p140, @p141, @p142, @p143);
INSERT INTO "AuditLogs" ("Id", "Action", "ChangedColumns", "CompanyId", "CreatedAt", "CreatedBy", "EntityId", "EntityName", "IpAddress", "IsActive", "LocationId", "NewValues", "OldValues", "UpdatedAt", "UpdatedBy", "UserId")
VALUES (@p144, @p145, @p146, @p147, @p148, @p149, @p150, @p151, @p152, @p153, @p154, @p155, @p156, @p157, @p158, @p159);
INSERT INTO "AuditLogs" ("Id", "Action", "ChangedColumns", "CompanyId", "CreatedAt", "CreatedBy", "EntityId", "EntityName", "IpAddress", "IsActive", "LocationId", "NewValues", "OldValues", "UpdatedAt", "UpdatedBy", "UserId")
VALUES (@p160, @p161, @p162, @p163, @p164, @p165, @p166, @p167, @p168, @p169, @p170, @p171, @p172, @p173, @p174, @p175);
INSERT INTO "AuditLogs" ("Id", "Action", "ChangedColumns", "CompanyId", "CreatedAt", "CreatedBy", "EntityId", "EntityName", "IpAddress", "IsActive", "LocationId", "NewValues", "OldValues", "UpdatedAt", "UpdatedBy", "UserId")
VALUES (@p176, @p177, @p178, @p179, @p180, @p181, @p182, @p183, @p184, @p185, @p186, @p187, @p188, @p189, @p190, @p191);
UPDATE "NotificationQueues" SET "SentAt" = @p192, "Status" = @p193, "UpdatedAt" = @p194
WHERE "Id" = @p195;
UPDATE "NotificationQueues" SET "SentAt" = @p196, "Status" = @p197, "UpdatedAt" = @p198
WHERE "Id" = @p199;
UPDATE "NotificationQueues" SET "SentAt" = @p200, "Status" = @p201, "UpdatedAt" = @p202
WHERE "Id" = @p203;
UPDATE "NotificationQueues" SET "SentAt" = @p204, "Status" = @p205, "UpdatedAt" = @p206
WHERE "Id" = @p207;
UPDATE "NotificationQueues" SET "SentAt" = @p208, "Status" = @p209, "UpdatedAt" = @p210
WHERE "Id" = @p211;
UPDATE "NotificationQueues" SET "SentAt" = @p212, "Status" = @p213, "UpdatedAt" = @p214
WHERE "Id" = @p215;
2026-06-03 20:11:05.437 +05:30 [INF] Microsoft.EntityFrameworkCore.Database.Command: Executed DbCommand (6ms) [Parameters=[@__p_0='?' (DbType = Int32)], CommandType='"Text"', CommandTimeout='30']
SELECT n."Id", n."CompanyId", n."CreatedAt", n."CreatedBy", n."Error", n."Payload", n."Recipient", n."RetryCount", n."SentAt", n."Status", n."Subject", n."Type", n."UpdatedAt", n."UpdatedBy"
FROM "NotificationQueues" AS n
WHERE n."Type" = 'Sms' AND n."SentAt" IS NULL AND n."RetryCount" < 3
LIMIT @__p_0
2026-06-03 20:11:05.445 +05:30 [INF] Microsoft.EntityFrameworkCore.Database.Command: Executed DbCommand (4ms) [Parameters=[@__p_0='?' (DbType = Int32)], CommandType='"Text"', CommandTimeout='30']
SELECT n."Id", n."CompanyId", n."CreatedAt", n."CreatedBy", n."Error", n."Payload", n."Recipient", n."RetryCount", n."SentAt", n."Status", n."Subject", n."Type", n."UpdatedAt", n."UpdatedBy"
FROM "NotificationQueues" AS n
WHERE n."Type" = 'WhatsApp' AND n."SentAt" IS NULL AND n."RetryCount" < 3
LIMIT @__p_0
2026-06-03 20:11:06.393 +05:30 [DBG] Hangfire.Server.ServerHeartbeatProcess: Server antonyraj:30600:0e85fd10 heartbeat successfully sent
2026-06-03 20:11:26.569 +05:30 [INF] Microsoft.EntityFrameworkCore.Database.Command: Executed DbCommand (3ms) [Parameters=[@__p_0='?' (DbType = Int32)], CommandType='"Text"', CommandTimeout='30']
SELECT n."Id", n."CompanyId", n."CreatedAt", n."CreatedBy", n."Error", n."Payload", n."Recipient", n."RetryCount", n."SentAt", n."Status", n."Subject", n."Type", n."UpdatedAt", n."UpdatedBy"
FROM "NotificationQueues" AS n
WHERE n."Type" = 'Email' AND n."SentAt" IS NULL AND n."RetryCount" < 3
LIMIT @__p_0
2026-06-03 20:11:35.506 +05:30 [INF] Microsoft.EntityFrameworkCore.Database.Command: Executed DbCommand (2ms) [Parameters=[@__p_0='?' (DbType = Int32)], CommandType='"Text"', CommandTimeout='30']
SELECT n."Id", n."CompanyId", n."CreatedAt", n."CreatedBy", n."Error", n."Payload", n."Recipient", n."RetryCount", n."SentAt", n."Status", n."Subject", n."Type", n."UpdatedAt", n."UpdatedBy"
FROM "NotificationQueues" AS n
WHERE n."Type" = 'Sms' AND n."SentAt" IS NULL AND n."RetryCount" < 3
LIMIT @__p_0
2026-06-03 20:11:35.539 +05:30 [INF] Microsoft.EntityFrameworkCore.Database.Command: Executed DbCommand (15ms) [Parameters=[@__p_0='?' (DbType = Int32)], CommandType='"Text"', CommandTimeout='30']
SELECT n."Id", n."CompanyId", n."CreatedAt", n."CreatedBy", n."Error", n."Payload", n."Recipient", n."RetryCount", n."SentAt", n."Status", n."Subject", n."Type", n."UpdatedAt", n."UpdatedBy"
FROM "NotificationQueues" AS n
WHERE n."Type" = 'WhatsApp' AND n."SentAt" IS NULL AND n."RetryCount" < 3
LIMIT @__p_0
2026-06-03 20:11:36.440 +05:30 [DBG] Hangfire.Server.ServerHeartbeatProcess: Server antonyraj:30600:0e85fd10 heartbeat successfully sent
2026-06-03 20:11:56.598 +05:30 [INF] Microsoft.EntityFrameworkCore.Database.Command: Executed DbCommand (17ms) [Parameters=[@__p_0='?' (DbType = Int32)], CommandType='"Text"', CommandTimeout='30']
SELECT n."Id", n."CompanyId", n."CreatedAt", n."CreatedBy", n."Error", n."Payload", n."Recipient", n."RetryCount", n."SentAt", n."Status", n."Subject", n."Type", n."UpdatedAt", n."UpdatedBy"
FROM "NotificationQueues" AS n
WHERE n."Type" = 'Email' AND n."SentAt" IS NULL AND n."RetryCount" < 3
LIMIT @__p_0
2026-06-03 20:12:05.524 +05:30 [INF] Microsoft.EntityFrameworkCore.Database.Command: Executed DbCommand (6ms) [Parameters=[@__p_0='?' (DbType = Int32)], CommandType='"Text"', CommandTimeout='30']
SELECT n."Id", n."CompanyId", n."CreatedAt", n."CreatedBy", n."Error", n."Payload", n."Recipient", n."RetryCount", n."SentAt", n."Status", n."Subject", n."Type", n."UpdatedAt", n."UpdatedBy"
FROM "NotificationQueues" AS n
WHERE n."Type" = 'Sms' AND n."SentAt" IS NULL AND n."RetryCount" < 3
LIMIT @__p_0
2026-06-03 20:12:05.552 +05:30 [INF] Microsoft.EntityFrameworkCore.Database.Command: Executed DbCommand (4ms) [Parameters=[@__p_0='?' (DbType = Int32)], CommandType='"Text"', CommandTimeout='30']
SELECT n."Id", n."CompanyId", n."CreatedAt", n."CreatedBy", n."Error", n."Payload", n."Recipient", n."RetryCount", n."SentAt", n."Status", n."Subject", n."Type", n."UpdatedAt", n."UpdatedBy"
FROM "NotificationQueues" AS n
WHERE n."Type" = 'WhatsApp' AND n."SentAt" IS NULL AND n."RetryCount" < 3
LIMIT @__p_0
2026-06-03 20:12:06.441 +05:30 [DBG] Hangfire.Server.ServerHeartbeatProcess: Server antonyraj:30600:0e85fd10 heartbeat successfully sent
2026-06-03 20:12:26.614 +05:30 [INF] Microsoft.EntityFrameworkCore.Database.Command: Executed DbCommand (1ms) [Parameters=[@__p_0='?' (DbType = Int32)], CommandType='"Text"', CommandTimeout='30']
SELECT n."Id", n."CompanyId", n."CreatedAt", n."CreatedBy", n."Error", n."Payload", n."Recipient", n."RetryCount", n."SentAt", n."Status", n."Subject", n."Type", n."UpdatedAt", n."UpdatedBy"
FROM "NotificationQueues" AS n
WHERE n."Type" = 'Email' AND n."SentAt" IS NULL AND n."RetryCount" < 3
LIMIT @__p_0
2026-06-03 20:12:35.534 +05:30 [INF] Microsoft.EntityFrameworkCore.Database.Command: Executed DbCommand (2ms) [Parameters=[@__p_0='?' (DbType = Int32)], CommandType='"Text"', CommandTimeout='30']
SELECT n."Id", n."CompanyId", n."CreatedAt", n."CreatedBy", n."Error", n."Payload", n."Recipient", n."RetryCount", n."SentAt", n."Status", n."Subject", n."Type", n."UpdatedAt", n."UpdatedBy"
FROM "NotificationQueues" AS n
WHERE n."Type" = 'Sms' AND n."SentAt" IS NULL AND n."RetryCount" < 3
LIMIT @__p_0
2026-06-03 20:12:35.565 +05:30 [INF] Microsoft.EntityFrameworkCore.Database.Command: Executed DbCommand (2ms) [Parameters=[@__p_0='?' (DbType = Int32)], CommandType='"Text"', CommandTimeout='30']
SELECT n."Id", n."CompanyId", n."CreatedAt", n."CreatedBy", n."Error", n."Payload", n."Recipient", n."RetryCount", n."SentAt", n."Status", n."Subject", n."Type", n."UpdatedAt", n."UpdatedBy"
FROM "NotificationQueues" AS n
WHERE n."Type" = 'WhatsApp' AND n."SentAt" IS NULL AND n."RetryCount" < 3
LIMIT @__p_0
2026-06-03 20:12:36.474 +05:30 [DBG] Hangfire.Server.ServerHeartbeatProcess: Server antonyraj:30600:0e85fd10 heartbeat successfully sent
2026-06-03 20:12:56.636 +05:30 [INF] Microsoft.EntityFrameworkCore.Database.Command: Executed DbCommand (4ms) [Parameters=[@__p_0='?' (DbType = Int32)], CommandType='"Text"', CommandTimeout='30']
SELECT n."Id", n."CompanyId", n."CreatedAt", n."CreatedBy", n."Error", n."Payload", n."Recipient", n."RetryCount", n."SentAt", n."Status", n."Subject", n."Type", n."UpdatedAt", n."UpdatedBy"
FROM "NotificationQueues" AS n
WHERE n."Type" = 'Email' AND n."SentAt" IS NULL AND n."RetryCount" < 3
LIMIT @__p_0
2026-06-03 20:13:05.550 +05:30 [INF] Microsoft.EntityFrameworkCore.Database.Command: Executed DbCommand (1ms) [Parameters=[@__p_0='?' (DbType = Int32)], CommandType='"Text"', CommandTimeout='30']
SELECT n."Id", n."CompanyId", n."CreatedAt", n."CreatedBy", n."Error", n."Payload", n."Recipient", n."RetryCount", n."SentAt", n."Status", n."Subject", n."Type", n."UpdatedAt", n."UpdatedBy"
FROM "NotificationQueues" AS n
WHERE n."Type" = 'Sms' AND n."SentAt" IS NULL AND n."RetryCount" < 3
LIMIT @__p_0
2026-06-03 20:13:05.575 +05:30 [INF] Microsoft.EntityFrameworkCore.Database.Command: Executed DbCommand (2ms) [Parameters=[@__p_0='?' (DbType = Int32)], CommandType='"Text"', CommandTimeout='30']
SELECT n."Id", n."CompanyId", n."CreatedAt", n."CreatedBy", n."Error", n."Payload", n."Recipient", n."RetryCount", n."SentAt", n."Status", n."Subject", n."Type", n."UpdatedAt", n."UpdatedBy"
FROM "NotificationQueues" AS n
WHERE n."Type" = 'WhatsApp' AND n."SentAt" IS NULL AND n."RetryCount" < 3
LIMIT @__p_0
2026-06-03 20:13:06.487 +05:30 [DBG] Hangfire.Server.ServerHeartbeatProcess: Server antonyraj:30600:0e85fd10 heartbeat successfully sent
2026-06-03 20:13:26.672 +05:30 [INF] Microsoft.EntityFrameworkCore.Database.Command: Executed DbCommand (1ms) [Parameters=[@__p_0='?' (DbType = Int32)], CommandType='"Text"', CommandTimeout='30']
SELECT n."Id", n."CompanyId", n."CreatedAt", n."CreatedBy", n."Error", n."Payload", n."Recipient", n."RetryCount", n."SentAt", n."Status", n."Subject", n."Type", n."UpdatedAt", n."UpdatedBy"
FROM "NotificationQueues" AS n
WHERE n."Type" = 'Email' AND n."SentAt" IS NULL AND n."RetryCount" < 3
LIMIT @__p_0
2026-06-03 20:13:35.570 +05:30 [INF] Microsoft.EntityFrameworkCore.Database.Command: Executed DbCommand (1ms) [Parameters=[@__p_0='?' (DbType = Int32)], CommandType='"Text"', CommandTimeout='30']
SELECT n."Id", n."CompanyId", n."CreatedAt", n."CreatedBy", n."Error", n."Payload", n."Recipient", n."RetryCount", n."SentAt", n."Status", n."Subject", n."Type", n."UpdatedAt", n."UpdatedBy"
FROM "NotificationQueues" AS n
WHERE n."Type" = 'Sms' AND n."SentAt" IS NULL AND n."RetryCount" < 3
LIMIT @__p_0
2026-06-03 20:13:35.585 +05:30 [INF] Microsoft.EntityFrameworkCore.Database.Command: Executed DbCommand (1ms) [Parameters=[@__p_0='?' (DbType = Int32)], CommandType='"Text"', CommandTimeout='30']
SELECT n."Id", n."CompanyId", n."CreatedAt", n."CreatedBy", n."Error", n."Payload", n."Recipient", n."RetryCount", n."SentAt", n."Status", n."Subject", n."Type", n."UpdatedAt", n."UpdatedBy"
FROM "NotificationQueues" AS n
WHERE n."Type" = 'WhatsApp' AND n."SentAt" IS NULL AND n."RetryCount" < 3
LIMIT @__p_0
2026-06-03 20:13:36.487 +05:30 [DBG] Hangfire.Server.ServerHeartbeatProcess: Server antonyraj:30600:0e85fd10 heartbeat successfully sent
2026-06-03 20:13:56.694 +05:30 [INF] Microsoft.EntityFrameworkCore.Database.Command: Executed DbCommand (2ms) [Parameters=[@__p_0='?' (DbType = Int32)], CommandType='"Text"', CommandTimeout='30']
SELECT n."Id", n."CompanyId", n."CreatedAt", n."CreatedBy", n."Error", n."Payload", n."Recipient", n."RetryCount", n."SentAt", n."Status", n."Subject", n."Type", n."UpdatedAt", n."UpdatedBy"
FROM "NotificationQueues" AS n
WHERE n."Type" = 'Email' AND n."SentAt" IS NULL AND n."RetryCount" < 3
LIMIT @__p_0
2026-06-03 20:14:05.589 +05:30 [INF] Microsoft.EntityFrameworkCore.Database.Command: Executed DbCommand (1ms) [Parameters=[@__p_0='?' (DbType = Int32)], CommandType='"Text"', CommandTimeout='30']
SELECT n."Id", n."CompanyId", n."CreatedAt", n."CreatedBy", n."Error", n."Payload", n."Recipient", n."RetryCount", n."SentAt", n."Status", n."Subject", n."Type", n."UpdatedAt", n."UpdatedBy"
FROM "NotificationQueues" AS n
WHERE n."Type" = 'Sms' AND n."SentAt" IS NULL AND n."RetryCount" < 3
LIMIT @__p_0
2026-06-03 20:14:05.622 +05:30 [INF] Microsoft.EntityFrameworkCore.Database.Command: Executed DbCommand (3ms) [Parameters=[@__p_0='?' (DbType = Int32)], CommandType='"Text"', CommandTimeout='30']
SELECT n."Id", n."CompanyId", n."CreatedAt", n."CreatedBy", n."Error", n."Payload", n."Recipient", n."RetryCount", n."SentAt", n."Status", n."Subject", n."Type", n."UpdatedAt", n."UpdatedBy"
FROM "NotificationQueues" AS n
WHERE n."Type" = 'WhatsApp' AND n."SentAt" IS NULL AND n."RetryCount" < 3
LIMIT @__p_0
2026-06-03 20:14:06.494 +05:30 [DBG] Hangfire.Server.ServerHeartbeatProcess: Server antonyraj:30600:0e85fd10 heartbeat successfully sent
2026-06-03 20:14:26.804 +05:30 [INF] Microsoft.EntityFrameworkCore.Database.Command: Executed DbCommand (3ms) [Parameters=[@__p_0='?' (DbType = Int32)], CommandType='"Text"', CommandTimeout='30']
SELECT n."Id", n."CompanyId", n."CreatedAt", n."CreatedBy", n."Error", n."Payload", n."Recipient", n."RetryCount", n."SentAt", n."Status", n."Subject", n."Type", n."UpdatedAt", n."UpdatedBy"
FROM "NotificationQueues" AS n
WHERE n."Type" = 'Email' AND n."SentAt" IS NULL AND n."RetryCount" < 3
LIMIT @__p_0
2026-06-03 20:14:35.693 +05:30 [INF] Microsoft.EntityFrameworkCore.Database.Command: Executed DbCommand (1ms) [Parameters=[@__p_0='?' (DbType = Int32)], CommandType='"Text"', CommandTimeout='30']
SELECT n."Id", n."CompanyId", n."CreatedAt", n."CreatedBy", n."Error", n."Payload", n."Recipient", n."RetryCount", n."SentAt", n."Status", n."Subject", n."Type", n."UpdatedAt", n."UpdatedBy"
FROM "NotificationQueues" AS n
WHERE n."Type" = 'Sms' AND n."SentAt" IS NULL AND n."RetryCount" < 3
LIMIT @__p_0
2026-06-03 20:14:35.738 +05:30 [INF] Microsoft.EntityFrameworkCore.Database.Command: Executed DbCommand (1ms) [Parameters=[@__p_0='?' (DbType = Int32)], CommandType='"Text"', CommandTimeout='30']
SELECT n."Id", n."CompanyId", n."CreatedAt", n."CreatedBy", n."Error", n."Payload", n."Recipient", n."RetryCount", n."SentAt", n."Status", n."Subject", n."Type", n."UpdatedAt", n."UpdatedBy"
FROM "NotificationQueues" AS n
WHERE n."Type" = 'WhatsApp' AND n."SentAt" IS NULL AND n."RetryCount" < 3
LIMIT @__p_0
2026-06-03 20:14:36.546 +05:30 [DBG] Hangfire.Server.ServerHeartbeatProcess: Server antonyraj:30600:0e85fd10 heartbeat successfully sent
2026-06-03 20:14:56.825 +05:30 [INF] Microsoft.EntityFrameworkCore.Database.Command: Executed DbCommand (5ms) [Parameters=[@__p_0='?' (DbType = Int32)], CommandType='"Text"', CommandTimeout='30']
SELECT n."Id", n."CompanyId", n."CreatedAt", n."CreatedBy", n."Error", n."Payload", n."Recipient", n."RetryCount", n."SentAt", n."Status", n."Subject", n."Type", n."UpdatedAt", n."UpdatedBy"
FROM "NotificationQueues" AS n
WHERE n."Type" = 'Email' AND n."SentAt" IS NULL AND n."RetryCount" < 3
LIMIT @__p_0
2026-06-03 20:15:05.820 +05:30 [INF] Microsoft.EntityFrameworkCore.Database.Command: Executed DbCommand (3ms) [Parameters=[@__p_0='?' (DbType = Int32)], CommandType='"Text"', CommandTimeout='30']
SELECT n."Id", n."CompanyId", n."CreatedAt", n."CreatedBy", n."Error", n."Payload", n."Recipient", n."RetryCount", n."SentAt", n."Status", n."Subject", n."Type", n."UpdatedAt", n."UpdatedBy"
FROM "NotificationQueues" AS n
WHERE n."Type" = 'Sms' AND n."SentAt" IS NULL AND n."RetryCount" < 3
LIMIT @__p_0
2026-06-03 20:15:05.820 +05:30 [INF] Microsoft.EntityFrameworkCore.Database.Command: Executed DbCommand (3ms) [Parameters=[@__p_0='?' (DbType = Int32)], CommandType='"Text"', CommandTimeout='30']
SELECT n."Id", n."CompanyId", n."CreatedAt", n."CreatedBy", n."Error", n."Payload", n."Recipient", n."RetryCount", n."SentAt", n."Status", n."Subject", n."Type", n."UpdatedAt", n."UpdatedBy"
FROM "NotificationQueues" AS n
WHERE n."Type" = 'WhatsApp' AND n."SentAt" IS NULL AND n."RetryCount" < 3
LIMIT @__p_0
2026-06-03 20:15:06.582 +05:30 [DBG] Hangfire.Server.ServerHeartbeatProcess: Server antonyraj:30600:0e85fd10 heartbeat successfully sent
2026-06-03 20:15:07.738 +05:30 [DBG] Hangfire.PostgreSql.CountersAggregator: Aggregating records in 'Counter' table...
2026-06-03 20:15:26.866 +05:30 [INF] Microsoft.EntityFrameworkCore.Database.Command: Executed DbCommand (3ms) [Parameters=[@__p_0='?' (DbType = Int32)], CommandType='"Text"', CommandTimeout='30']
SELECT n."Id", n."CompanyId", n."CreatedAt", n."CreatedBy", n."Error", n."Payload", n."Recipient", n."RetryCount", n."SentAt", n."Status", n."Subject", n."Type", n."UpdatedAt", n."UpdatedBy"
FROM "NotificationQueues" AS n
WHERE n."Type" = 'Email' AND n."SentAt" IS NULL AND n."RetryCount" < 3
LIMIT @__p_0
2026-06-03 20:15:35.837 +05:30 [INF] Microsoft.EntityFrameworkCore.Database.Command: Executed DbCommand (2ms) [Parameters=[@__p_0='?' (DbType = Int32)], CommandType='"Text"', CommandTimeout='30']
SELECT n."Id", n."CompanyId", n."CreatedAt", n."CreatedBy", n."Error", n."Payload", n."Recipient", n."RetryCount", n."SentAt", n."Status", n."Subject", n."Type", n."UpdatedAt", n."UpdatedBy"
FROM "NotificationQueues" AS n
WHERE n."Type" = 'Sms' AND n."SentAt" IS NULL AND n."RetryCount" < 3
LIMIT @__p_0
2026-06-03 20:15:35.841 +05:30 [INF] Microsoft.EntityFrameworkCore.Database.Command: Executed DbCommand (6ms) [Parameters=[@__p_0='?' (DbType = Int32)], CommandType='"Text"', CommandTimeout='30']
SELECT n."Id", n."CompanyId", n."CreatedAt", n."CreatedBy", n."Error", n."Payload", n."Recipient", n."RetryCount", n."SentAt", n."Status", n."Subject", n."Type", n."UpdatedAt", n."UpdatedBy"
FROM "NotificationQueues" AS n
WHERE n."Type" = 'WhatsApp' AND n."SentAt" IS NULL AND n."RetryCount" < 3
LIMIT @__p_0
2026-06-03 20:15:36.625 +05:30 [DBG] Hangfire.Server.ServerHeartbeatProcess: Server antonyraj:30600:0e85fd10 heartbeat successfully sent
2026-06-03 20:15:56.883 +05:30 [INF] Microsoft.EntityFrameworkCore.Database.Command: Executed DbCommand (1ms) [Parameters=[@__p_0='?' (DbType = Int32)], CommandType='"Text"', CommandTimeout='30']
SELECT n."Id", n."CompanyId", n."CreatedAt", n."CreatedBy", n."Error", n."Payload", n."Recipient", n."RetryCount", n."SentAt", n."Status", n."Subject", n."Type", n."UpdatedAt", n."UpdatedBy"
FROM "NotificationQueues" AS n
WHERE n."Type" = 'Email' AND n."SentAt" IS NULL AND n."RetryCount" < 3
LIMIT @__p_0
2026-06-03 20:16:05.856 +05:30 [INF] Microsoft.EntityFrameworkCore.Database.Command: Executed DbCommand (3ms) [Parameters=[@__p_0='?' (DbType = Int32)], CommandType='"Text"', CommandTimeout='30']
SELECT n."Id", n."CompanyId", n."CreatedAt", n."CreatedBy", n."Error", n."Payload", n."Recipient", n."RetryCount", n."SentAt", n."Status", n."Subject", n."Type", n."UpdatedAt", n."UpdatedBy"
FROM "NotificationQueues" AS n
WHERE n."Type" = 'Sms' AND n."SentAt" IS NULL AND n."RetryCount" < 3
LIMIT @__p_0
2026-06-03 20:16:05.857 +05:30 [INF] Microsoft.EntityFrameworkCore.Database.Command: Executed DbCommand (2ms) [Parameters=[@__p_0='?' (DbType = Int32)], CommandType='"Text"', CommandTimeout='30']
SELECT n."Id", n."CompanyId", n."CreatedAt", n."CreatedBy", n."Error", n."Payload", n."Recipient", n."RetryCount", n."SentAt", n."Status", n."Subject", n."Type", n."UpdatedAt", n."UpdatedBy"
FROM "NotificationQueues" AS n
WHERE n."Type" = 'WhatsApp' AND n."SentAt" IS NULL AND n."RetryCount" < 3
LIMIT @__p_0
2026-06-03 20:16:06.653 +05:30 [DBG] Hangfire.Server.ServerHeartbeatProcess: Server antonyraj:30600:0e85fd10 heartbeat successfully sent
2026-06-03 20:16:26.900 +05:30 [INF] Microsoft.EntityFrameworkCore.Database.Command: Executed DbCommand (1ms) [Parameters=[@__p_0='?' (DbType = Int32)], CommandType='"Text"', CommandTimeout='30']
SELECT n."Id", n."CompanyId", n."CreatedAt", n."CreatedBy", n."Error", n."Payload", n."Recipient", n."RetryCount", n."SentAt", n."Status", n."Subject", n."Type", n."UpdatedAt", n."UpdatedBy"
FROM "NotificationQueues" AS n
WHERE n."Type" = 'Email' AND n."SentAt" IS NULL AND n."RetryCount" < 3
LIMIT @__p_0
2026-06-03 20:16:35.871 +05:30 [INF] Microsoft.EntityFrameworkCore.Database.Command: Executed DbCommand (2ms) [Parameters=[@__p_0='?' (DbType = Int32)], CommandType='"Text"', CommandTimeout='30']
SELECT n."Id", n."CompanyId", n."CreatedAt", n."CreatedBy", n."Error", n."Payload", n."Recipient", n."RetryCount", n."SentAt", n."Status", n."Subject", n."Type", n."UpdatedAt", n."UpdatedBy"
FROM "NotificationQueues" AS n
WHERE n."Type" = 'Sms' AND n."SentAt" IS NULL AND n."RetryCount" < 3
LIMIT @__p_0
2026-06-03 20:16:35.872 +05:30 [INF] Microsoft.EntityFrameworkCore.Database.Command: Executed DbCommand (1ms) [Parameters=[@__p_0='?' (DbType = Int32)], CommandType='"Text"', CommandTimeout='30']
SELECT n."Id", n."CompanyId", n."CreatedAt", n."CreatedBy", n."Error", n."Payload", n."Recipient", n."RetryCount", n."SentAt", n."Status", n."Subject", n."Type", n."UpdatedAt", n."UpdatedBy"
FROM "NotificationQueues" AS n
WHERE n."Type" = 'WhatsApp' AND n."SentAt" IS NULL AND n."RetryCount" < 3
LIMIT @__p_0
2026-06-03 20:16:36.680 +05:30 [DBG] Hangfire.Server.ServerHeartbeatProcess: Server antonyraj:30600:0e85fd10 heartbeat successfully sent
2026-06-03 20:16:56.915 +05:30 [INF] Microsoft.EntityFrameworkCore.Database.Command: Executed DbCommand (1ms) [Parameters=[@__p_0='?' (DbType = Int32)], CommandType='"Text"', CommandTimeout='30']
SELECT n."Id", n."CompanyId", n."CreatedAt", n."CreatedBy", n."Error", n."Payload", n."Recipient", n."RetryCount", n."SentAt", n."Status", n."Subject", n."Type", n."UpdatedAt", n."UpdatedBy"
FROM "NotificationQueues" AS n
WHERE n."Type" = 'Email' AND n."SentAt" IS NULL AND n."RetryCount" < 3
LIMIT @__p_0
2026-06-03 20:17:05.888 +05:30 [INF] Microsoft.EntityFrameworkCore.Database.Command: Executed DbCommand (3ms) [Parameters=[@__p_0='?' (DbType = Int32)], CommandType='"Text"', CommandTimeout='30']
SELECT n."Id", n."CompanyId", n."CreatedAt", n."CreatedBy", n."Error", n."Payload", n."Recipient", n."RetryCount", n."SentAt", n."Status", n."Subject", n."Type", n."UpdatedAt", n."UpdatedBy"
FROM "NotificationQueues" AS n
WHERE n."Type" = 'Sms' AND n."SentAt" IS NULL AND n."RetryCount" < 3
LIMIT @__p_0
2026-06-03 20:17:05.918 +05:30 [INF] Microsoft.EntityFrameworkCore.Database.Command: Executed DbCommand (11ms) [Parameters=[@__p_0='?' (DbType = Int32)], CommandType='"Text"', CommandTimeout='30']
SELECT n."Id", n."CompanyId", n."CreatedAt", n."CreatedBy", n."Error", n."Payload", n."Recipient", n."RetryCount", n."SentAt", n."Status", n."Subject", n."Type", n."UpdatedAt", n."UpdatedBy"
FROM "NotificationQueues" AS n
WHERE n."Type" = 'WhatsApp' AND n."SentAt" IS NULL AND n."RetryCount" < 3
LIMIT @__p_0
2026-06-03 20:17:06.692 +05:30 [DBG] Hangfire.Server.ServerHeartbeatProcess: Server antonyraj:30600:0e85fd10 heartbeat successfully sent
2026-06-03 20:17:26.922 +05:30 [INF] Microsoft.EntityFrameworkCore.Database.Command: Executed DbCommand (4ms) [Parameters=[@__p_0='?' (DbType = Int32)], CommandType='"Text"', CommandTimeout='30']
SELECT n."Id", n."CompanyId", n."CreatedAt", n."CreatedBy", n."Error", n."Payload", n."Recipient", n."RetryCount", n."SentAt", n."Status", n."Subject", n."Type", n."UpdatedAt", n."UpdatedBy"
FROM "NotificationQueues" AS n
WHERE n."Type" = 'Email' AND n."SentAt" IS NULL AND n."RetryCount" < 3
LIMIT @__p_0
2026-06-03 20:17:36.027 +05:30 [INF] Microsoft.EntityFrameworkCore.Database.Command: Executed DbCommand (24ms) [Parameters=[@__p_0='?' (DbType = Int32)], CommandType='"Text"', CommandTimeout='30']
SELECT n."Id", n."CompanyId", n."CreatedAt", n."CreatedBy", n."Error", n."Payload", n."Recipient", n."RetryCount", n."SentAt", n."Status", n."Subject", n."Type", n."UpdatedAt", n."UpdatedBy"
FROM "NotificationQueues" AS n
WHERE n."Type" = 'Sms' AND n."SentAt" IS NULL AND n."RetryCount" < 3
LIMIT @__p_0
2026-06-03 20:17:36.054 +05:30 [INF] Microsoft.EntityFrameworkCore.Database.Command: Executed DbCommand (4ms) [Parameters=[@__p_0='?' (DbType = Int32)], CommandType='"Text"', CommandTimeout='30']
SELECT n."Id", n."CompanyId", n."CreatedAt", n."CreatedBy", n."Error", n."Payload", n."Recipient", n."RetryCount", n."SentAt", n."Status", n."Subject", n."Type", n."UpdatedAt", n."UpdatedBy"
FROM "NotificationQueues" AS n
WHERE n."Type" = 'WhatsApp' AND n."SentAt" IS NULL AND n."RetryCount" < 3
LIMIT @__p_0
2026-06-03 20:17:36.706 +05:30 [DBG] Hangfire.Server.ServerHeartbeatProcess: Server antonyraj:30600:0e85fd10 heartbeat successfully sent
2026-06-03 20:17:56.934 +05:30 [INF] Microsoft.EntityFrameworkCore.Database.Command: Executed DbCommand (1ms) [Parameters=[@__p_0='?' (DbType = Int32)], CommandType='"Text"', CommandTimeout='30']
SELECT n."Id", n."CompanyId", n."CreatedAt", n."CreatedBy", n."Error", n."Payload", n."Recipient", n."RetryCount", n."SentAt", n."Status", n."Subject", n."Type", n."UpdatedAt", n."UpdatedBy"
FROM "NotificationQueues" AS n
WHERE n."Type" = 'Email' AND n."SentAt" IS NULL AND n."RetryCount" < 3
LIMIT @__p_0
2026-06-03 20:18:06.062 +05:30 [INF] Microsoft.EntityFrameworkCore.Database.Command: Executed DbCommand (7ms) [Parameters=[@__p_0='?' (DbType = Int32)], CommandType='"Text"', CommandTimeout='30']
SELECT n."Id", n."CompanyId", n."CreatedAt", n."CreatedBy", n."Error", n."Payload", n."Recipient", n."RetryCount", n."SentAt", n."Status", n."Subject", n."Type", n."UpdatedAt", n."UpdatedBy"
FROM "NotificationQueues" AS n
WHERE n."Type" = 'Sms' AND n."SentAt" IS NULL AND n."RetryCount" < 3
LIMIT @__p_0
2026-06-03 20:18:06.127 +05:30 [INF] Microsoft.EntityFrameworkCore.Database.Command: Executed DbCommand (2ms) [Parameters=[@__p_0='?' (DbType = Int32)], CommandType='"Text"', CommandTimeout='30']
SELECT n."Id", n."CompanyId", n."CreatedAt", n."CreatedBy", n."Error", n."Payload", n."Recipient", n."RetryCount", n."SentAt", n."Status", n."Subject", n."Type", n."UpdatedAt", n."UpdatedBy"
FROM "NotificationQueues" AS n
WHERE n."Type" = 'WhatsApp' AND n."SentAt" IS NULL AND n."RetryCount" < 3
LIMIT @__p_0
2026-06-03 20:18:06.712 +05:30 [DBG] Hangfire.Server.ServerHeartbeatProcess: Server antonyraj:30600:0e85fd10 heartbeat successfully sent
2026-06-03 20:18:26.944 +05:30 [INF] Microsoft.EntityFrameworkCore.Database.Command: Executed DbCommand (1ms) [Parameters=[@__p_0='?' (DbType = Int32)], CommandType='"Text"', CommandTimeout='30']
SELECT n."Id", n."CompanyId", n."CreatedAt", n."CreatedBy", n."Error", n."Payload", n."Recipient", n."RetryCount", n."SentAt", n."Status", n."Subject", n."Type", n."UpdatedAt", n."UpdatedBy"
FROM "NotificationQueues" AS n
WHERE n."Type" = 'Email' AND n."SentAt" IS NULL AND n."RetryCount" < 3
LIMIT @__p_0
2026-06-03 20:18:36.093 +05:30 [INF] Microsoft.EntityFrameworkCore.Database.Command: Executed DbCommand (2ms) [Parameters=[@__p_0='?' (DbType = Int32)], CommandType='"Text"', CommandTimeout='30']
SELECT n."Id", n."CompanyId", n."CreatedAt", n."CreatedBy", n."Error", n."Payload", n."Recipient", n."RetryCount", n."SentAt", n."Status", n."Subject", n."Type", n."UpdatedAt", n."UpdatedBy"
FROM "NotificationQueues" AS n
WHERE n."Type" = 'Sms' AND n."SentAt" IS NULL AND n."RetryCount" < 3
LIMIT @__p_0
2026-06-03 20:18:36.139 +05:30 [INF] Microsoft.EntityFrameworkCore.Database.Command: Executed DbCommand (1ms) [Parameters=[@__p_0='?' (DbType = Int32)], CommandType='"Text"', CommandTimeout='30']
SELECT n."Id", n."CompanyId", n."CreatedAt", n."CreatedBy", n."Error", n."Payload", n."Recipient", n."RetryCount", n."SentAt", n."Status", n."Subject", n."Type", n."UpdatedAt", n."UpdatedBy"
FROM "NotificationQueues" AS n
WHERE n."Type" = 'WhatsApp' AND n."SentAt" IS NULL AND n."RetryCount" < 3
LIMIT @__p_0
2026-06-03 20:18:36.718 +05:30 [DBG] Hangfire.Server.ServerHeartbeatProcess: Server antonyraj:30600:0e85fd10 heartbeat successfully sent
2026-06-03 20:18:56.985 +05:30 [INF] Microsoft.EntityFrameworkCore.Database.Command: Executed DbCommand (14ms) [Parameters=[@__p_0='?' (DbType = Int32)], CommandType='"Text"', CommandTimeout='30']
SELECT n."Id", n."CompanyId", n."CreatedAt", n."CreatedBy", n."Error", n."Payload", n."Recipient", n."RetryCount", n."SentAt", n."Status", n."Subject", n."Type", n."UpdatedAt", n."UpdatedBy"
FROM "NotificationQueues" AS n
WHERE n."Type" = 'Email' AND n."SentAt" IS NULL AND n."RetryCount" < 3
LIMIT @__p_0
2026-06-03 20:19:06.118 +05:30 [INF] Microsoft.EntityFrameworkCore.Database.Command: Executed DbCommand (1ms) [Parameters=[@__p_0='?' (DbType = Int32)], CommandType='"Text"', CommandTimeout='30']
SELECT n."Id", n."CompanyId", n."CreatedAt", n."CreatedBy", n."Error", n."Payload", n."Recipient", n."RetryCount", n."SentAt", n."Status", n."Subject", n."Type", n."UpdatedAt", n."UpdatedBy"
FROM "NotificationQueues" AS n
WHERE n."Type" = 'Sms' AND n."SentAt" IS NULL AND n."RetryCount" < 3
LIMIT @__p_0
2026-06-03 20:19:06.170 +05:30 [INF] Microsoft.EntityFrameworkCore.Database.Command: Executed DbCommand (6ms) [Parameters=[@__p_0='?' (DbType = Int32)], CommandType='"Text"', CommandTimeout='30']
SELECT n."Id", n."CompanyId", n."CreatedAt", n."CreatedBy", n."Error", n."Payload", n."Recipient", n."RetryCount", n."SentAt", n."Status", n."Subject", n."Type", n."UpdatedAt", n."UpdatedBy"
FROM "NotificationQueues" AS n
WHERE n."Type" = 'WhatsApp' AND n."SentAt" IS NULL AND n."RetryCount" < 3
LIMIT @__p_0
2026-06-03 20:19:06.722 +05:30 [DBG] Hangfire.Server.ServerHeartbeatProcess: Server antonyraj:30600:0e85fd10 heartbeat successfully sent
2026-06-03 20:19:27.023 +05:30 [INF] Microsoft.EntityFrameworkCore.Database.Command: Executed DbCommand (2ms) [Parameters=[@__p_0='?' (DbType = Int32)], CommandType='"Text"', CommandTimeout='30']
SELECT n."Id", n."CompanyId", n."CreatedAt", n."CreatedBy", n."Error", n."Payload", n."Recipient", n."RetryCount", n."SentAt", n."Status", n."Subject", n."Type", n."UpdatedAt", n."UpdatedBy"
FROM "NotificationQueues" AS n
WHERE n."Type" = 'Email' AND n."SentAt" IS NULL AND n."RetryCount" < 3
LIMIT @__p_0
2026-06-03 20:19:36.143 +05:30 [INF] Microsoft.EntityFrameworkCore.Database.Command: Executed DbCommand (2ms) [Parameters=[@__p_0='?' (DbType = Int32)], CommandType='"Text"', CommandTimeout='30']
SELECT n."Id", n."CompanyId", n."CreatedAt", n."CreatedBy", n."Error", n."Payload", n."Recipient", n."RetryCount", n."SentAt", n."Status", n."Subject", n."Type", n."UpdatedAt", n."UpdatedBy"
FROM "NotificationQueues" AS n
WHERE n."Type" = 'Sms' AND n."SentAt" IS NULL AND n."RetryCount" < 3
LIMIT @__p_0
2026-06-03 20:19:36.207 +05:30 [INF] Microsoft.EntityFrameworkCore.Database.Command: Executed DbCommand (2ms) [Parameters=[@__p_0='?' (DbType = Int32)], CommandType='"Text"', CommandTimeout='30']
SELECT n."Id", n."CompanyId", n."CreatedAt", n."CreatedBy", n."Error", n."Payload", n."Recipient", n."RetryCount", n."SentAt", n."Status", n."Subject", n."Type", n."UpdatedAt", n."UpdatedBy"
FROM "NotificationQueues" AS n
WHERE n."Type" = 'WhatsApp' AND n."SentAt" IS NULL AND n."RetryCount" < 3
LIMIT @__p_0
2026-06-03 20:19:36.729 +05:30 [DBG] Hangfire.Server.ServerHeartbeatProcess: Server antonyraj:30600:0e85fd10 heartbeat successfully sent
2026-06-03 20:19:57.062 +05:30 [INF] Microsoft.EntityFrameworkCore.Database.Command: Executed DbCommand (3ms) [Parameters=[@__p_0='?' (DbType = Int32)], CommandType='"Text"', CommandTimeout='30']
SELECT n."Id", n."CompanyId", n."CreatedAt", n."CreatedBy", n."Error", n."Payload", n."Recipient", n."RetryCount", n."SentAt", n."Status", n."Subject", n."Type", n."UpdatedAt", n."UpdatedBy"
FROM "NotificationQueues" AS n
WHERE n."Type" = 'Email' AND n."SentAt" IS NULL AND n."RetryCount" < 3
LIMIT @__p_0
2026-06-03 20:20:06.406 +05:30 [INF] Microsoft.EntityFrameworkCore.Database.Command: Executed DbCommand (9ms) [Parameters=[@__p_0='?' (DbType = Int32)], CommandType='"Text"', CommandTimeout='30']
SELECT n."Id", n."CompanyId", n."CreatedAt", n."CreatedBy", n."Error", n."Payload", n."Recipient", n."RetryCount", n."SentAt", n."Status", n."Subject", n."Type", n."UpdatedAt", n."UpdatedBy"
FROM "NotificationQueues" AS n
WHERE n."Type" = 'Sms' AND n."SentAt" IS NULL AND n."RetryCount" < 3
LIMIT @__p_0
2026-06-03 20:20:06.406 +05:30 [INF] Microsoft.EntityFrameworkCore.Database.Command: Executed DbCommand (8ms) [Parameters=[@__p_0='?' (DbType = Int32)], CommandType='"Text"', CommandTimeout='30']
SELECT n."Id", n."CompanyId", n."CreatedAt", n."CreatedBy", n."Error", n."Payload", n."Recipient", n."RetryCount", n."SentAt", n."Status", n."Subject", n."Type", n."UpdatedAt", n."UpdatedBy"
FROM "NotificationQueues" AS n
WHERE n."Type" = 'WhatsApp' AND n."SentAt" IS NULL AND n."RetryCount" < 3
LIMIT @__p_0
2026-06-03 20:20:06.744 +05:30 [DBG] Hangfire.Server.ServerHeartbeatProcess: Server antonyraj:30600:0e85fd10 heartbeat successfully sent
2026-06-03 20:20:07.760 +05:30 [DBG] Hangfire.PostgreSql.CountersAggregator: Aggregating records in 'Counter' table...
2026-06-03 20:20:27.074 +05:30 [INF] Microsoft.EntityFrameworkCore.Database.Command: Executed DbCommand (3ms) [Parameters=[@__p_0='?' (DbType = Int32)], CommandType='"Text"', CommandTimeout='30']
SELECT n."Id", n."CompanyId", n."CreatedAt", n."CreatedBy", n."Error", n."Payload", n."Recipient", n."RetryCount", n."SentAt", n."Status", n."Subject", n."Type", n."UpdatedAt", n."UpdatedBy"
FROM "NotificationQueues" AS n
WHERE n."Type" = 'Email' AND n."SentAt" IS NULL AND n."RetryCount" < 3
LIMIT @__p_0
2026-06-03 20:20:36.432 +05:30 [INF] Microsoft.EntityFrameworkCore.Database.Command: Executed DbCommand (5ms) [Parameters=[@__p_0='?' (DbType = Int32)], CommandType='"Text"', CommandTimeout='30']
SELECT n."Id", n."CompanyId", n."CreatedAt", n."CreatedBy", n."Error", n."Payload", n."Recipient", n."RetryCount", n."SentAt", n."Status", n."Subject", n."Type", n."UpdatedAt", n."UpdatedBy"
FROM "NotificationQueues" AS n
WHERE n."Type" = 'Sms' AND n."SentAt" IS NULL AND n."RetryCount" < 3
LIMIT @__p_0
2026-06-03 20:20:36.469 +05:30 [INF] Microsoft.EntityFrameworkCore.Database.Command: Executed DbCommand (3ms) [Parameters=[@__p_0='?' (DbType = Int32)], CommandType='"Text"', CommandTimeout='30']
SELECT n."Id", n."CompanyId", n."CreatedAt", n."CreatedBy", n."Error", n."Payload", n."Recipient", n."RetryCount", n."SentAt", n."Status", n."Subject", n."Type", n."UpdatedAt", n."UpdatedBy"
FROM "NotificationQueues" AS n
WHERE n."Type" = 'WhatsApp' AND n."SentAt" IS NULL AND n."RetryCount" < 3
LIMIT @__p_0
2026-06-03 20:20:36.768 +05:30 [DBG] Hangfire.Server.ServerHeartbeatProcess: Server antonyraj:30600:0e85fd10 heartbeat successfully sent
2026-06-03 20:20:57.176 +05:30 [INF] Microsoft.EntityFrameworkCore.Database.Command: Executed DbCommand (6ms) [Parameters=[@__p_0='?' (DbType = Int32)], CommandType='"Text"', CommandTimeout='30']
SELECT n."Id", n."CompanyId", n."CreatedAt", n."CreatedBy", n."Error", n."Payload", n."Recipient", n."RetryCount", n."SentAt", n."Status", n."Subject", n."Type", n."UpdatedAt", n."UpdatedBy"
FROM "NotificationQueues" AS n
WHERE n."Type" = 'Email' AND n."SentAt" IS NULL AND n."RetryCount" < 3
LIMIT @__p_0
2026-06-03 20:21:06.442 +05:30 [INF] Microsoft.EntityFrameworkCore.Database.Command: Executed DbCommand (1ms) [Parameters=[@__p_0='?' (DbType = Int32)], CommandType='"Text"', CommandTimeout='30']
SELECT n."Id", n."CompanyId", n."CreatedAt", n."CreatedBy", n."Error", n."Payload", n."Recipient", n."RetryCount", n."SentAt", n."Status", n."Subject", n."Type", n."UpdatedAt", n."UpdatedBy"
FROM "NotificationQueues" AS n
WHERE n."Type" = 'Sms' AND n."SentAt" IS NULL AND n."RetryCount" < 3
LIMIT @__p_0
2026-06-03 20:21:06.522 +05:30 [INF] Microsoft.EntityFrameworkCore.Database.Command: Executed DbCommand (8ms) [Parameters=[@__p_0='?' (DbType = Int32)], CommandType='"Text"', CommandTimeout='30']
SELECT n."Id", n."CompanyId", n."CreatedAt", n."CreatedBy", n."Error", n."Payload", n."Recipient", n."RetryCount", n."SentAt", n."Status", n."Subject", n."Type", n."UpdatedAt", n."UpdatedBy"
FROM "NotificationQueues" AS n
WHERE n."Type" = 'WhatsApp' AND n."SentAt" IS NULL AND n."RetryCount" < 3
LIMIT @__p_0
2026-06-03 20:21:06.780 +05:30 [DBG] Hangfire.Server.ServerHeartbeatProcess: Server antonyraj:30600:0e85fd10 heartbeat successfully sent
2026-06-03 20:21:27.219 +05:30 [INF] Microsoft.EntityFrameworkCore.Database.Command: Executed DbCommand (4ms) [Parameters=[@__p_0='?' (DbType = Int32)], CommandType='"Text"', CommandTimeout='30']
SELECT n."Id", n."CompanyId", n."CreatedAt", n."CreatedBy", n."Error", n."Payload", n."Recipient", n."RetryCount", n."SentAt", n."Status", n."Subject", n."Type", n."UpdatedAt", n."UpdatedBy"
FROM "NotificationQueues" AS n
WHERE n."Type" = 'Email' AND n."SentAt" IS NULL AND n."RetryCount" < 3
LIMIT @__p_0
2026-06-03 20:21:36.464 +05:30 [INF] Microsoft.EntityFrameworkCore.Database.Command: Executed DbCommand (6ms) [Parameters=[@__p_0='?' (DbType = Int32)], CommandType='"Text"', CommandTimeout='30']
SELECT n."Id", n."CompanyId", n."CreatedAt", n."CreatedBy", n."Error", n."Payload", n."Recipient", n."RetryCount", n."SentAt", n."Status", n."Subject", n."Type", n."UpdatedAt", n."UpdatedBy"
FROM "NotificationQueues" AS n
WHERE n."Type" = 'Sms' AND n."SentAt" IS NULL AND n."RetryCount" < 3
LIMIT @__p_0
2026-06-03 20:21:36.551 +05:30 [INF] Microsoft.EntityFrameworkCore.Database.Command: Executed DbCommand (1ms) [Parameters=[@__p_0='?' (DbType = Int32)], CommandType='"Text"', CommandTimeout='30']
SELECT n."Id", n."CompanyId", n."CreatedAt", n."CreatedBy", n."Error", n."Payload", n."Recipient", n."RetryCount", n."SentAt", n."Status", n."Subject", n."Type", n."UpdatedAt", n."UpdatedBy"
FROM "NotificationQueues" AS n
WHERE n."Type" = 'WhatsApp' AND n."SentAt" IS NULL AND n."RetryCount" < 3
LIMIT @__p_0
2026-06-03 20:21:36.794 +05:30 [DBG] Hangfire.Server.ServerHeartbeatProcess: Server antonyraj:30600:0e85fd10 heartbeat successfully sent
2026-06-03 20:21:57.233 +05:30 [INF] Microsoft.EntityFrameworkCore.Database.Command: Executed DbCommand (1ms) [Parameters=[@__p_0='?' (DbType = Int32)], CommandType='"Text"', CommandTimeout='30']
SELECT n."Id", n."CompanyId", n."CreatedAt", n."CreatedBy", n."Error", n."Payload", n."Recipient", n."RetryCount", n."SentAt", n."Status", n."Subject", n."Type", n."UpdatedAt", n."UpdatedBy"
FROM "NotificationQueues" AS n
WHERE n."Type" = 'Email' AND n."SentAt" IS NULL AND n."RetryCount" < 3
LIMIT @__p_0
2026-06-03 20:22:06.492 +05:30 [INF] Microsoft.EntityFrameworkCore.Database.Command: Executed DbCommand (1ms) [Parameters=[@__p_0='?' (DbType = Int32)], CommandType='"Text"', CommandTimeout='30']
SELECT n."Id", n."CompanyId", n."CreatedAt", n."CreatedBy", n."Error", n."Payload", n."Recipient", n."RetryCount", n."SentAt", n."Status", n."Subject", n."Type", n."UpdatedAt", n."UpdatedBy"
FROM "NotificationQueues" AS n
WHERE n."Type" = 'Sms' AND n."SentAt" IS NULL AND n."RetryCount" < 3
LIMIT @__p_0
2026-06-03 20:22:06.573 +05:30 [INF] Microsoft.EntityFrameworkCore.Database.Command: Executed DbCommand (2ms) [Parameters=[@__p_0='?' (DbType = Int32)], CommandType='"Text"', CommandTimeout='30']
SELECT n."Id", n."CompanyId", n."CreatedAt", n."CreatedBy", n."Error", n."Payload", n."Recipient", n."RetryCount", n."SentAt", n."Status", n."Subject", n."Type", n."UpdatedAt", n."UpdatedBy"
FROM "NotificationQueues" AS n
WHERE n."Type" = 'WhatsApp' AND n."SentAt" IS NULL AND n."RetryCount" < 3
LIMIT @__p_0
2026-06-03 20:22:06.814 +05:30 [DBG] Hangfire.Server.ServerHeartbeatProcess: Server antonyraj:30600:0e85fd10 heartbeat successfully sent
2026-06-03 20:22:27.255 +05:30 [INF] Microsoft.EntityFrameworkCore.Database.Command: Executed DbCommand (5ms) [Parameters=[@__p_0='?' (DbType = Int32)], CommandType='"Text"', CommandTimeout='30']
SELECT n."Id", n."CompanyId", n."CreatedAt", n."CreatedBy", n."Error", n."Payload", n."Recipient", n."RetryCount", n."SentAt", n."Status", n."Subject", n."Type", n."UpdatedAt", n."UpdatedBy"
FROM "NotificationQueues" AS n
WHERE n."Type" = 'Email' AND n."SentAt" IS NULL AND n."RetryCount" < 3
LIMIT @__p_0
2026-06-03 20:22:36.542 +05:30 [INF] Microsoft.EntityFrameworkCore.Database.Command: Executed DbCommand (1ms) [Parameters=[@__p_0='?' (DbType = Int32)], CommandType='"Text"', CommandTimeout='30']
SELECT n."Id", n."CompanyId", n."CreatedAt", n."CreatedBy", n."Error", n."Payload", n."Recipient", n."RetryCount", n."SentAt", n."Status", n."Subject", n."Type", n."UpdatedAt", n."UpdatedBy"
FROM "NotificationQueues" AS n
WHERE n."Type" = 'Sms' AND n."SentAt" IS NULL AND n."RetryCount" < 3
LIMIT @__p_0
2026-06-03 20:22:36.592 +05:30 [INF] Microsoft.EntityFrameworkCore.Database.Command: Executed DbCommand (1ms) [Parameters=[@__p_0='?' (DbType = Int32)], CommandType='"Text"', CommandTimeout='30']
SELECT n."Id", n."CompanyId", n."CreatedAt", n."CreatedBy", n."Error", n."Payload", n."Recipient", n."RetryCount", n."SentAt", n."Status", n."Subject", n."Type", n."UpdatedAt", n."UpdatedBy"
FROM "NotificationQueues" AS n
WHERE n."Type" = 'WhatsApp' AND n."SentAt" IS NULL AND n."RetryCount" < 3
LIMIT @__p_0
2026-06-03 20:22:36.841 +05:30 [DBG] Hangfire.Server.ServerHeartbeatProcess: Server antonyraj:30600:0e85fd10 heartbeat successfully sent
2026-06-03 20:22:57.275 +05:30 [INF] Microsoft.EntityFrameworkCore.Database.Command: Executed DbCommand (1ms) [Parameters=[@__p_0='?' (DbType = Int32)], CommandType='"Text"', CommandTimeout='30']
SELECT n."Id", n."CompanyId", n."CreatedAt", n."CreatedBy", n."Error", n."Payload", n."Recipient", n."RetryCount", n."SentAt", n."Status", n."Subject", n."Type", n."UpdatedAt", n."UpdatedBy"
FROM "NotificationQueues" AS n
WHERE n."Type" = 'Email' AND n."SentAt" IS NULL AND n."RetryCount" < 3
LIMIT @__p_0
2026-06-03 20:23:06.584 +05:30 [INF] Microsoft.EntityFrameworkCore.Database.Command: Executed DbCommand (1ms) [Parameters=[@__p_0='?' (DbType = Int32)], CommandType='"Text"', CommandTimeout='30']
SELECT n."Id", n."CompanyId", n."CreatedAt", n."CreatedBy", n."Error", n."Payload", n."Recipient", n."RetryCount", n."SentAt", n."Status", n."Subject", n."Type", n."UpdatedAt", n."UpdatedBy"
FROM "NotificationQueues" AS n
WHERE n."Type" = 'Sms' AND n."SentAt" IS NULL AND n."RetryCount" < 3
LIMIT @__p_0
2026-06-03 20:23:06.607 +05:30 [INF] Microsoft.EntityFrameworkCore.Database.Command: Executed DbCommand (1ms) [Parameters=[@__p_0='?' (DbType = Int32)], CommandType='"Text"', CommandTimeout='30']
SELECT n."Id", n."CompanyId", n."CreatedAt", n."CreatedBy", n."Error", n."Payload", n."Recipient", n."RetryCount", n."SentAt", n."Status", n."Subject", n."Type", n."UpdatedAt", n."UpdatedBy"
FROM "NotificationQueues" AS n
WHERE n."Type" = 'WhatsApp' AND n."SentAt" IS NULL AND n."RetryCount" < 3
LIMIT @__p_0
2026-06-03 20:23:06.857 +05:30 [DBG] Hangfire.Server.ServerHeartbeatProcess: Server antonyraj:30600:0e85fd10 heartbeat successfully sent
2026-06-03 20:23:27.301 +05:30 [INF] Microsoft.EntityFrameworkCore.Database.Command: Executed DbCommand (3ms) [Parameters=[@__p_0='?' (DbType = Int32)], CommandType='"Text"', CommandTimeout='30']
SELECT n."Id", n."CompanyId", n."CreatedAt", n."CreatedBy", n."Error", n."Payload", n."Recipient", n."RetryCount", n."SentAt", n."Status", n."Subject", n."Type", n."UpdatedAt", n."UpdatedBy"
FROM "NotificationQueues" AS n
WHERE n."Type" = 'Email' AND n."SentAt" IS NULL AND n."RetryCount" < 3
LIMIT @__p_0
2026-06-03 20:23:36.608 +05:30 [INF] Microsoft.EntityFrameworkCore.Database.Command: Executed DbCommand (2ms) [Parameters=[@__p_0='?' (DbType = Int32)], CommandType='"Text"', CommandTimeout='30']
SELECT n."Id", n."CompanyId", n."CreatedAt", n."CreatedBy", n."Error", n."Payload", n."Recipient", n."RetryCount", n."SentAt", n."Status", n."Subject", n."Type", n."UpdatedAt", n."UpdatedBy"
FROM "NotificationQueues" AS n
WHERE n."Type" = 'Sms' AND n."SentAt" IS NULL AND n."RetryCount" < 3
LIMIT @__p_0
2026-06-03 20:23:36.644 +05:30 [INF] Microsoft.EntityFrameworkCore.Database.Command: Executed DbCommand (2ms) [Parameters=[@__p_0='?' (DbType = Int32)], CommandType='"Text"', CommandTimeout='30']
SELECT n."Id", n."CompanyId", n."CreatedAt", n."CreatedBy", n."Error", n."Payload", n."Recipient", n."RetryCount", n."SentAt", n."Status", n."Subject", n."Type", n."UpdatedAt", n."UpdatedBy"
FROM "NotificationQueues" AS n
WHERE n."Type" = 'WhatsApp' AND n."SentAt" IS NULL AND n."RetryCount" < 3
LIMIT @__p_0
2026-06-03 20:23:36.868 +05:30 [DBG] Hangfire.Server.ServerHeartbeatProcess: Server antonyraj:30600:0e85fd10 heartbeat successfully sent
2026-06-03 20:23:57.329 +05:30 [INF] Microsoft.EntityFrameworkCore.Database.Command: Executed DbCommand (2ms) [Parameters=[@__p_0='?' (DbType = Int32)], CommandType='"Text"', CommandTimeout='30']
SELECT n."Id", n."CompanyId", n."CreatedAt", n."CreatedBy", n."Error", n."Payload", n."Recipient", n."RetryCount", n."SentAt", n."Status", n."Subject", n."Type", n."UpdatedAt", n."UpdatedBy"
FROM "NotificationQueues" AS n
WHERE n."Type" = 'Email' AND n."SentAt" IS NULL AND n."RetryCount" < 3
LIMIT @__p_0
2026-06-03 20:24:06.632 +05:30 [INF] Microsoft.EntityFrameworkCore.Database.Command: Executed DbCommand (1ms) [Parameters=[@__p_0='?' (DbType = Int32)], CommandType='"Text"', CommandTimeout='30']
SELECT n."Id", n."CompanyId", n."CreatedAt", n."CreatedBy", n."Error", n."Payload", n."Recipient", n."RetryCount", n."SentAt", n."Status", n."Subject", n."Type", n."UpdatedAt", n."UpdatedBy"
FROM "NotificationQueues" AS n
WHERE n."Type" = 'Sms' AND n."SentAt" IS NULL AND n."RetryCount" < 3
LIMIT @__p_0
2026-06-03 20:24:06.706 +05:30 [INF] Microsoft.EntityFrameworkCore.Database.Command: Executed DbCommand (2ms) [Parameters=[@__p_0='?' (DbType = Int32)], CommandType='"Text"', CommandTimeout='30']
SELECT n."Id", n."CompanyId", n."CreatedAt", n."CreatedBy", n."Error", n."Payload", n."Recipient", n."RetryCount", n."SentAt", n."Status", n."Subject", n."Type", n."UpdatedAt", n."UpdatedBy"
FROM "NotificationQueues" AS n
WHERE n."Type" = 'WhatsApp' AND n."SentAt" IS NULL AND n."RetryCount" < 3
LIMIT @__p_0
2026-06-03 20:24:06.888 +05:30 [DBG] Hangfire.Server.ServerHeartbeatProcess: Server antonyraj:30600:0e85fd10 heartbeat successfully sent
2026-06-03 20:24:27.351 +05:30 [INF] Microsoft.EntityFrameworkCore.Database.Command: Executed DbCommand (2ms) [Parameters=[@__p_0='?' (DbType = Int32)], CommandType='"Text"', CommandTimeout='30']
SELECT n."Id", n."CompanyId", n."CreatedAt", n."CreatedBy", n."Error", n."Payload", n."Recipient", n."RetryCount", n."SentAt", n."Status", n."Subject", n."Type", n."UpdatedAt", n."UpdatedBy"
FROM "NotificationQueues" AS n
WHERE n."Type" = 'Email' AND n."SentAt" IS NULL AND n."RetryCount" < 3
LIMIT @__p_0
2026-06-03 20:24:36.661 +05:30 [INF] Microsoft.EntityFrameworkCore.Database.Command: Executed DbCommand (3ms) [Parameters=[@__p_0='?' (DbType = Int32)], CommandType='"Text"', CommandTimeout='30']
SELECT n."Id", n."CompanyId", n."CreatedAt", n."CreatedBy", n."Error", n."Payload", n."Recipient", n."RetryCount", n."SentAt", n."Status", n."Subject", n."Type", n."UpdatedAt", n."UpdatedBy"
FROM "NotificationQueues" AS n
WHERE n."Type" = 'Sms' AND n."SentAt" IS NULL AND n."RetryCount" < 3
LIMIT @__p_0
2026-06-03 20:24:36.741 +05:30 [INF] Microsoft.EntityFrameworkCore.Database.Command: Executed DbCommand (2ms) [Parameters=[@__p_0='?' (DbType = Int32)], CommandType='"Text"', CommandTimeout='30']
SELECT n."Id", n."CompanyId", n."CreatedAt", n."CreatedBy", n."Error", n."Payload", n."Recipient", n."RetryCount", n."SentAt", n."Status", n."Subject", n."Type", n."UpdatedAt", n."UpdatedBy"
FROM "NotificationQueues" AS n
WHERE n."Type" = 'WhatsApp' AND n."SentAt" IS NULL AND n."RetryCount" < 3
LIMIT @__p_0
2026-06-03 20:24:36.898 +05:30 [DBG] Hangfire.Server.ServerHeartbeatProcess: Server antonyraj:30600:0e85fd10 heartbeat successfully sent
2026-06-03 20:24:57.371 +05:30 [INF] Microsoft.EntityFrameworkCore.Database.Command: Executed DbCommand (1ms) [Parameters=[@__p_0='?' (DbType = Int32)], CommandType='"Text"', CommandTimeout='30']
SELECT n."Id", n."CompanyId", n."CreatedAt", n."CreatedBy", n."Error", n."Payload", n."Recipient", n."RetryCount", n."SentAt", n."Status", n."Subject", n."Type", n."UpdatedAt", n."UpdatedBy"
FROM "NotificationQueues" AS n
WHERE n."Type" = 'Email' AND n."SentAt" IS NULL AND n."RetryCount" < 3
LIMIT @__p_0
2026-06-03 20:25:06.931 +05:30 [INF] Microsoft.EntityFrameworkCore.Database.Command: Executed DbCommand (13ms) [Parameters=[@__p_0='?' (DbType = Int32)], CommandType='"Text"', CommandTimeout='30']
SELECT n."Id", n."CompanyId", n."CreatedAt", n."CreatedBy", n."Error", n."Payload", n."Recipient", n."RetryCount", n."SentAt", n."Status", n."Subject", n."Type", n."UpdatedAt", n."UpdatedBy"
FROM "NotificationQueues" AS n
WHERE n."Type" = 'WhatsApp' AND n."SentAt" IS NULL AND n."RetryCount" < 3
LIMIT @__p_0
2026-06-03 20:25:06.931 +05:30 [INF] Microsoft.EntityFrameworkCore.Database.Command: Executed DbCommand (15ms) [Parameters=[@__p_0='?' (DbType = Int32)], CommandType='"Text"', CommandTimeout='30']
SELECT n."Id", n."CompanyId", n."CreatedAt", n."CreatedBy", n."Error", n."Payload", n."Recipient", n."RetryCount", n."SentAt", n."Status", n."Subject", n."Type", n."UpdatedAt", n."UpdatedBy"
FROM "NotificationQueues" AS n
WHERE n."Type" = 'Sms' AND n."SentAt" IS NULL AND n."RetryCount" < 3
LIMIT @__p_0
2026-06-03 20:25:07.055 +05:30 [DBG] Hangfire.Server.ServerHeartbeatProcess: Server antonyraj:30600:0e85fd10 heartbeat successfully sent
2026-06-03 20:25:07.836 +05:30 [DBG] Hangfire.PostgreSql.CountersAggregator: Aggregating records in 'Counter' table...
2026-06-03 20:25:27.400 +05:30 [INF] Microsoft.EntityFrameworkCore.Database.Command: Executed DbCommand (5ms) [Parameters=[@__p_0='?' (DbType = Int32)], CommandType='"Text"', CommandTimeout='30']
SELECT n."Id", n."CompanyId", n."CreatedAt", n."CreatedBy", n."Error", n."Payload", n."Recipient", n."RetryCount", n."SentAt", n."Status", n."Subject", n."Type", n."UpdatedAt", n."UpdatedBy"
FROM "NotificationQueues" AS n
WHERE n."Type" = 'Email' AND n."SentAt" IS NULL AND n."RetryCount" < 3
LIMIT @__p_0
2026-06-03 20:25:37.413 +05:30 [INF] Microsoft.EntityFrameworkCore.Database.Command: Executed DbCommand (1ms) [Parameters=[@__p_0='?' (DbType = Int32)], CommandType='"Text"', CommandTimeout='30']
SELECT n."Id", n."CompanyId", n."CreatedAt", n."CreatedBy", n."Error", n."Payload", n."Recipient", n."RetryCount", n."SentAt", n."Status", n."Subject", n."Type", n."UpdatedAt", n."UpdatedBy"
FROM "NotificationQueues" AS n
WHERE n."Type" = 'WhatsApp' AND n."SentAt" IS NULL AND n."RetryCount" < 3
LIMIT @__p_0
2026-06-03 20:25:37.537 +05:30 [INF] Microsoft.EntityFrameworkCore.Database.Command: Executed DbCommand (1ms) [Parameters=[@__p_0='?' (DbType = Int32)], CommandType='"Text"', CommandTimeout='30']
SELECT n."Id", n."CompanyId", n."CreatedAt", n."CreatedBy", n."Error", n."Payload", n."Recipient", n."RetryCount", n."SentAt", n."Status", n."Subject", n."Type", n."UpdatedAt", n."UpdatedBy"
FROM "NotificationQueues" AS n
WHERE n."Type" = 'Sms' AND n."SentAt" IS NULL AND n."RetryCount" < 3
LIMIT @__p_0
2026-06-03 20:25:37.556 +05:30 [DBG] Hangfire.Server.ServerHeartbeatProcess: Server antonyraj:30600:0e85fd10 heartbeat successfully sent
2026-06-03 20:25:57.438 +05:30 [INF] Microsoft.EntityFrameworkCore.Database.Command: Executed DbCommand (1ms) [Parameters=[@__p_0='?' (DbType = Int32)], CommandType='"Text"', CommandTimeout='30']
SELECT n."Id", n."CompanyId", n."CreatedAt", n."CreatedBy", n."Error", n."Payload", n."Recipient", n."RetryCount", n."SentAt", n."Status", n."Subject", n."Type", n."UpdatedAt", n."UpdatedBy"
FROM "NotificationQueues" AS n
WHERE n."Type" = 'Email' AND n."SentAt" IS NULL AND n."RetryCount" < 3
LIMIT @__p_0
2026-06-03 20:26:07.448 +05:30 [INF] Microsoft.EntityFrameworkCore.Database.Command: Executed DbCommand (1ms) [Parameters=[@__p_0='?' (DbType = Int32)], CommandType='"Text"', CommandTimeout='30']
SELECT n."Id", n."CompanyId", n."CreatedAt", n."CreatedBy", n."Error", n."Payload", n."Recipient", n."RetryCount", n."SentAt", n."Status", n."Subject", n."Type", n."UpdatedAt", n."UpdatedBy"
FROM "NotificationQueues" AS n
WHERE n."Type" = 'WhatsApp' AND n."SentAt" IS NULL AND n."RetryCount" < 3
LIMIT @__p_0
2026-06-03 20:26:07.562 +05:30 [INF] Microsoft.EntityFrameworkCore.Database.Command: Executed DbCommand (1ms) [Parameters=[@__p_0='?' (DbType = Int32)], CommandType='"Text"', CommandTimeout='30']
SELECT n."Id", n."CompanyId", n."CreatedAt", n."CreatedBy", n."Error", n."Payload", n."Recipient", n."RetryCount", n."SentAt", n."Status", n."Subject", n."Type", n."UpdatedAt", n."UpdatedBy"
FROM "NotificationQueues" AS n
WHERE n."Type" = 'Sms' AND n."SentAt" IS NULL AND n."RetryCount" < 3
LIMIT @__p_0
2026-06-03 20:26:07.594 +05:30 [DBG] Hangfire.Server.ServerHeartbeatProcess: Server antonyraj:30600:0e85fd10 heartbeat successfully sent
2026-06-03 20:26:27.459 +05:30 [INF] Microsoft.EntityFrameworkCore.Database.Command: Executed DbCommand (1ms) [Parameters=[@__p_0='?' (DbType = Int32)], CommandType='"Text"', CommandTimeout='30']
SELECT n."Id", n."CompanyId", n."CreatedAt", n."CreatedBy", n."Error", n."Payload", n."Recipient", n."RetryCount", n."SentAt", n."Status", n."Subject", n."Type", n."UpdatedAt", n."UpdatedBy"
FROM "NotificationQueues" AS n
WHERE n."Type" = 'Email' AND n."SentAt" IS NULL AND n."RetryCount" < 3
LIMIT @__p_0
2026-06-03 20:26:37.468 +05:30 [INF] Microsoft.EntityFrameworkCore.Database.Command: Executed DbCommand (2ms) [Parameters=[@__p_0='?' (DbType = Int32)], CommandType='"Text"', CommandTimeout='30']
SELECT n."Id", n."CompanyId", n."CreatedAt", n."CreatedBy", n."Error", n."Payload", n."Recipient", n."RetryCount", n."SentAt", n."Status", n."Subject", n."Type", n."UpdatedAt", n."UpdatedBy"
FROM "NotificationQueues" AS n
WHERE n."Type" = 'WhatsApp' AND n."SentAt" IS NULL AND n."RetryCount" < 3
LIMIT @__p_0
2026-06-03 20:26:37.586 +05:30 [INF] Microsoft.EntityFrameworkCore.Database.Command: Executed DbCommand (4ms) [Parameters=[@__p_0='?' (DbType = Int32)], CommandType='"Text"', CommandTimeout='30']
SELECT n."Id", n."CompanyId", n."CreatedAt", n."CreatedBy", n."Error", n."Payload", n."Recipient", n."RetryCount", n."SentAt", n."Status", n."Subject", n."Type", n."UpdatedAt", n."UpdatedBy"
FROM "NotificationQueues" AS n
WHERE n."Type" = 'Sms' AND n."SentAt" IS NULL AND n."RetryCount" < 3
LIMIT @__p_0
2026-06-03 20:26:37.608 +05:30 [DBG] Hangfire.Server.ServerHeartbeatProcess: Server antonyraj:30600:0e85fd10 heartbeat successfully sent
2026-06-03 20:26:57.489 +05:30 [INF] Microsoft.EntityFrameworkCore.Database.Command: Executed DbCommand (4ms) [Parameters=[@__p_0='?' (DbType = Int32)], CommandType='"Text"', CommandTimeout='30']
SELECT n."Id", n."CompanyId", n."CreatedAt", n."CreatedBy", n."Error", n."Payload", n."Recipient", n."RetryCount", n."SentAt", n."Status", n."Subject", n."Type", n."UpdatedAt", n."UpdatedBy"
FROM "NotificationQueues" AS n
WHERE n."Type" = 'Email' AND n."SentAt" IS NULL AND n."RetryCount" < 3
LIMIT @__p_0
2026-06-03 20:27:07.520 +05:30 [INF] Microsoft.EntityFrameworkCore.Database.Command: Executed DbCommand (3ms) [Parameters=[@__p_0='?' (DbType = Int32)], CommandType='"Text"', CommandTimeout='30']
SELECT n."Id", n."CompanyId", n."CreatedAt", n."CreatedBy", n."Error", n."Payload", n."Recipient", n."RetryCount", n."SentAt", n."Status", n."Subject", n."Type", n."UpdatedAt", n."UpdatedBy"
FROM "NotificationQueues" AS n
WHERE n."Type" = 'WhatsApp' AND n."SentAt" IS NULL AND n."RetryCount" < 3
LIMIT @__p_0
2026-06-03 20:27:07.609 +05:30 [INF] Microsoft.EntityFrameworkCore.Database.Command: Executed DbCommand (2ms) [Parameters=[@__p_0='?' (DbType = Int32)], CommandType='"Text"', CommandTimeout='30']
SELECT n."Id", n."CompanyId", n."CreatedAt", n."CreatedBy", n."Error", n."Payload", n."Recipient", n."RetryCount", n."SentAt", n."Status", n."Subject", n."Type", n."UpdatedAt", n."UpdatedBy"
FROM "NotificationQueues" AS n
WHERE n."Type" = 'Sms' AND n."SentAt" IS NULL AND n."RetryCount" < 3
LIMIT @__p_0
2026-06-03 20:27:07.614 +05:30 [DBG] Hangfire.Server.ServerHeartbeatProcess: Server antonyraj:30600:0e85fd10 heartbeat successfully sent
2026-06-03 20:27:27.523 +05:30 [INF] Microsoft.EntityFrameworkCore.Database.Command: Executed DbCommand (4ms) [Parameters=[@__p_0='?' (DbType = Int32)], CommandType='"Text"', CommandTimeout='30']
SELECT n."Id", n."CompanyId", n."CreatedAt", n."CreatedBy", n."Error", n."Payload", n."Recipient", n."RetryCount", n."SentAt", n."Status", n."Subject", n."Type", n."UpdatedAt", n."UpdatedBy"
FROM "NotificationQueues" AS n
WHERE n."Type" = 'Email' AND n."SentAt" IS NULL AND n."RetryCount" < 3
LIMIT @__p_0
2026-06-03 20:27:37.539 +05:30 [INF] Microsoft.EntityFrameworkCore.Database.Command: Executed DbCommand (1ms) [Parameters=[@__p_0='?' (DbType = Int32)], CommandType='"Text"', CommandTimeout='30']
SELECT n."Id", n."CompanyId", n."CreatedAt", n."CreatedBy", n."Error", n."Payload", n."Recipient", n."RetryCount", n."SentAt", n."Status", n."Subject", n."Type", n."UpdatedAt", n."UpdatedBy"
FROM "NotificationQueues" AS n
WHERE n."Type" = 'WhatsApp' AND n."SentAt" IS NULL AND n."RetryCount" < 3
LIMIT @__p_0
2026-06-03 20:27:37.646 +05:30 [INF] Microsoft.EntityFrameworkCore.Database.Command: Executed DbCommand (3ms) [Parameters=[@__p_0='?' (DbType = Int32)], CommandType='"Text"', CommandTimeout='30']
SELECT n."Id", n."CompanyId", n."CreatedAt", n."CreatedBy", n."Error", n."Payload", n."Recipient", n."RetryCount", n."SentAt", n."Status", n."Subject", n."Type", n."UpdatedAt", n."UpdatedBy"
FROM "NotificationQueues" AS n
WHERE n."Type" = 'Sms' AND n."SentAt" IS NULL AND n."RetryCount" < 3
LIMIT @__p_0
2026-06-03 20:27:37.668 +05:30 [DBG] Hangfire.Server.ServerHeartbeatProcess: Server antonyraj:30600:0e85fd10 heartbeat successfully sent
2026-06-03 20:27:57.581 +05:30 [INF] Microsoft.EntityFrameworkCore.Database.Command: Executed DbCommand (1ms) [Parameters=[@__p_0='?' (DbType = Int32)], CommandType='"Text"', CommandTimeout='30']
SELECT n."Id", n."CompanyId", n."CreatedAt", n."CreatedBy", n."Error", n."Payload", n."Recipient", n."RetryCount", n."SentAt", n."Status", n."Subject", n."Type", n."UpdatedAt", n."UpdatedBy"
FROM "NotificationQueues" AS n
WHERE n."Type" = 'Email' AND n."SentAt" IS NULL AND n."RetryCount" < 3
LIMIT @__p_0
2026-06-03 20:28:07.564 +05:30 [INF] Microsoft.EntityFrameworkCore.Database.Command: Executed DbCommand (2ms) [Parameters=[@__p_0='?' (DbType = Int32)], CommandType='"Text"', CommandTimeout='30']
SELECT n."Id", n."CompanyId", n."CreatedAt", n."CreatedBy", n."Error", n."Payload", n."Recipient", n."RetryCount", n."SentAt", n."Status", n."Subject", n."Type", n."UpdatedAt", n."UpdatedBy"
FROM "NotificationQueues" AS n
WHERE n."Type" = 'WhatsApp' AND n."SentAt" IS NULL AND n."RetryCount" < 3
LIMIT @__p_0
2026-06-03 20:28:07.680 +05:30 [INF] Microsoft.EntityFrameworkCore.Database.Command: Executed DbCommand (1ms) [Parameters=[@__p_0='?' (DbType = Int32)], CommandType='"Text"', CommandTimeout='30']
SELECT n."Id", n."CompanyId", n."CreatedAt", n."CreatedBy", n."Error", n."Payload", n."Recipient", n."RetryCount", n."SentAt", n."Status", n."Subject", n."Type", n."UpdatedAt", n."UpdatedBy"
FROM "NotificationQueues" AS n
WHERE n."Type" = 'Sms' AND n."SentAt" IS NULL AND n."RetryCount" < 3
LIMIT @__p_0
2026-06-03 20:28:07.694 +05:30 [DBG] Hangfire.Server.ServerHeartbeatProcess: Server antonyraj:30600:0e85fd10 heartbeat successfully sent
2026-06-03 20:28:27.598 +05:30 [INF] Microsoft.EntityFrameworkCore.Database.Command: Executed DbCommand (1ms) [Parameters=[@__p_0='?' (DbType = Int32)], CommandType='"Text"', CommandTimeout='30']
SELECT n."Id", n."CompanyId", n."CreatedAt", n."CreatedBy", n."Error", n."Payload", n."Recipient", n."RetryCount", n."SentAt", n."Status", n."Subject", n."Type", n."UpdatedAt", n."UpdatedBy"
FROM "NotificationQueues" AS n
WHERE n."Type" = 'Email' AND n."SentAt" IS NULL AND n."RetryCount" < 3
LIMIT @__p_0
2026-06-03 20:28:37.592 +05:30 [INF] Microsoft.EntityFrameworkCore.Database.Command: Executed DbCommand (5ms) [Parameters=[@__p_0='?' (DbType = Int32)], CommandType='"Text"', CommandTimeout='30']
SELECT n."Id", n."CompanyId", n."CreatedAt", n."CreatedBy", n."Error", n."Payload", n."Recipient", n."RetryCount", n."SentAt", n."Status", n."Subject", n."Type", n."UpdatedAt", n."UpdatedBy"
FROM "NotificationQueues" AS n
WHERE n."Type" = 'WhatsApp' AND n."SentAt" IS NULL AND n."RetryCount" < 3
LIMIT @__p_0
2026-06-03 20:28:37.696 +05:30 [INF] Microsoft.EntityFrameworkCore.Database.Command: Executed DbCommand (1ms) [Parameters=[@__p_0='?' (DbType = Int32)], CommandType='"Text"', CommandTimeout='30']
SELECT n."Id", n."CompanyId", n."CreatedAt", n."CreatedBy", n."Error", n."Payload", n."Recipient", n."RetryCount", n."SentAt", n."Status", n."Subject", n."Type", n."UpdatedAt", n."UpdatedBy"
FROM "NotificationQueues" AS n
WHERE n."Type" = 'Sms' AND n."SentAt" IS NULL AND n."RetryCount" < 3
LIMIT @__p_0
2026-06-03 20:28:37.715 +05:30 [DBG] Hangfire.Server.ServerHeartbeatProcess: Server antonyraj:30600:0e85fd10 heartbeat successfully sent
2026-06-03 20:28:57.625 +05:30 [INF] Microsoft.EntityFrameworkCore.Database.Command: Executed DbCommand (1ms) [Parameters=[@__p_0='?' (DbType = Int32)], CommandType='"Text"', CommandTimeout='30']
SELECT n."Id", n."CompanyId", n."CreatedAt", n."CreatedBy", n."Error", n."Payload", n."Recipient", n."RetryCount", n."SentAt", n."Status", n."Subject", n."Type", n."UpdatedAt", n."UpdatedBy"
FROM "NotificationQueues" AS n
WHERE n."Type" = 'Email' AND n."SentAt" IS NULL AND n."RetryCount" < 3
LIMIT @__p_0
2026-06-03 20:29:07.617 +05:30 [INF] Microsoft.EntityFrameworkCore.Database.Command: Executed DbCommand (1ms) [Parameters=[@__p_0='?' (DbType = Int32)], CommandType='"Text"', CommandTimeout='30']
SELECT n."Id", n."CompanyId", n."CreatedAt", n."CreatedBy", n."Error", n."Payload", n."Recipient", n."RetryCount", n."SentAt", n."Status", n."Subject", n."Type", n."UpdatedAt", n."UpdatedBy"
FROM "NotificationQueues" AS n
WHERE n."Type" = 'WhatsApp' AND n."SentAt" IS NULL AND n."RetryCount" < 3
LIMIT @__p_0
2026-06-03 20:29:07.734 +05:30 [DBG] Hangfire.Server.ServerHeartbeatProcess: Server antonyraj:30600:0e85fd10 heartbeat successfully sent
2026-06-03 20:29:07.736 +05:30 [INF] Microsoft.EntityFrameworkCore.Database.Command: Executed DbCommand (1ms) [Parameters=[@__p_0='?' (DbType = Int32)], CommandType='"Text"', CommandTimeout='30']
SELECT n."Id", n."CompanyId", n."CreatedAt", n."CreatedBy", n."Error", n."Payload", n."Recipient", n."RetryCount", n."SentAt", n."Status", n."Subject", n."Type", n."UpdatedAt", n."UpdatedBy"
FROM "NotificationQueues" AS n
WHERE n."Type" = 'Sms' AND n."SentAt" IS NULL AND n."RetryCount" < 3
LIMIT @__p_0
2026-06-03 20:29:27.639 +05:30 [INF] Microsoft.EntityFrameworkCore.Database.Command: Executed DbCommand (1ms) [Parameters=[@__p_0='?' (DbType = Int32)], CommandType='"Text"', CommandTimeout='30']
SELECT n."Id", n."CompanyId", n."CreatedAt", n."CreatedBy", n."Error", n."Payload", n."Recipient", n."RetryCount", n."SentAt", n."Status", n."Subject", n."Type", n."UpdatedAt", n."UpdatedBy"
FROM "NotificationQueues" AS n
WHERE n."Type" = 'Email' AND n."SentAt" IS NULL AND n."RetryCount" < 3
LIMIT @__p_0
2026-06-03 20:29:37.635 +05:30 [INF] Microsoft.EntityFrameworkCore.Database.Command: Executed DbCommand (1ms) [Parameters=[@__p_0='?' (DbType = Int32)], CommandType='"Text"', CommandTimeout='30']
SELECT n."Id", n."CompanyId", n."CreatedAt", n."CreatedBy", n."Error", n."Payload", n."Recipient", n."RetryCount", n."SentAt", n."Status", n."Subject", n."Type", n."UpdatedAt", n."UpdatedBy"
FROM "NotificationQueues" AS n
WHERE n."Type" = 'WhatsApp' AND n."SentAt" IS NULL AND n."RetryCount" < 3
LIMIT @__p_0
2026-06-03 20:29:37.749 +05:30 [DBG] Hangfire.Server.ServerHeartbeatProcess: Server antonyraj:30600:0e85fd10 heartbeat successfully sent
2026-06-03 20:29:37.776 +05:30 [INF] Microsoft.EntityFrameworkCore.Database.Command: Executed DbCommand (1ms) [Parameters=[@__p_0='?' (DbType = Int32)], CommandType='"Text"', CommandTimeout='30']
SELECT n."Id", n."CompanyId", n."CreatedAt", n."CreatedBy", n."Error", n."Payload", n."Recipient", n."RetryCount", n."SentAt", n."Status", n."Subject", n."Type", n."UpdatedAt", n."UpdatedBy"
FROM "NotificationQueues" AS n
WHERE n."Type" = 'Sms' AND n."SentAt" IS NULL AND n."RetryCount" < 3
LIMIT @__p_0
2026-06-03 20:29:57.651 +05:30 [INF] Microsoft.EntityFrameworkCore.Database.Command: Executed DbCommand (1ms) [Parameters=[@__p_0='?' (DbType = Int32)], CommandType='"Text"', CommandTimeout='30']
SELECT n."Id", n."CompanyId", n."CreatedAt", n."CreatedBy", n."Error", n."Payload", n."Recipient", n."RetryCount", n."SentAt", n."Status", n."Subject", n."Type", n."UpdatedAt", n."UpdatedBy"
FROM "NotificationQueues" AS n
WHERE n."Type" = 'Email' AND n."SentAt" IS NULL AND n."RetryCount" < 3
LIMIT @__p_0
2026-06-03 20:30:07.686 +05:30 [INF] Microsoft.EntityFrameworkCore.Database.Command: Executed DbCommand (4ms) [Parameters=[@__p_0='?' (DbType = Int32)], CommandType='"Text"', CommandTimeout='30']
SELECT n."Id", n."CompanyId", n."CreatedAt", n."CreatedBy", n."Error", n."Payload", n."Recipient", n."RetryCount", n."SentAt", n."Status", n."Subject", n."Type", n."UpdatedAt", n."UpdatedBy"
FROM "NotificationQueues" AS n
WHERE n."Type" = 'WhatsApp' AND n."SentAt" IS NULL AND n."RetryCount" < 3
LIMIT @__p_0
2026-06-03 20:30:07.763 +05:30 [DBG] Hangfire.Server.ServerHeartbeatProcess: Server antonyraj:30600:0e85fd10 heartbeat successfully sent
2026-06-03 20:30:07.796 +05:30 [INF] Microsoft.EntityFrameworkCore.Database.Command: Executed DbCommand (5ms) [Parameters=[@__p_0='?' (DbType = Int32)], CommandType='"Text"', CommandTimeout='30']
SELECT n."Id", n."CompanyId", n."CreatedAt", n."CreatedBy", n."Error", n."Payload", n."Recipient", n."RetryCount", n."SentAt", n."Status", n."Subject", n."Type", n."UpdatedAt", n."UpdatedBy"
FROM "NotificationQueues" AS n
WHERE n."Type" = 'Sms' AND n."SentAt" IS NULL AND n."RetryCount" < 3
LIMIT @__p_0
2026-06-03 20:30:07.943 +05:30 [DBG] Hangfire.PostgreSql.CountersAggregator: Aggregating records in 'Counter' table...
2026-06-03 20:30:27.664 +05:30 [INF] Microsoft.EntityFrameworkCore.Database.Command: Executed DbCommand (5ms) [Parameters=[@__p_0='?' (DbType = Int32)], CommandType='"Text"', CommandTimeout='30']
SELECT n."Id", n."CompanyId", n."CreatedAt", n."CreatedBy", n."Error", n."Payload", n."Recipient", n."RetryCount", n."SentAt", n."Status", n."Subject", n."Type", n."UpdatedAt", n."UpdatedBy"
FROM "NotificationQueues" AS n
WHERE n."Type" = 'Email' AND n."SentAt" IS NULL AND n."RetryCount" < 3
LIMIT @__p_0
2026-06-03 20:30:37.707 +05:30 [INF] Microsoft.EntityFrameworkCore.Database.Command: Executed DbCommand (1ms) [Parameters=[@__p_0='?' (DbType = Int32)], CommandType='"Text"', CommandTimeout='30']
SELECT n."Id", n."CompanyId", n."CreatedAt", n."CreatedBy", n."Error", n."Payload", n."Recipient", n."RetryCount", n."SentAt", n."Status", n."Subject", n."Type", n."UpdatedAt", n."UpdatedBy"
FROM "NotificationQueues" AS n
WHERE n."Type" = 'WhatsApp' AND n."SentAt" IS NULL AND n."RetryCount" < 3
LIMIT @__p_0
2026-06-03 20:30:37.777 +05:30 [DBG] Hangfire.Server.ServerHeartbeatProcess: Server antonyraj:30600:0e85fd10 heartbeat successfully sent
2026-06-03 20:30:37.851 +05:30 [INF] Microsoft.EntityFrameworkCore.Database.Command: Executed DbCommand (1ms) [Parameters=[@__p_0='?' (DbType = Int32)], CommandType='"Text"', CommandTimeout='30']
SELECT n."Id", n."CompanyId", n."CreatedAt", n."CreatedBy", n."Error", n."Payload", n."Recipient", n."RetryCount", n."SentAt", n."Status", n."Subject", n."Type", n."UpdatedAt", n."UpdatedBy"
FROM "NotificationQueues" AS n
WHERE n."Type" = 'Sms' AND n."SentAt" IS NULL AND n."RetryCount" < 3
LIMIT @__p_0
2026-06-03 20:30:57.679 +05:30 [INF] Microsoft.EntityFrameworkCore.Database.Command: Executed DbCommand (1ms) [Parameters=[@__p_0='?' (DbType = Int32)], CommandType='"Text"', CommandTimeout='30']
SELECT n."Id", n."CompanyId", n."CreatedAt", n."CreatedBy", n."Error", n."Payload", n."Recipient", n."RetryCount", n."SentAt", n."Status", n."Subject", n."Type", n."UpdatedAt", n."UpdatedBy"
FROM "NotificationQueues" AS n
WHERE n."Type" = 'Email' AND n."SentAt" IS NULL AND n."RetryCount" < 3
LIMIT @__p_0
2026-06-03 20:31:07.731 +05:30 [INF] Microsoft.EntityFrameworkCore.Database.Command: Executed DbCommand (4ms) [Parameters=[@__p_0='?' (DbType = Int32)], CommandType='"Text"', CommandTimeout='30']
SELECT n."Id", n."CompanyId", n."CreatedAt", n."CreatedBy", n."Error", n."Payload", n."Recipient", n."RetryCount", n."SentAt", n."Status", n."Subject", n."Type", n."UpdatedAt", n."UpdatedBy"
FROM "NotificationQueues" AS n
WHERE n."Type" = 'WhatsApp' AND n."SentAt" IS NULL AND n."RetryCount" < 3
LIMIT @__p_0
2026-06-03 20:31:07.775 +05:30 [DBG] Hangfire.Server.ServerHeartbeatProcess: Server antonyraj:30600:0e85fd10 heartbeat successfully sent
2026-06-03 20:31:07.872 +05:30 [INF] Microsoft.EntityFrameworkCore.Database.Command: Executed DbCommand (1ms) [Parameters=[@__p_0='?' (DbType = Int32)], CommandType='"Text"', CommandTimeout='30']
SELECT n."Id", n."CompanyId", n."CreatedAt", n."CreatedBy", n."Error", n."Payload", n."Recipient", n."RetryCount", n."SentAt", n."Status", n."Subject", n."Type", n."UpdatedAt", n."UpdatedBy"
FROM "NotificationQueues" AS n
WHERE n."Type" = 'Sms' AND n."SentAt" IS NULL AND n."RetryCount" < 3
LIMIT @__p_0
2026-06-03 20:31:27.708 +05:30 [INF] Microsoft.EntityFrameworkCore.Database.Command: Executed DbCommand (3ms) [Parameters=[@__p_0='?' (DbType = Int32)], CommandType='"Text"', CommandTimeout='30']
SELECT n."Id", n."CompanyId", n."CreatedAt", n."CreatedBy", n."Error", n."Payload", n."Recipient", n."RetryCount", n."SentAt", n."Status", n."Subject", n."Type", n."UpdatedAt", n."UpdatedBy"
FROM "NotificationQueues" AS n
WHERE n."Type" = 'Email' AND n."SentAt" IS NULL AND n."RetryCount" < 3
LIMIT @__p_0
2026-06-03 20:31:37.785 +05:30 [INF] Microsoft.EntityFrameworkCore.Database.Command: Executed DbCommand (1ms) [Parameters=[@__p_0='?' (DbType = Int32)], CommandType='"Text"', CommandTimeout='30']
SELECT n."Id", n."CompanyId", n."CreatedAt", n."CreatedBy", n."Error", n."Payload", n."Recipient", n."RetryCount", n."SentAt", n."Status", n."Subject", n."Type", n."UpdatedAt", n."UpdatedBy"
FROM "NotificationQueues" AS n
WHERE n."Type" = 'WhatsApp' AND n."SentAt" IS NULL AND n."RetryCount" < 3
LIMIT @__p_0
2026-06-03 20:31:37.809 +05:30 [DBG] Hangfire.Server.ServerHeartbeatProcess: Server antonyraj:30600:0e85fd10 heartbeat successfully sent
2026-06-03 20:31:37.956 +05:30 [INF] Microsoft.EntityFrameworkCore.Database.Command: Executed DbCommand (3ms) [Parameters=[@__p_0='?' (DbType = Int32)], CommandType='"Text"', CommandTimeout='30']
SELECT n."Id", n."CompanyId", n."CreatedAt", n."CreatedBy", n."Error", n."Payload", n."Recipient", n."RetryCount", n."SentAt", n."Status", n."Subject", n."Type", n."UpdatedAt", n."UpdatedBy"
FROM "NotificationQueues" AS n
WHERE n."Type" = 'Sms' AND n."SentAt" IS NULL AND n."RetryCount" < 3
LIMIT @__p_0
2026-06-03 20:31:57.726 +05:30 [INF] Microsoft.EntityFrameworkCore.Database.Command: Executed DbCommand (1ms) [Parameters=[@__p_0='?' (DbType = Int32)], CommandType='"Text"', CommandTimeout='30']
SELECT n."Id", n."CompanyId", n."CreatedAt", n."CreatedBy", n."Error", n."Payload", n."Recipient", n."RetryCount", n."SentAt", n."Status", n."Subject", n."Type", n."UpdatedAt", n."UpdatedBy"
FROM "NotificationQueues" AS n
WHERE n."Type" = 'Email' AND n."SentAt" IS NULL AND n."RetryCount" < 3
LIMIT @__p_0
2026-06-03 20:32:07.829 +05:30 [INF] Microsoft.EntityFrameworkCore.Database.Command: Executed DbCommand (1ms) [Parameters=[@__p_0='?' (DbType = Int32)], CommandType='"Text"', CommandTimeout='30']
SELECT n."Id", n."CompanyId", n."CreatedAt", n."CreatedBy", n."Error", n."Payload", n."Recipient", n."RetryCount", n."SentAt", n."Status", n."Subject", n."Type", n."UpdatedAt", n."UpdatedBy"
FROM "NotificationQueues" AS n
WHERE n."Type" = 'WhatsApp' AND n."SentAt" IS NULL AND n."RetryCount" < 3
LIMIT @__p_0
2026-06-03 20:32:07.872 +05:30 [DBG] Hangfire.Server.ServerHeartbeatProcess: Server antonyraj:30600:0e85fd10 heartbeat successfully sent
2026-06-03 20:32:08.178 +05:30 [INF] Microsoft.EntityFrameworkCore.Database.Command: Executed DbCommand (1ms) [Parameters=[@__p_0='?' (DbType = Int32)], CommandType='"Text"', CommandTimeout='30']
SELECT n."Id", n."CompanyId", n."CreatedAt", n."CreatedBy", n."Error", n."Payload", n."Recipient", n."RetryCount", n."SentAt", n."Status", n."Subject", n."Type", n."UpdatedAt", n."UpdatedBy"
FROM "NotificationQueues" AS n
WHERE n."Type" = 'Sms' AND n."SentAt" IS NULL AND n."RetryCount" < 3
LIMIT @__p_0
2026-06-03 20:32:27.743 +05:30 [INF] Microsoft.EntityFrameworkCore.Database.Command: Executed DbCommand (1ms) [Parameters=[@__p_0='?' (DbType = Int32)], CommandType='"Text"', CommandTimeout='30']
SELECT n."Id", n."CompanyId", n."CreatedAt", n."CreatedBy", n."Error", n."Payload", n."Recipient", n."RetryCount", n."SentAt", n."Status", n."Subject", n."Type", n."UpdatedAt", n."UpdatedBy"
FROM "NotificationQueues" AS n
WHERE n."Type" = 'Email' AND n."SentAt" IS NULL AND n."RetryCount" < 3
LIMIT @__p_0
2026-06-03 20:32:37.837 +05:30 [INF] Microsoft.EntityFrameworkCore.Database.Command: Executed DbCommand (1ms) [Parameters=[@__p_0='?' (DbType = Int32)], CommandType='"Text"', CommandTimeout='30']
SELECT n."Id", n."CompanyId", n."CreatedAt", n."CreatedBy", n."Error", n."Payload", n."Recipient", n."RetryCount", n."SentAt", n."Status", n."Subject", n."Type", n."UpdatedAt", n."UpdatedBy"
FROM "NotificationQueues" AS n
WHERE n."Type" = 'WhatsApp' AND n."SentAt" IS NULL AND n."RetryCount" < 3
LIMIT @__p_0
2026-06-03 20:32:37.882 +05:30 [DBG] Hangfire.Server.ServerHeartbeatProcess: Server antonyraj:30600:0e85fd10 heartbeat successfully sent
2026-06-03 20:32:38.191 +05:30 [INF] Microsoft.EntityFrameworkCore.Database.Command: Executed DbCommand (1ms) [Parameters=[@__p_0='?' (DbType = Int32)], CommandType='"Text"', CommandTimeout='30']
SELECT n."Id", n."CompanyId", n."CreatedAt", n."CreatedBy", n."Error", n."Payload", n."Recipient", n."RetryCount", n."SentAt", n."Status", n."Subject", n."Type", n."UpdatedAt", n."UpdatedBy"
FROM "NotificationQueues" AS n
WHERE n."Type" = 'Sms' AND n."SentAt" IS NULL AND n."RetryCount" < 3
LIMIT @__p_0
2026-06-03 20:32:57.772 +05:30 [INF] Microsoft.EntityFrameworkCore.Database.Command: Executed DbCommand (1ms) [Parameters=[@__p_0='?' (DbType = Int32)], CommandType='"Text"', CommandTimeout='30']
SELECT n."Id", n."CompanyId", n."CreatedAt", n."CreatedBy", n."Error", n."Payload", n."Recipient", n."RetryCount", n."SentAt", n."Status", n."Subject", n."Type", n."UpdatedAt", n."UpdatedBy"
FROM "NotificationQueues" AS n
WHERE n."Type" = 'Email' AND n."SentAt" IS NULL AND n."RetryCount" < 3
LIMIT @__p_0
2026-06-03 20:33:07.846 +05:30 [INF] Microsoft.EntityFrameworkCore.Database.Command: Executed DbCommand (1ms) [Parameters=[@__p_0='?' (DbType = Int32)], CommandType='"Text"', CommandTimeout='30']
SELECT n."Id", n."CompanyId", n."CreatedAt", n."CreatedBy", n."Error", n."Payload", n."Recipient", n."RetryCount", n."SentAt", n."Status", n."Subject", n."Type", n."UpdatedAt", n."UpdatedBy"
FROM "NotificationQueues" AS n
WHERE n."Type" = 'WhatsApp' AND n."SentAt" IS NULL AND n."RetryCount" < 3
LIMIT @__p_0
2026-06-03 20:33:07.892 +05:30 [DBG] Hangfire.Server.ServerHeartbeatProcess: Server antonyraj:30600:0e85fd10 heartbeat successfully sent
2026-06-03 20:33:08.214 +05:30 [INF] Microsoft.EntityFrameworkCore.Database.Command: Executed DbCommand (1ms) [Parameters=[@__p_0='?' (DbType = Int32)], CommandType='"Text"', CommandTimeout='30']
SELECT n."Id", n."CompanyId", n."CreatedAt", n."CreatedBy", n."Error", n."Payload", n."Recipient", n."RetryCount", n."SentAt", n."Status", n."Subject", n."Type", n."UpdatedAt", n."UpdatedBy"
FROM "NotificationQueues" AS n
WHERE n."Type" = 'Sms' AND n."SentAt" IS NULL AND n."RetryCount" < 3
LIMIT @__p_0
2026-06-03 20:33:27.788 +05:30 [INF] Microsoft.EntityFrameworkCore.Database.Command: Executed DbCommand (1ms) [Parameters=[@__p_0='?' (DbType = Int32)], CommandType='"Text"', CommandTimeout='30']
SELECT n."Id", n."CompanyId", n."CreatedAt", n."CreatedBy", n."Error", n."Payload", n."Recipient", n."RetryCount", n."SentAt", n."Status", n."Subject", n."Type", n."UpdatedAt", n."UpdatedBy"
FROM "NotificationQueues" AS n
WHERE n."Type" = 'Email' AND n."SentAt" IS NULL AND n."RetryCount" < 3
LIMIT @__p_0
2026-06-03 20:33:37.855 +05:30 [INF] Microsoft.EntityFrameworkCore.Database.Command: Executed DbCommand (1ms) [Parameters=[@__p_0='?' (DbType = Int32)], CommandType='"Text"', CommandTimeout='30']
SELECT n."Id", n."CompanyId", n."CreatedAt", n."CreatedBy", n."Error", n."Payload", n."Recipient", n."RetryCount", n."SentAt", n."Status", n."Subject", n."Type", n."UpdatedAt", n."UpdatedBy"
FROM "NotificationQueues" AS n
WHERE n."Type" = 'WhatsApp' AND n."SentAt" IS NULL AND n."RetryCount" < 3
LIMIT @__p_0
2026-06-03 20:33:37.902 +05:30 [DBG] Hangfire.Server.ServerHeartbeatProcess: Server antonyraj:30600:0e85fd10 heartbeat successfully sent
2026-06-03 20:33:38.234 +05:30 [INF] Microsoft.EntityFrameworkCore.Database.Command: Executed DbCommand (1ms) [Parameters=[@__p_0='?' (DbType = Int32)], CommandType='"Text"', CommandTimeout='30']
SELECT n."Id", n."CompanyId", n."CreatedAt", n."CreatedBy", n."Error", n."Payload", n."Recipient", n."RetryCount", n."SentAt", n."Status", n."Subject", n."Type", n."UpdatedAt", n."UpdatedBy"
FROM "NotificationQueues" AS n
WHERE n."Type" = 'Sms' AND n."SentAt" IS NULL AND n."RetryCount" < 3
LIMIT @__p_0
2026-06-03 20:33:57.811 +05:30 [INF] Microsoft.EntityFrameworkCore.Database.Command: Executed DbCommand (1ms) [Parameters=[@__p_0='?' (DbType = Int32)], CommandType='"Text"', CommandTimeout='30']
SELECT n."Id", n."CompanyId", n."CreatedAt", n."CreatedBy", n."Error", n."Payload", n."Recipient", n."RetryCount", n."SentAt", n."Status", n."Subject", n."Type", n."UpdatedAt", n."UpdatedBy"
FROM "NotificationQueues" AS n
WHERE n."Type" = 'Email' AND n."SentAt" IS NULL AND n."RetryCount" < 3
LIMIT @__p_0
2026-06-03 20:34:07.883 +05:30 [INF] Microsoft.EntityFrameworkCore.Database.Command: Executed DbCommand (1ms) [Parameters=[@__p_0='?' (DbType = Int32)], CommandType='"Text"', CommandTimeout='30']
SELECT n."Id", n."CompanyId", n."CreatedAt", n."CreatedBy", n."Error", n."Payload", n."Recipient", n."RetryCount", n."SentAt", n."Status", n."Subject", n."Type", n."UpdatedAt", n."UpdatedBy"
FROM "NotificationQueues" AS n
WHERE n."Type" = 'WhatsApp' AND n."SentAt" IS NULL AND n."RetryCount" < 3
LIMIT @__p_0
2026-06-03 20:34:07.926 +05:30 [DBG] Hangfire.Server.ServerHeartbeatProcess: Server antonyraj:30600:0e85fd10 heartbeat successfully sent
2026-06-03 20:34:08.316 +05:30 [INF] Microsoft.EntityFrameworkCore.Database.Command: Executed DbCommand (23ms) [Parameters=[@__p_0='?' (DbType = Int32)], CommandType='"Text"', CommandTimeout='30']
SELECT n."Id", n."CompanyId", n."CreatedAt", n."CreatedBy", n."Error", n."Payload", n."Recipient", n."RetryCount", n."SentAt", n."Status", n."Subject", n."Type", n."UpdatedAt", n."UpdatedBy"
FROM "NotificationQueues" AS n
WHERE n."Type" = 'Sms' AND n."SentAt" IS NULL AND n."RetryCount" < 3
LIMIT @__p_0
2026-06-03 20:34:27.855 +05:30 [INF] Microsoft.EntityFrameworkCore.Database.Command: Executed DbCommand (1ms) [Parameters=[@__p_0='?' (DbType = Int32)], CommandType='"Text"', CommandTimeout='30']
SELECT n."Id", n."CompanyId", n."CreatedAt", n."CreatedBy", n."Error", n."Payload", n."Recipient", n."RetryCount", n."SentAt", n."Status", n."Subject", n."Type", n."UpdatedAt", n."UpdatedBy"
FROM "NotificationQueues" AS n
WHERE n."Type" = 'Email' AND n."SentAt" IS NULL AND n."RetryCount" < 3
LIMIT @__p_0
2026-06-03 20:34:38.434 +05:30 [INF] Microsoft.EntityFrameworkCore.Database.Command: Executed DbCommand (4ms) [Parameters=[@__p_0='?' (DbType = Int32)], CommandType='"Text"', CommandTimeout='30']
SELECT n."Id", n."CompanyId", n."CreatedAt", n."CreatedBy", n."Error", n."Payload", n."Recipient", n."RetryCount", n."SentAt", n."Status", n."Subject", n."Type", n."UpdatedAt", n."UpdatedBy"
FROM "NotificationQueues" AS n
WHERE n."Type" = 'WhatsApp' AND n."SentAt" IS NULL AND n."RetryCount" < 3
LIMIT @__p_0
2026-06-03 20:34:38.577 +05:30 [DBG] Hangfire.Server.ServerHeartbeatProcess: Server antonyraj:30600:0e85fd10 heartbeat successfully sent
2026-06-03 20:34:38.609 +05:30 [INF] Microsoft.EntityFrameworkCore.Database.Command: Executed DbCommand (3ms) [Parameters=[@__p_0='?' (DbType = Int32)], CommandType='"Text"', CommandTimeout='30']
SELECT n."Id", n."CompanyId", n."CreatedAt", n."CreatedBy", n."Error", n."Payload", n."Recipient", n."RetryCount", n."SentAt", n."Status", n."Subject", n."Type", n."UpdatedAt", n."UpdatedBy"
FROM "NotificationQueues" AS n
WHERE n."Type" = 'Sms' AND n."SentAt" IS NULL AND n."RetryCount" < 3
LIMIT @__p_0
2026-06-03 20:34:57.872 +05:30 [INF] Microsoft.EntityFrameworkCore.Database.Command: Executed DbCommand (4ms) [Parameters=[@__p_0='?' (DbType = Int32)], CommandType='"Text"', CommandTimeout='30']
SELECT n."Id", n."CompanyId", n."CreatedAt", n."CreatedBy", n."Error", n."Payload", n."Recipient", n."RetryCount", n."SentAt", n."Status", n."Subject", n."Type", n."UpdatedAt", n."UpdatedBy"
FROM "NotificationQueues" AS n
WHERE n."Type" = 'Email' AND n."SentAt" IS NULL AND n."RetryCount" < 3
LIMIT @__p_0
2026-06-03 20:35:07.974 +05:30 [DBG] Hangfire.PostgreSql.CountersAggregator: Aggregating records in 'Counter' table...
2026-06-03 20:35:08.482 +05:30 [INF] Microsoft.EntityFrameworkCore.Database.Command: Executed DbCommand (10ms) [Parameters=[@__p_0='?' (DbType = Int32)], CommandType='"Text"', CommandTimeout='30']
SELECT n."Id", n."CompanyId", n."CreatedAt", n."CreatedBy", n."Error", n."Payload", n."Recipient", n."RetryCount", n."SentAt", n."Status", n."Subject", n."Type", n."UpdatedAt", n."UpdatedBy"
FROM "NotificationQueues" AS n
WHERE n."Type" = 'WhatsApp' AND n."SentAt" IS NULL AND n."RetryCount" < 3
LIMIT @__p_0
2026-06-03 20:35:08.603 +05:30 [DBG] Hangfire.Server.ServerHeartbeatProcess: Server antonyraj:30600:0e85fd10 heartbeat successfully sent
2026-06-03 20:35:08.634 +05:30 [INF] Microsoft.EntityFrameworkCore.Database.Command: Executed DbCommand (8ms) [Parameters=[@__p_0='?' (DbType = Int32)], CommandType='"Text"', CommandTimeout='30']
SELECT n."Id", n."CompanyId", n."CreatedAt", n."CreatedBy", n."Error", n."Payload", n."Recipient", n."RetryCount", n."SentAt", n."Status", n."Subject", n."Type", n."UpdatedAt", n."UpdatedBy"
FROM "NotificationQueues" AS n
WHERE n."Type" = 'Sms' AND n."SentAt" IS NULL AND n."RetryCount" < 3
LIMIT @__p_0
2026-06-03 20:35:27.904 +05:30 [INF] Microsoft.EntityFrameworkCore.Database.Command: Executed DbCommand (12ms) [Parameters=[@__p_0='?' (DbType = Int32)], CommandType='"Text"', CommandTimeout='30']
SELECT n."Id", n."CompanyId", n."CreatedAt", n."CreatedBy", n."Error", n."Payload", n."Recipient", n."RetryCount", n."SentAt", n."Status", n."Subject", n."Type", n."UpdatedAt", n."UpdatedBy"
FROM "NotificationQueues" AS n
WHERE n."Type" = 'Email' AND n."SentAt" IS NULL AND n."RetryCount" < 3
LIMIT @__p_0
2026-06-03 20:35:38.505 +05:30 [INF] Microsoft.EntityFrameworkCore.Database.Command: Executed DbCommand (1ms) [Parameters=[@__p_0='?' (DbType = Int32)], CommandType='"Text"', CommandTimeout='30']
SELECT n."Id", n."CompanyId", n."CreatedAt", n."CreatedBy", n."Error", n."Payload", n."Recipient", n."RetryCount", n."SentAt", n."Status", n."Subject", n."Type", n."UpdatedAt", n."UpdatedBy"
FROM "NotificationQueues" AS n
WHERE n."Type" = 'WhatsApp' AND n."SentAt" IS NULL AND n."RetryCount" < 3
LIMIT @__p_0
2026-06-03 20:35:38.620 +05:30 [DBG] Hangfire.Server.ServerHeartbeatProcess: Server antonyraj:30600:0e85fd10 heartbeat successfully sent
2026-06-03 20:35:38.775 +05:30 [INF] Microsoft.EntityFrameworkCore.Database.Command: Executed DbCommand (3ms) [Parameters=[@__p_0='?' (DbType = Int32)], CommandType='"Text"', CommandTimeout='30']
SELECT n."Id", n."CompanyId", n."CreatedAt", n."CreatedBy", n."Error", n."Payload", n."Recipient", n."RetryCount", n."SentAt", n."Status", n."Subject", n."Type", n."UpdatedAt", n."UpdatedBy"
FROM "NotificationQueues" AS n
WHERE n."Type" = 'Sms' AND n."SentAt" IS NULL AND n."RetryCount" < 3
LIMIT @__p_0
2026-06-03 20:35:58.022 +05:30 [INF] Microsoft.EntityFrameworkCore.Database.Command: Executed DbCommand (4ms) [Parameters=[@__p_0='?' (DbType = Int32)], CommandType='"Text"', CommandTimeout='30']
SELECT n."Id", n."CompanyId", n."CreatedAt", n."CreatedBy", n."Error", n."Payload", n."Recipient", n."RetryCount", n."SentAt", n."Status", n."Subject", n."Type", n."UpdatedAt", n."UpdatedBy"
FROM "NotificationQueues" AS n
WHERE n."Type" = 'Email' AND n."SentAt" IS NULL AND n."RetryCount" < 3
LIMIT @__p_0
2026-06-03 20:36:08.544 +05:30 [INF] Microsoft.EntityFrameworkCore.Database.Command: Executed DbCommand (4ms) [Parameters=[@__p_0='?' (DbType = Int32)], CommandType='"Text"', CommandTimeout='30']
SELECT n."Id", n."CompanyId", n."CreatedAt", n."CreatedBy", n."Error", n."Payload", n."Recipient", n."RetryCount", n."SentAt", n."Status", n."Subject", n."Type", n."UpdatedAt", n."UpdatedBy"
FROM "NotificationQueues" AS n
WHERE n."Type" = 'WhatsApp' AND n."SentAt" IS NULL AND n."RetryCount" < 3
LIMIT @__p_0
2026-06-03 20:36:08.629 +05:30 [DBG] Hangfire.Server.ServerHeartbeatProcess: Server antonyraj:30600:0e85fd10 heartbeat successfully sent
2026-06-03 20:36:08.844 +05:30 [INF] Microsoft.EntityFrameworkCore.Database.Command: Executed DbCommand (1ms) [Parameters=[@__p_0='?' (DbType = Int32)], CommandType='"Text"', CommandTimeout='30']
SELECT n."Id", n."CompanyId", n."CreatedAt", n."CreatedBy", n."Error", n."Payload", n."Recipient", n."RetryCount", n."SentAt", n."Status", n."Subject", n."Type", n."UpdatedAt", n."UpdatedBy"
FROM "NotificationQueues" AS n
WHERE n."Type" = 'Sms' AND n."SentAt" IS NULL AND n."RetryCount" < 3
LIMIT @__p_0
2026-06-03 20:36:28.131 +05:30 [INF] Microsoft.EntityFrameworkCore.Database.Command: Executed DbCommand (3ms) [Parameters=[@__p_0='?' (DbType = Int32)], CommandType='"Text"', CommandTimeout='30']
SELECT n."Id", n."CompanyId", n."CreatedAt", n."CreatedBy", n."Error", n."Payload", n."Recipient", n."RetryCount", n."SentAt", n."Status", n."Subject", n."Type", n."UpdatedAt", n."UpdatedBy"
FROM "NotificationQueues" AS n
WHERE n."Type" = 'Email' AND n."SentAt" IS NULL AND n."RetryCount" < 3
LIMIT @__p_0
2026-06-03 20:36:38.576 +05:30 [INF] Microsoft.EntityFrameworkCore.Database.Command: Executed DbCommand (10ms) [Parameters=[@__p_0='?' (DbType = Int32)], CommandType='"Text"', CommandTimeout='30']
SELECT n."Id", n."CompanyId", n."CreatedAt", n."CreatedBy", n."Error", n."Payload", n."Recipient", n."RetryCount", n."SentAt", n."Status", n."Subject", n."Type", n."UpdatedAt", n."UpdatedBy"
FROM "NotificationQueues" AS n
WHERE n."Type" = 'WhatsApp' AND n."SentAt" IS NULL AND n."RetryCount" < 3
LIMIT @__p_0
2026-06-03 20:36:38.635 +05:30 [DBG] Hangfire.Server.ServerHeartbeatProcess: Server antonyraj:30600:0e85fd10 heartbeat successfully sent
2026-06-03 20:36:38.857 +05:30 [INF] Microsoft.EntityFrameworkCore.Database.Command: Executed DbCommand (1ms) [Parameters=[@__p_0='?' (DbType = Int32)], CommandType='"Text"', CommandTimeout='30']
SELECT n."Id", n."CompanyId", n."CreatedAt", n."CreatedBy", n."Error", n."Payload", n."Recipient", n."RetryCount", n."SentAt", n."Status", n."Subject", n."Type", n."UpdatedAt", n."UpdatedBy"
FROM "NotificationQueues" AS n
WHERE n."Type" = 'Sms' AND n."SentAt" IS NULL AND n."RetryCount" < 3
LIMIT @__p_0
2026-06-03 20:36:58.176 +05:30 [INF] Microsoft.EntityFrameworkCore.Database.Command: Executed DbCommand (15ms) [Parameters=[@__p_0='?' (DbType = Int32)], CommandType='"Text"', CommandTimeout='30']
SELECT n."Id", n."CompanyId", n."CreatedAt", n."CreatedBy", n."Error", n."Payload", n."Recipient", n."RetryCount", n."SentAt", n."Status", n."Subject", n."Type", n."UpdatedAt", n."UpdatedBy"
FROM "NotificationQueues" AS n
WHERE n."Type" = 'Email' AND n."SentAt" IS NULL AND n."RetryCount" < 3
LIMIT @__p_0
2026-06-03 20:37:08.603 +05:30 [INF] Microsoft.EntityFrameworkCore.Database.Command: Executed DbCommand (4ms) [Parameters=[@__p_0='?' (DbType = Int32)], CommandType='"Text"', CommandTimeout='30']
SELECT n."Id", n."CompanyId", n."CreatedAt", n."CreatedBy", n."Error", n."Payload", n."Recipient", n."RetryCount", n."SentAt", n."Status", n."Subject", n."Type", n."UpdatedAt", n."UpdatedBy"
FROM "NotificationQueues" AS n
WHERE n."Type" = 'WhatsApp' AND n."SentAt" IS NULL AND n."RetryCount" < 3
LIMIT @__p_0
2026-06-03 20:37:08.661 +05:30 [DBG] Hangfire.Server.ServerHeartbeatProcess: Server antonyraj:30600:0e85fd10 heartbeat successfully sent
2026-06-03 20:37:08.889 +05:30 [INF] Microsoft.EntityFrameworkCore.Database.Command: Executed DbCommand (3ms) [Parameters=[@__p_0='?' (DbType = Int32)], CommandType='"Text"', CommandTimeout='30']
SELECT n."Id", n."CompanyId", n."CreatedAt", n."CreatedBy", n."Error", n."Payload", n."Recipient", n."RetryCount", n."SentAt", n."Status", n."Subject", n."Type", n."UpdatedAt", n."UpdatedBy"
FROM "NotificationQueues" AS n
WHERE n."Type" = 'Sms' AND n."SentAt" IS NULL AND n."RetryCount" < 3
LIMIT @__p_0
2026-06-03 20:37:28.216 +05:30 [INF] Microsoft.EntityFrameworkCore.Database.Command: Executed DbCommand (1ms) [Parameters=[@__p_0='?' (DbType = Int32)], CommandType='"Text"', CommandTimeout='30']
SELECT n."Id", n."CompanyId", n."CreatedAt", n."CreatedBy", n."Error", n."Payload", n."Recipient", n."RetryCount", n."SentAt", n."Status", n."Subject", n."Type", n."UpdatedAt", n."UpdatedBy"
FROM "NotificationQueues" AS n
WHERE n."Type" = 'Email' AND n."SentAt" IS NULL AND n."RetryCount" < 3
LIMIT @__p_0
2026-06-03 20:37:38.801 +05:30 [INF] Microsoft.EntityFrameworkCore.Database.Command: Executed DbCommand (17ms) [Parameters=[@__p_0='?' (DbType = Int32)], CommandType='"Text"', CommandTimeout='30']
SELECT n."Id", n."CompanyId", n."CreatedAt", n."CreatedBy", n."Error", n."Payload", n."Recipient", n."RetryCount", n."SentAt", n."Status", n."Subject", n."Type", n."UpdatedAt", n."UpdatedBy"
FROM "NotificationQueues" AS n
WHERE n."Type" = 'WhatsApp' AND n."SentAt" IS NULL AND n."RetryCount" < 3
LIMIT @__p_0
2026-06-03 20:37:38.857 +05:30 [DBG] Hangfire.Server.ServerHeartbeatProcess: Server antonyraj:30600:0e85fd10 heartbeat successfully sent
2026-06-03 20:37:39.113 +05:30 [INF] Microsoft.EntityFrameworkCore.Database.Command: Executed DbCommand (1ms) [Parameters=[@__p_0='?' (DbType = Int32)], CommandType='"Text"', CommandTimeout='30']
SELECT n."Id", n."CompanyId", n."CreatedAt", n."CreatedBy", n."Error", n."Payload", n."Recipient", n."RetryCount", n."SentAt", n."Status", n."Subject", n."Type", n."UpdatedAt", n."UpdatedBy"
FROM "NotificationQueues" AS n
WHERE n."Type" = 'Sms' AND n."SentAt" IS NULL AND n."RetryCount" < 3
LIMIT @__p_0
2026-06-03 20:37:58.250 +05:30 [INF] Microsoft.EntityFrameworkCore.Database.Command: Executed DbCommand (11ms) [Parameters=[@__p_0='?' (DbType = Int32)], CommandType='"Text"', CommandTimeout='30']
SELECT n."Id", n."CompanyId", n."CreatedAt", n."CreatedBy", n."Error", n."Payload", n."Recipient", n."RetryCount", n."SentAt", n."Status", n."Subject", n."Type", n."UpdatedAt", n."UpdatedBy"
FROM "NotificationQueues" AS n
WHERE n."Type" = 'Email' AND n."SentAt" IS NULL AND n."RetryCount" < 3
LIMIT @__p_0
2026-06-03 20:38:08.842 +05:30 [INF] Microsoft.EntityFrameworkCore.Database.Command: Executed DbCommand (3ms) [Parameters=[@__p_0='?' (DbType = Int32)], CommandType='"Text"', CommandTimeout='30']
SELECT n."Id", n."CompanyId", n."CreatedAt", n."CreatedBy", n."Error", n."Payload", n."Recipient", n."RetryCount", n."SentAt", n."Status", n."Subject", n."Type", n."UpdatedAt", n."UpdatedBy"
FROM "NotificationQueues" AS n
WHERE n."Type" = 'WhatsApp' AND n."SentAt" IS NULL AND n."RetryCount" < 3
LIMIT @__p_0
2026-06-03 20:38:08.958 +05:30 [DBG] Hangfire.Server.ServerHeartbeatProcess: Server antonyraj:30600:0e85fd10 heartbeat successfully sent
2026-06-03 20:38:09.139 +05:30 [INF] Microsoft.EntityFrameworkCore.Database.Command: Executed DbCommand (13ms) [Parameters=[@__p_0='?' (DbType = Int32)], CommandType='"Text"', CommandTimeout='30']
SELECT n."Id", n."CompanyId", n."CreatedAt", n."CreatedBy", n."Error", n."Payload", n."Recipient", n."RetryCount", n."SentAt", n."Status", n."Subject", n."Type", n."UpdatedAt", n."UpdatedBy"
FROM "NotificationQueues" AS n
WHERE n."Type" = 'Sms' AND n."SentAt" IS NULL AND n."RetryCount" < 3
LIMIT @__p_0
2026-06-03 20:38:28.262 +05:30 [INF] Microsoft.EntityFrameworkCore.Database.Command: Executed DbCommand (2ms) [Parameters=[@__p_0='?' (DbType = Int32)], CommandType='"Text"', CommandTimeout='30']
SELECT n."Id", n."CompanyId", n."CreatedAt", n."CreatedBy", n."Error", n."Payload", n."Recipient", n."RetryCount", n."SentAt", n."Status", n."Subject", n."Type", n."UpdatedAt", n."UpdatedBy"
FROM "NotificationQueues" AS n
WHERE n."Type" = 'Email' AND n."SentAt" IS NULL AND n."RetryCount" < 3
LIMIT @__p_0
2026-06-03 20:38:38.863 +05:30 [INF] Microsoft.EntityFrameworkCore.Database.Command: Executed DbCommand (2ms) [Parameters=[@__p_0='?' (DbType = Int32)], CommandType='"Text"', CommandTimeout='30']
SELECT n."Id", n."CompanyId", n."CreatedAt", n."CreatedBy", n."Error", n."Payload", n."Recipient", n."RetryCount", n."SentAt", n."Status", n."Subject", n."Type", n."UpdatedAt", n."UpdatedBy"
FROM "NotificationQueues" AS n
WHERE n."Type" = 'WhatsApp' AND n."SentAt" IS NULL AND n."RetryCount" < 3
LIMIT @__p_0
2026-06-03 20:38:38.966 +05:30 [DBG] Hangfire.Server.ServerHeartbeatProcess: Server antonyraj:30600:0e85fd10 heartbeat successfully sent
2026-06-03 20:38:39.147 +05:30 [INF] Microsoft.EntityFrameworkCore.Database.Command: Executed DbCommand (1ms) [Parameters=[@__p_0='?' (DbType = Int32)], CommandType='"Text"', CommandTimeout='30']
SELECT n."Id", n."CompanyId", n."CreatedAt", n."CreatedBy", n."Error", n."Payload", n."Recipient", n."RetryCount", n."SentAt", n."Status", n."Subject", n."Type", n."UpdatedAt", n."UpdatedBy"
FROM "NotificationQueues" AS n
WHERE n."Type" = 'Sms' AND n."SentAt" IS NULL AND n."RetryCount" < 3
LIMIT @__p_0
2026-06-03 20:38:58.278 +05:30 [INF] Microsoft.EntityFrameworkCore.Database.Command: Executed DbCommand (2ms) [Parameters=[@__p_0='?' (DbType = Int32)], CommandType='"Text"', CommandTimeout='30']
SELECT n."Id", n."CompanyId", n."CreatedAt", n."CreatedBy", n."Error", n."Payload", n."Recipient", n."RetryCount", n."SentAt", n."Status", n."Subject", n."Type", n."UpdatedAt", n."UpdatedBy"
FROM "NotificationQueues" AS n
WHERE n."Type" = 'Email' AND n."SentAt" IS NULL AND n."RetryCount" < 3
LIMIT @__p_0
2026-06-03 20:39:08.877 +05:30 [INF] Microsoft.EntityFrameworkCore.Database.Command: Executed DbCommand (1ms) [Parameters=[@__p_0='?' (DbType = Int32)], CommandType='"Text"', CommandTimeout='30']
SELECT n."Id", n."CompanyId", n."CreatedAt", n."CreatedBy", n."Error", n."Payload", n."Recipient", n."RetryCount", n."SentAt", n."Status", n."Subject", n."Type", n."UpdatedAt", n."UpdatedBy"
FROM "NotificationQueues" AS n
WHERE n."Type" = 'WhatsApp' AND n."SentAt" IS NULL AND n."RetryCount" < 3
LIMIT @__p_0
2026-06-03 20:39:08.972 +05:30 [DBG] Hangfire.Server.ServerHeartbeatProcess: Server antonyraj:30600:0e85fd10 heartbeat successfully sent
2026-06-03 20:39:09.166 +05:30 [INF] Microsoft.EntityFrameworkCore.Database.Command: Executed DbCommand (1ms) [Parameters=[@__p_0='?' (DbType = Int32)], CommandType='"Text"', CommandTimeout='30']
SELECT n."Id", n."CompanyId", n."CreatedAt", n."CreatedBy", n."Error", n."Payload", n."Recipient", n."RetryCount", n."SentAt", n."Status", n."Subject", n."Type", n."UpdatedAt", n."UpdatedBy"
FROM "NotificationQueues" AS n
WHERE n."Type" = 'Sms' AND n."SentAt" IS NULL AND n."RetryCount" < 3
LIMIT @__p_0
2026-06-03 20:39:28.296 +05:30 [INF] Microsoft.EntityFrameworkCore.Database.Command: Executed DbCommand (1ms) [Parameters=[@__p_0='?' (DbType = Int32)], CommandType='"Text"', CommandTimeout='30']
SELECT n."Id", n."CompanyId", n."CreatedAt", n."CreatedBy", n."Error", n."Payload", n."Recipient", n."RetryCount", n."SentAt", n."Status", n."Subject", n."Type", n."UpdatedAt", n."UpdatedBy"
FROM "NotificationQueues" AS n
WHERE n."Type" = 'Email' AND n."SentAt" IS NULL AND n."RetryCount" < 3
LIMIT @__p_0
2026-06-03 20:39:38.908 +05:30 [INF] Microsoft.EntityFrameworkCore.Database.Command: Executed DbCommand (9ms) [Parameters=[@__p_0='?' (DbType = Int32)], CommandType='"Text"', CommandTimeout='30']
SELECT n."Id", n."CompanyId", n."CreatedAt", n."CreatedBy", n."Error", n."Payload", n."Recipient", n."RetryCount", n."SentAt", n."Status", n."Subject", n."Type", n."UpdatedAt", n."UpdatedBy"
FROM "NotificationQueues" AS n
WHERE n."Type" = 'WhatsApp' AND n."SentAt" IS NULL AND n."RetryCount" < 3
LIMIT @__p_0
2026-06-03 20:39:38.984 +05:30 [DBG] Hangfire.Server.ServerHeartbeatProcess: Server antonyraj:30600:0e85fd10 heartbeat successfully sent
2026-06-03 20:39:39.192 +05:30 [INF] Microsoft.EntityFrameworkCore.Database.Command: Executed DbCommand (1ms) [Parameters=[@__p_0='?' (DbType = Int32)], CommandType='"Text"', CommandTimeout='30']
SELECT n."Id", n."CompanyId", n."CreatedAt", n."CreatedBy", n."Error", n."Payload", n."Recipient", n."RetryCount", n."SentAt", n."Status", n."Subject", n."Type", n."UpdatedAt", n."UpdatedBy"
FROM "NotificationQueues" AS n
WHERE n."Type" = 'Sms' AND n."SentAt" IS NULL AND n."RetryCount" < 3
LIMIT @__p_0
2026-06-03 20:39:58.320 +05:30 [INF] Microsoft.EntityFrameworkCore.Database.Command: Executed DbCommand (2ms) [Parameters=[@__p_0='?' (DbType = Int32)], CommandType='"Text"', CommandTimeout='30']
SELECT n."Id", n."CompanyId", n."CreatedAt", n."CreatedBy", n."Error", n."Payload", n."Recipient", n."RetryCount", n."SentAt", n."Status", n."Subject", n."Type", n."UpdatedAt", n."UpdatedBy"
FROM "NotificationQueues" AS n
WHERE n."Type" = 'Email' AND n."SentAt" IS NULL AND n."RetryCount" < 3
LIMIT @__p_0
2026-06-03 20:40:08.058 +05:30 [DBG] Hangfire.PostgreSql.CountersAggregator: Aggregating records in 'Counter' table...
2026-06-03 20:40:09.046 +05:30 [INF] Microsoft.EntityFrameworkCore.Database.Command: Executed DbCommand (6ms) [Parameters=[@__p_0='?' (DbType = Int32)], CommandType='"Text"', CommandTimeout='30']
SELECT n."Id", n."CompanyId", n."CreatedAt", n."CreatedBy", n."Error", n."Payload", n."Recipient", n."RetryCount", n."SentAt", n."Status", n."Subject", n."Type", n."UpdatedAt", n."UpdatedBy"
FROM "NotificationQueues" AS n
WHERE n."Type" = 'WhatsApp' AND n."SentAt" IS NULL AND n."RetryCount" < 3
LIMIT @__p_0
2026-06-03 20:40:09.050 +05:30 [DBG] Hangfire.Server.ServerHeartbeatProcess: Server antonyraj:30600:0e85fd10 heartbeat successfully sent
2026-06-03 20:40:09.221 +05:30 [INF] Microsoft.EntityFrameworkCore.Database.Command: Executed DbCommand (9ms) [Parameters=[@__p_0='?' (DbType = Int32)], CommandType='"Text"', CommandTimeout='30']
SELECT n."Id", n."CompanyId", n."CreatedAt", n."CreatedBy", n."Error", n."Payload", n."Recipient", n."RetryCount", n."SentAt", n."Status", n."Subject", n."Type", n."UpdatedAt", n."UpdatedBy"
FROM "NotificationQueues" AS n
WHERE n."Type" = 'Sms' AND n."SentAt" IS NULL AND n."RetryCount" < 3
LIMIT @__p_0
2026-06-03 20:40:09.699 +05:30 [INF] Microsoft.EntityFrameworkCore.Database.Command: Executed DbCommand (14ms) [Parameters=[], CommandType='"Text"', CommandTimeout='30']
SELECT s."Id", s."CompanyId", s."CreatedAt", s."CreatedBy", s."EmailRecipients", s."IsActive", s."LastTriggeredAt", s."NotifyRoles", s."ProductId", s."SendEmail", s."SendSms", s."SendWhatsApp", s."SmsRecipients", s."Threshold", s."Unit", s."UpdatedAt", s."UpdatedBy", s."WarehouseId", s."WhatsAppRecipients"
FROM "StockAlertRules" AS s
WHERE s."IsActive" AND s."IsActive"
2026-06-03 20:40:28.354 +05:30 [INF] Microsoft.EntityFrameworkCore.Database.Command: Executed DbCommand (10ms) [Parameters=[@__p_0='?' (DbType = Int32)], CommandType='"Text"', CommandTimeout='30']
SELECT n."Id", n."CompanyId", n."CreatedAt", n."CreatedBy", n."Error", n."Payload", n."Recipient", n."RetryCount", n."SentAt", n."Status", n."Subject", n."Type", n."UpdatedAt", n."UpdatedBy"
FROM "NotificationQueues" AS n
WHERE n."Type" = 'Email' AND n."SentAt" IS NULL AND n."RetryCount" < 3
LIMIT @__p_0
2026-06-03 20:40:39.072 +05:30 [INF] Microsoft.EntityFrameworkCore.Database.Command: Executed DbCommand (2ms) [Parameters=[@__p_0='?' (DbType = Int32)], CommandType='"Text"', CommandTimeout='30']
SELECT n."Id", n."CompanyId", n."CreatedAt", n."CreatedBy", n."Error", n."Payload", n."Recipient", n."RetryCount", n."SentAt", n."Status", n."Subject", n."Type", n."UpdatedAt", n."UpdatedBy"
FROM "NotificationQueues" AS n
WHERE n."Type" = 'WhatsApp' AND n."SentAt" IS NULL AND n."RetryCount" < 3
LIMIT @__p_0
2026-06-03 20:40:39.099 +05:30 [DBG] Hangfire.Server.ServerHeartbeatProcess: Server antonyraj:30600:0e85fd10 heartbeat successfully sent
2026-06-03 20:40:39.249 +05:30 [INF] Microsoft.EntityFrameworkCore.Database.Command: Executed DbCommand (3ms) [Parameters=[@__p_0='?' (DbType = Int32)], CommandType='"Text"', CommandTimeout='30']
SELECT n."Id", n."CompanyId", n."CreatedAt", n."CreatedBy", n."Error", n."Payload", n."Recipient", n."RetryCount", n."SentAt", n."Status", n."Subject", n."Type", n."UpdatedAt", n."UpdatedBy"
FROM "NotificationQueues" AS n
WHERE n."Type" = 'Sms' AND n."SentAt" IS NULL AND n."RetryCount" < 3
LIMIT @__p_0
2026-06-03 20:40:58.373 +05:30 [INF] Microsoft.EntityFrameworkCore.Database.Command: Executed DbCommand (5ms) [Parameters=[@__p_0='?' (DbType = Int32)], CommandType='"Text"', CommandTimeout='30']
SELECT n."Id", n."CompanyId", n."CreatedAt", n."CreatedBy", n."Error", n."Payload", n."Recipient", n."RetryCount", n."SentAt", n."Status", n."Subject", n."Type", n."UpdatedAt", n."UpdatedBy"
FROM "NotificationQueues" AS n
WHERE n."Type" = 'Email' AND n."SentAt" IS NULL AND n."RetryCount" < 3
LIMIT @__p_0
2026-06-03 20:41:09.093 +05:30 [INF] Microsoft.EntityFrameworkCore.Database.Command: Executed DbCommand (4ms) [Parameters=[@__p_0='?' (DbType = Int32)], CommandType='"Text"', CommandTimeout='30']
SELECT n."Id", n."CompanyId", n."CreatedAt", n."CreatedBy", n."Error", n."Payload", n."Recipient", n."RetryCount", n."SentAt", n."Status", n."Subject", n."Type", n."UpdatedAt", n."UpdatedBy"
FROM "NotificationQueues" AS n
WHERE n."Type" = 'WhatsApp' AND n."SentAt" IS NULL AND n."RetryCount" < 3
LIMIT @__p_0
2026-06-03 20:41:09.104 +05:30 [DBG] Hangfire.Server.ServerHeartbeatProcess: Server antonyraj:30600:0e85fd10 heartbeat successfully sent
2026-06-03 20:41:09.266 +05:30 [INF] Microsoft.EntityFrameworkCore.Database.Command: Executed DbCommand (1ms) [Parameters=[@__p_0='?' (DbType = Int32)], CommandType='"Text"', CommandTimeout='30']
SELECT n."Id", n."CompanyId", n."CreatedAt", n."CreatedBy", n."Error", n."Payload", n."Recipient", n."RetryCount", n."SentAt", n."Status", n."Subject", n."Type", n."UpdatedAt", n."UpdatedBy"
FROM "NotificationQueues" AS n
WHERE n."Type" = 'Sms' AND n."SentAt" IS NULL AND n."RetryCount" < 3
LIMIT @__p_0
2026-06-03 20:41:28.404 +05:30 [INF] Microsoft.EntityFrameworkCore.Database.Command: Executed DbCommand (4ms) [Parameters=[@__p_0='?' (DbType = Int32)], CommandType='"Text"', CommandTimeout='30']
SELECT n."Id", n."CompanyId", n."CreatedAt", n."CreatedBy", n."Error", n."Payload", n."Recipient", n."RetryCount", n."SentAt", n."Status", n."Subject", n."Type", n."UpdatedAt", n."UpdatedBy"
FROM "NotificationQueues" AS n
WHERE n."Type" = 'Email' AND n."SentAt" IS NULL AND n."RetryCount" < 3
LIMIT @__p_0
2026-06-03 20:41:39.140 +05:30 [INF] Microsoft.EntityFrameworkCore.Database.Command: Executed DbCommand (1ms) [Parameters=[@__p_0='?' (DbType = Int32)], CommandType='"Text"', CommandTimeout='30']
SELECT n."Id", n."CompanyId", n."CreatedAt", n."CreatedBy", n."Error", n."Payload", n."Recipient", n."RetryCount", n."SentAt", n."Status", n."Subject", n."Type", n."UpdatedAt", n."UpdatedBy"
FROM "NotificationQueues" AS n
WHERE n."Type" = 'WhatsApp' AND n."SentAt" IS NULL AND n."RetryCount" < 3
LIMIT @__p_0
2026-06-03 20:41:39.156 +05:30 [DBG] Hangfire.Server.ServerHeartbeatProcess: Server antonyraj:30600:0e85fd10 heartbeat successfully sent
2026-06-03 20:41:39.286 +05:30 [INF] Microsoft.EntityFrameworkCore.Database.Command: Executed DbCommand (2ms) [Parameters=[@__p_0='?' (DbType = Int32)], CommandType='"Text"', CommandTimeout='30']
SELECT n."Id", n."CompanyId", n."CreatedAt", n."CreatedBy", n."Error", n."Payload", n."Recipient", n."RetryCount", n."SentAt", n."Status", n."Subject", n."Type", n."UpdatedAt", n."UpdatedBy"
FROM "NotificationQueues" AS n
WHERE n."Type" = 'Sms' AND n."SentAt" IS NULL AND n."RetryCount" < 3
LIMIT @__p_0
2026-06-03 20:41:58.464 +05:30 [INF] Microsoft.EntityFrameworkCore.Database.Command: Executed DbCommand (9ms) [Parameters=[@__p_0='?' (DbType = Int32)], CommandType='"Text"', CommandTimeout='30']
SELECT n."Id", n."CompanyId", n."CreatedAt", n."CreatedBy", n."Error", n."Payload", n."Recipient", n."RetryCount", n."SentAt", n."Status", n."Subject", n."Type", n."UpdatedAt", n."UpdatedBy"
FROM "NotificationQueues" AS n
WHERE n."Type" = 'Email' AND n."SentAt" IS NULL AND n."RetryCount" < 3
LIMIT @__p_0
2026-06-03 20:42:09.159 +05:30 [INF] Microsoft.EntityFrameworkCore.Database.Command: Executed DbCommand (4ms) [Parameters=[@__p_0='?' (DbType = Int32)], CommandType='"Text"', CommandTimeout='30']
SELECT n."Id", n."CompanyId", n."CreatedAt", n."CreatedBy", n."Error", n."Payload", n."Recipient", n."RetryCount", n."SentAt", n."Status", n."Subject", n."Type", n."UpdatedAt", n."UpdatedBy"
FROM "NotificationQueues" AS n
WHERE n."Type" = 'WhatsApp' AND n."SentAt" IS NULL AND n."RetryCount" < 3
LIMIT @__p_0
2026-06-03 20:42:09.173 +05:30 [DBG] Hangfire.Server.ServerHeartbeatProcess: Server antonyraj:30600:0e85fd10 heartbeat successfully sent
2026-06-03 20:42:09.316 +05:30 [INF] Microsoft.EntityFrameworkCore.Database.Command: Executed DbCommand (1ms) [Parameters=[@__p_0='?' (DbType = Int32)], CommandType='"Text"', CommandTimeout='30']
SELECT n."Id", n."CompanyId", n."CreatedAt", n."CreatedBy", n."Error", n."Payload", n."Recipient", n."RetryCount", n."SentAt", n."Status", n."Subject", n."Type", n."UpdatedAt", n."UpdatedBy"
FROM "NotificationQueues" AS n
WHERE n."Type" = 'Sms' AND n."SentAt" IS NULL AND n."RetryCount" < 3
LIMIT @__p_0
2026-06-03 20:42:28.494 +05:30 [INF] Microsoft.EntityFrameworkCore.Database.Command: Executed DbCommand (3ms) [Parameters=[@__p_0='?' (DbType = Int32)], CommandType='"Text"', CommandTimeout='30']
SELECT n."Id", n."CompanyId", n."CreatedAt", n."CreatedBy", n."Error", n."Payload", n."Recipient", n."RetryCount", n."SentAt", n."Status", n."Subject", n."Type", n."UpdatedAt", n."UpdatedBy"
FROM "NotificationQueues" AS n
WHERE n."Type" = 'Email' AND n."SentAt" IS NULL AND n."RetryCount" < 3
LIMIT @__p_0
2026-06-03 20:42:39.207 +05:30 [INF] Microsoft.EntityFrameworkCore.Database.Command: Executed DbCommand (1ms) [Parameters=[@__p_0='?' (DbType = Int32)], CommandType='"Text"', CommandTimeout='30']
SELECT n."Id", n."CompanyId", n."CreatedAt", n."CreatedBy", n."Error", n."Payload", n."Recipient", n."RetryCount", n."SentAt", n."Status", n."Subject", n."Type", n."UpdatedAt", n."UpdatedBy"
FROM "NotificationQueues" AS n
WHERE n."Type" = 'WhatsApp' AND n."SentAt" IS NULL AND n."RetryCount" < 3
LIMIT @__p_0
2026-06-03 20:42:39.214 +05:30 [DBG] Hangfire.Server.ServerHeartbeatProcess: Server antonyraj:30600:0e85fd10 heartbeat successfully sent
2026-06-03 20:42:39.347 +05:30 [INF] Microsoft.EntityFrameworkCore.Database.Command: Executed DbCommand (1ms) [Parameters=[@__p_0='?' (DbType = Int32)], CommandType='"Text"', CommandTimeout='30']
SELECT n."Id", n."CompanyId", n."CreatedAt", n."CreatedBy", n."Error", n."Payload", n."Recipient", n."RetryCount", n."SentAt", n."Status", n."Subject", n."Type", n."UpdatedAt", n."UpdatedBy"
FROM "NotificationQueues" AS n
WHERE n."Type" = 'Sms' AND n."SentAt" IS NULL AND n."RetryCount" < 3
LIMIT @__p_0
2026-06-03 20:42:58.505 +05:30 [INF] Microsoft.EntityFrameworkCore.Database.Command: Executed DbCommand (1ms) [Parameters=[@__p_0='?' (DbType = Int32)], CommandType='"Text"', CommandTimeout='30']
SELECT n."Id", n."CompanyId", n."CreatedAt", n."CreatedBy", n."Error", n."Payload", n."Recipient", n."RetryCount", n."SentAt", n."Status", n."Subject", n."Type", n."UpdatedAt", n."UpdatedBy"
FROM "NotificationQueues" AS n
WHERE n."Type" = 'Email' AND n."SentAt" IS NULL AND n."RetryCount" < 3
LIMIT @__p_0
2026-06-03 20:43:09.224 +05:30 [INF] Microsoft.EntityFrameworkCore.Database.Command: Executed DbCommand (2ms) [Parameters=[@__p_0='?' (DbType = Int32)], CommandType='"Text"', CommandTimeout='30']
SELECT n."Id", n."CompanyId", n."CreatedAt", n."CreatedBy", n."Error", n."Payload", n."Recipient", n."RetryCount", n."SentAt", n."Status", n."Subject", n."Type", n."UpdatedAt", n."UpdatedBy"
FROM "NotificationQueues" AS n
WHERE n."Type" = 'WhatsApp' AND n."SentAt" IS NULL AND n."RetryCount" < 3
LIMIT @__p_0
2026-06-03 20:43:09.237 +05:30 [DBG] Hangfire.Server.ServerHeartbeatProcess: Server antonyraj:30600:0e85fd10 heartbeat successfully sent
2026-06-03 20:43:09.364 +05:30 [INF] Microsoft.EntityFrameworkCore.Database.Command: Executed DbCommand (1ms) [Parameters=[@__p_0='?' (DbType = Int32)], CommandType='"Text"', CommandTimeout='30']
SELECT n."Id", n."CompanyId", n."CreatedAt", n."CreatedBy", n."Error", n."Payload", n."Recipient", n."RetryCount", n."SentAt", n."Status", n."Subject", n."Type", n."UpdatedAt", n."UpdatedBy"
FROM "NotificationQueues" AS n
WHERE n."Type" = 'Sms' AND n."SentAt" IS NULL AND n."RetryCount" < 3
LIMIT @__p_0
2026-06-03 20:43:28.533 +05:30 [INF] Microsoft.EntityFrameworkCore.Database.Command: Executed DbCommand (1ms) [Parameters=[@__p_0='?' (DbType = Int32)], CommandType='"Text"', CommandTimeout='30']
SELECT n."Id", n."CompanyId", n."CreatedAt", n."CreatedBy", n."Error", n."Payload", n."Recipient", n."RetryCount", n."SentAt", n."Status", n."Subject", n."Type", n."UpdatedAt", n."UpdatedBy"
FROM "NotificationQueues" AS n
WHERE n."Type" = 'Email' AND n."SentAt" IS NULL AND n."RetryCount" < 3
LIMIT @__p_0
2026-06-03 20:43:39.253 +05:30 [INF] Microsoft.EntityFrameworkCore.Database.Command: Executed DbCommand (1ms) [Parameters=[@__p_0='?' (DbType = Int32)], CommandType='"Text"', CommandTimeout='30']
SELECT n."Id", n."CompanyId", n."CreatedAt", n."CreatedBy", n."Error", n."Payload", n."Recipient", n."RetryCount", n."SentAt", n."Status", n."Subject", n."Type", n."UpdatedAt", n."UpdatedBy"
FROM "NotificationQueues" AS n
WHERE n."Type" = 'WhatsApp' AND n."SentAt" IS NULL AND n."RetryCount" < 3
LIMIT @__p_0
2026-06-03 20:43:39.272 +05:30 [DBG] Hangfire.Server.ServerHeartbeatProcess: Server antonyraj:30600:0e85fd10 heartbeat successfully sent
2026-06-03 20:43:39.423 +05:30 [INF] Microsoft.EntityFrameworkCore.Database.Command: Executed DbCommand (11ms) [Parameters=[@__p_0='?' (DbType = Int32)], CommandType='"Text"', CommandTimeout='30']
SELECT n."Id", n."CompanyId", n."CreatedAt", n."CreatedBy", n."Error", n."Payload", n."Recipient", n."RetryCount", n."SentAt", n."Status", n."Subject", n."Type", n."UpdatedAt", n."UpdatedBy"
FROM "NotificationQueues" AS n
WHERE n."Type" = 'Sms' AND n."SentAt" IS NULL AND n."RetryCount" < 3
LIMIT @__p_0
2026-06-03 20:43:58.571 +05:30 [INF] Microsoft.EntityFrameworkCore.Database.Command: Executed DbCommand (3ms) [Parameters=[@__p_0='?' (DbType = Int32)], CommandType='"Text"', CommandTimeout='30']
SELECT n."Id", n."CompanyId", n."CreatedAt", n."CreatedBy", n."Error", n."Payload", n."Recipient", n."RetryCount", n."SentAt", n."Status", n."Subject", n."Type", n."UpdatedAt", n."UpdatedBy"
FROM "NotificationQueues" AS n
WHERE n."Type" = 'Email' AND n."SentAt" IS NULL AND n."RetryCount" < 3
LIMIT @__p_0
2026-06-03 20:44:09.271 +05:30 [INF] Microsoft.EntityFrameworkCore.Database.Command: Executed DbCommand (1ms) [Parameters=[@__p_0='?' (DbType = Int32)], CommandType='"Text"', CommandTimeout='30']
SELECT n."Id", n."CompanyId", n."CreatedAt", n."CreatedBy", n."Error", n."Payload", n."Recipient", n."RetryCount", n."SentAt", n."Status", n."Subject", n."Type", n."UpdatedAt", n."UpdatedBy"
FROM "NotificationQueues" AS n
WHERE n."Type" = 'WhatsApp' AND n."SentAt" IS NULL AND n."RetryCount" < 3
LIMIT @__p_0
2026-06-03 20:44:09.296 +05:30 [DBG] Hangfire.Server.ServerHeartbeatProcess: Server antonyraj:30600:0e85fd10 heartbeat successfully sent
2026-06-03 20:44:09.453 +05:30 [INF] Microsoft.EntityFrameworkCore.Database.Command: Executed DbCommand (2ms) [Parameters=[@__p_0='?' (DbType = Int32)], CommandType='"Text"', CommandTimeout='30']
SELECT n."Id", n."CompanyId", n."CreatedAt", n."CreatedBy", n."Error", n."Payload", n."Recipient", n."RetryCount", n."SentAt", n."Status", n."Subject", n."Type", n."UpdatedAt", n."UpdatedBy"
FROM "NotificationQueues" AS n
WHERE n."Type" = 'Sms' AND n."SentAt" IS NULL AND n."RetryCount" < 3
LIMIT @__p_0
2026-06-03 20:44:28.580 +05:30 [INF] Microsoft.EntityFrameworkCore.Database.Command: Executed DbCommand (1ms) [Parameters=[@__p_0='?' (DbType = Int32)], CommandType='"Text"', CommandTimeout='30']
SELECT n."Id", n."CompanyId", n."CreatedAt", n."CreatedBy", n."Error", n."Payload", n."Recipient", n."RetryCount", n."SentAt", n."Status", n."Subject", n."Type", n."UpdatedAt", n."UpdatedBy"
FROM "NotificationQueues" AS n
WHERE n."Type" = 'Email' AND n."SentAt" IS NULL AND n."RetryCount" < 3
LIMIT @__p_0
2026-06-03 20:44:39.317 +05:30 [INF] Microsoft.EntityFrameworkCore.Database.Command: Executed DbCommand (1ms) [Parameters=[@__p_0='?' (DbType = Int32)], CommandType='"Text"', CommandTimeout='30']
SELECT n."Id", n."CompanyId", n."CreatedAt", n."CreatedBy", n."Error", n."Payload", n."Recipient", n."RetryCount", n."SentAt", n."Status", n."Subject", n."Type", n."UpdatedAt", n."UpdatedBy"
FROM "NotificationQueues" AS n
WHERE n."Type" = 'WhatsApp' AND n."SentAt" IS NULL AND n."RetryCount" < 3
LIMIT @__p_0
2026-06-03 20:44:39.335 +05:30 [DBG] Hangfire.Server.ServerHeartbeatProcess: Server antonyraj:30600:0e85fd10 heartbeat successfully sent
2026-06-03 20:44:39.491 +05:30 [INF] Microsoft.EntityFrameworkCore.Database.Command: Executed DbCommand (4ms) [Parameters=[@__p_0='?' (DbType = Int32)], CommandType='"Text"', CommandTimeout='30']
SELECT n."Id", n."CompanyId", n."CreatedAt", n."CreatedBy", n."Error", n."Payload", n."Recipient", n."RetryCount", n."SentAt", n."Status", n."Subject", n."Type", n."UpdatedAt", n."UpdatedBy"
FROM "NotificationQueues" AS n
WHERE n."Type" = 'Sms' AND n."SentAt" IS NULL AND n."RetryCount" < 3
LIMIT @__p_0
2026-06-03 20:44:58.590 +05:30 [INF] Microsoft.EntityFrameworkCore.Database.Command: Executed DbCommand (5ms) [Parameters=[@__p_0='?' (DbType = Int32)], CommandType='"Text"', CommandTimeout='30']
SELECT n."Id", n."CompanyId", n."CreatedAt", n."CreatedBy", n."Error", n."Payload", n."Recipient", n."RetryCount", n."SentAt", n."Status", n."Subject", n."Type", n."UpdatedAt", n."UpdatedBy"
FROM "NotificationQueues" AS n
WHERE n."Type" = 'Email' AND n."SentAt" IS NULL AND n."RetryCount" < 3
LIMIT @__p_0
2026-06-03 20:45:08.429 +05:30 [DBG] Hangfire.PostgreSql.CountersAggregator: Aggregating records in 'Counter' table...
2026-06-03 20:45:09.363 +05:30 [DBG] Hangfire.Server.ServerHeartbeatProcess: Server antonyraj:30600:0e85fd10 heartbeat successfully sent
2026-06-03 20:45:09.365 +05:30 [INF] Microsoft.EntityFrameworkCore.Database.Command: Executed DbCommand (1ms) [Parameters=[@__p_0='?' (DbType = Int32)], CommandType='"Text"', CommandTimeout='30']
SELECT n."Id", n."CompanyId", n."CreatedAt", n."CreatedBy", n."Error", n."Payload", n."Recipient", n."RetryCount", n."SentAt", n."Status", n."Subject", n."Type", n."UpdatedAt", n."UpdatedBy"
FROM "NotificationQueues" AS n
WHERE n."Type" = 'WhatsApp' AND n."SentAt" IS NULL AND n."RetryCount" < 3
LIMIT @__p_0
2026-06-03 20:45:09.523 +05:30 [INF] Microsoft.EntityFrameworkCore.Database.Command: Executed DbCommand (1ms) [Parameters=[@__p_0='?' (DbType = Int32)], CommandType='"Text"', CommandTimeout='30']
SELECT n."Id", n."CompanyId", n."CreatedAt", n."CreatedBy", n."Error", n."Payload", n."Recipient", n."RetryCount", n."SentAt", n."Status", n."Subject", n."Type", n."UpdatedAt", n."UpdatedBy"
FROM "NotificationQueues" AS n
WHERE n."Type" = 'Sms' AND n."SentAt" IS NULL AND n."RetryCount" < 3
LIMIT @__p_0
2026-06-03 20:45:28.670 +05:30 [INF] Microsoft.EntityFrameworkCore.Database.Command: Executed DbCommand (27ms) [Parameters=[@__p_0='?' (DbType = Int32)], CommandType='"Text"', CommandTimeout='30']
SELECT n."Id", n."CompanyId", n."CreatedAt", n."CreatedBy", n."Error", n."Payload", n."Recipient", n."RetryCount", n."SentAt", n."Status", n."Subject", n."Type", n."UpdatedAt", n."UpdatedBy"
FROM "NotificationQueues" AS n
WHERE n."Type" = 'Email' AND n."SentAt" IS NULL AND n."RetryCount" < 3
LIMIT @__p_0
2026-06-03 20:45:39.375 +05:30 [INF] Microsoft.EntityFrameworkCore.Database.Command: Executed DbCommand (4ms) [Parameters=[@__p_0='?' (DbType = Int32)], CommandType='"Text"', CommandTimeout='30']
SELECT n."Id", n."CompanyId", n."CreatedAt", n."CreatedBy", n."Error", n."Payload", n."Recipient", n."RetryCount", n."SentAt", n."Status", n."Subject", n."Type", n."UpdatedAt", n."UpdatedBy"
FROM "NotificationQueues" AS n
WHERE n."Type" = 'WhatsApp' AND n."SentAt" IS NULL AND n."RetryCount" < 3
LIMIT @__p_0
2026-06-03 20:45:39.391 +05:30 [DBG] Hangfire.Server.ServerHeartbeatProcess: Server antonyraj:30600:0e85fd10 heartbeat successfully sent
2026-06-03 20:45:39.542 +05:30 [INF] Microsoft.EntityFrameworkCore.Database.Command: Executed DbCommand (1ms) [Parameters=[@__p_0='?' (DbType = Int32)], CommandType='"Text"', CommandTimeout='30']
SELECT n."Id", n."CompanyId", n."CreatedAt", n."CreatedBy", n."Error", n."Payload", n."Recipient", n."RetryCount", n."SentAt", n."Status", n."Subject", n."Type", n."UpdatedAt", n."UpdatedBy"
FROM "NotificationQueues" AS n
WHERE n."Type" = 'Sms' AND n."SentAt" IS NULL AND n."RetryCount" < 3
LIMIT @__p_0
2026-06-03 20:45:58.736 +05:30 [INF] Microsoft.EntityFrameworkCore.Database.Command: Executed DbCommand (2ms) [Parameters=[@__p_0='?' (DbType = Int32)], CommandType='"Text"', CommandTimeout='30']
SELECT n."Id", n."CompanyId", n."CreatedAt", n."CreatedBy", n."Error", n."Payload", n."Recipient", n."RetryCount", n."SentAt", n."Status", n."Subject", n."Type", n."UpdatedAt", n."UpdatedBy"
FROM "NotificationQueues" AS n
WHERE n."Type" = 'Email' AND n."SentAt" IS NULL AND n."RetryCount" < 3
LIMIT @__p_0
2026-06-03 20:46:09.389 +05:30 [INF] Microsoft.EntityFrameworkCore.Database.Command: Executed DbCommand (1ms) [Parameters=[@__p_0='?' (DbType = Int32)], CommandType='"Text"', CommandTimeout='30']
SELECT n."Id", n."CompanyId", n."CreatedAt", n."CreatedBy", n."Error", n."Payload", n."Recipient", n."RetryCount", n."SentAt", n."Status", n."Subject", n."Type", n."UpdatedAt", n."UpdatedBy"
FROM "NotificationQueues" AS n
WHERE n."Type" = 'WhatsApp' AND n."SentAt" IS NULL AND n."RetryCount" < 3
LIMIT @__p_0
2026-06-03 20:46:09.427 +05:30 [DBG] Hangfire.Server.ServerHeartbeatProcess: Server antonyraj:30600:0e85fd10 heartbeat successfully sent
2026-06-03 20:46:09.587 +05:30 [INF] Microsoft.EntityFrameworkCore.Database.Command: Executed DbCommand (2ms) [Parameters=[@__p_0='?' (DbType = Int32)], CommandType='"Text"', CommandTimeout='30']
SELECT n."Id", n."CompanyId", n."CreatedAt", n."CreatedBy", n."Error", n."Payload", n."Recipient", n."RetryCount", n."SentAt", n."Status", n."Subject", n."Type", n."UpdatedAt", n."UpdatedBy"
FROM "NotificationQueues" AS n
WHERE n."Type" = 'Sms' AND n."SentAt" IS NULL AND n."RetryCount" < 3
LIMIT @__p_0
2026-06-03 20:46:28.757 +05:30 [INF] Microsoft.EntityFrameworkCore.Database.Command: Executed DbCommand (1ms) [Parameters=[@__p_0='?' (DbType = Int32)], CommandType='"Text"', CommandTimeout='30']
SELECT n."Id", n."CompanyId", n."CreatedAt", n."CreatedBy", n."Error", n."Payload", n."Recipient", n."RetryCount", n."SentAt", n."Status", n."Subject", n."Type", n."UpdatedAt", n."UpdatedBy"
FROM "NotificationQueues" AS n
WHERE n."Type" = 'Email' AND n."SentAt" IS NULL AND n."RetryCount" < 3
LIMIT @__p_0
2026-06-03 20:46:39.424 +05:30 [INF] Microsoft.EntityFrameworkCore.Database.Command: Executed DbCommand (2ms) [Parameters=[@__p_0='?' (DbType = Int32)], CommandType='"Text"', CommandTimeout='30']
SELECT n."Id", n."CompanyId", n."CreatedAt", n."CreatedBy", n."Error", n."Payload", n."Recipient", n."RetryCount", n."SentAt", n."Status", n."Subject", n."Type", n."UpdatedAt", n."UpdatedBy"
FROM "NotificationQueues" AS n
WHERE n."Type" = 'WhatsApp' AND n."SentAt" IS NULL AND n."RetryCount" < 3
LIMIT @__p_0
2026-06-03 20:46:39.436 +05:30 [DBG] Hangfire.Server.ServerHeartbeatProcess: Server antonyraj:30600:0e85fd10 heartbeat successfully sent
2026-06-03 20:46:39.609 +05:30 [INF] Microsoft.EntityFrameworkCore.Database.Command: Executed DbCommand (1ms) [Parameters=[@__p_0='?' (DbType = Int32)], CommandType='"Text"', CommandTimeout='30']
SELECT n."Id", n."CompanyId", n."CreatedAt", n."CreatedBy", n."Error", n."Payload", n."Recipient", n."RetryCount", n."SentAt", n."Status", n."Subject", n."Type", n."UpdatedAt", n."UpdatedBy"
FROM "NotificationQueues" AS n
WHERE n."Type" = 'Sms' AND n."SentAt" IS NULL AND n."RetryCount" < 3
LIMIT @__p_0
2026-06-03 20:46:58.791 +05:30 [INF] Microsoft.EntityFrameworkCore.Database.Command: Executed DbCommand (2ms) [Parameters=[@__p_0='?' (DbType = Int32)], CommandType='"Text"', CommandTimeout='30']
SELECT n."Id", n."CompanyId", n."CreatedAt", n."CreatedBy", n."Error", n."Payload", n."Recipient", n."RetryCount", n."SentAt", n."Status", n."Subject", n."Type", n."UpdatedAt", n."UpdatedBy"
FROM "NotificationQueues" AS n
WHERE n."Type" = 'Email' AND n."SentAt" IS NULL AND n."RetryCount" < 3
LIMIT @__p_0
2026-06-03 20:47:09.445 +05:30 [DBG] Hangfire.Server.ServerHeartbeatProcess: Server antonyraj:30600:0e85fd10 heartbeat successfully sent
2026-06-03 20:47:09.449 +05:30 [INF] Microsoft.EntityFrameworkCore.Database.Command: Executed DbCommand (1ms) [Parameters=[@__p_0='?' (DbType = Int32)], CommandType='"Text"', CommandTimeout='30']
SELECT n."Id", n."CompanyId", n."CreatedAt", n."CreatedBy", n."Error", n."Payload", n."Recipient", n."RetryCount", n."SentAt", n."Status", n."Subject", n."Type", n."UpdatedAt", n."UpdatedBy"
FROM "NotificationQueues" AS n
WHERE n."Type" = 'WhatsApp' AND n."SentAt" IS NULL AND n."RetryCount" < 3
LIMIT @__p_0
2026-06-03 20:47:09.664 +05:30 [INF] Microsoft.EntityFrameworkCore.Database.Command: Executed DbCommand (2ms) [Parameters=[@__p_0='?' (DbType = Int32)], CommandType='"Text"', CommandTimeout='30']
SELECT n."Id", n."CompanyId", n."CreatedAt", n."CreatedBy", n."Error", n."Payload", n."Recipient", n."RetryCount", n."SentAt", n."Status", n."Subject", n."Type", n."UpdatedAt", n."UpdatedBy"
FROM "NotificationQueues" AS n
WHERE n."Type" = 'Sms' AND n."SentAt" IS NULL AND n."RetryCount" < 3
LIMIT @__p_0
2026-06-03 20:47:28.847 +05:30 [INF] Microsoft.EntityFrameworkCore.Database.Command: Executed DbCommand (4ms) [Parameters=[@__p_0='?' (DbType = Int32)], CommandType='"Text"', CommandTimeout='30']
SELECT n."Id", n."CompanyId", n."CreatedAt", n."CreatedBy", n."Error", n."Payload", n."Recipient", n."RetryCount", n."SentAt", n."Status", n."Subject", n."Type", n."UpdatedAt", n."UpdatedBy"
FROM "NotificationQueues" AS n
WHERE n."Type" = 'Email' AND n."SentAt" IS NULL AND n."RetryCount" < 3
LIMIT @__p_0
2026-06-03 20:47:39.459 +05:30 [DBG] Hangfire.Server.ServerHeartbeatProcess: Server antonyraj:30600:0e85fd10 heartbeat successfully sent
2026-06-03 20:47:39.500 +05:30 [INF] Microsoft.EntityFrameworkCore.Database.Command: Executed DbCommand (1ms) [Parameters=[@__p_0='?' (DbType = Int32)], CommandType='"Text"', CommandTimeout='30']
SELECT n."Id", n."CompanyId", n."CreatedAt", n."CreatedBy", n."Error", n."Payload", n."Recipient", n."RetryCount", n."SentAt", n."Status", n."Subject", n."Type", n."UpdatedAt", n."UpdatedBy"
FROM "NotificationQueues" AS n
WHERE n."Type" = 'WhatsApp' AND n."SentAt" IS NULL AND n."RetryCount" < 3
LIMIT @__p_0
2026-06-03 20:47:39.696 +05:30 [INF] Microsoft.EntityFrameworkCore.Database.Command: Executed DbCommand (1ms) [Parameters=[@__p_0='?' (DbType = Int32)], CommandType='"Text"', CommandTimeout='30']
SELECT n."Id", n."CompanyId", n."CreatedAt", n."CreatedBy", n."Error", n."Payload", n."Recipient", n."RetryCount", n."SentAt", n."Status", n."Subject", n."Type", n."UpdatedAt", n."UpdatedBy"
FROM "NotificationQueues" AS n
WHERE n."Type" = 'Sms' AND n."SentAt" IS NULL AND n."RetryCount" < 3
LIMIT @__p_0
2026-06-03 20:47:58.954 +05:30 [INF] Microsoft.EntityFrameworkCore.Database.Command: Executed DbCommand (1ms) [Parameters=[@__p_0='?' (DbType = Int32)], CommandType='"Text"', CommandTimeout='30']
SELECT n."Id", n."CompanyId", n."CreatedAt", n."CreatedBy", n."Error", n."Payload", n."Recipient", n."RetryCount", n."SentAt", n."Status", n."Subject", n."Type", n."UpdatedAt", n."UpdatedBy"
FROM "NotificationQueues" AS n
WHERE n."Type" = 'Email' AND n."SentAt" IS NULL AND n."RetryCount" < 3
LIMIT @__p_0
2026-06-03 20:48:09.477 +05:30 [DBG] Hangfire.Server.ServerHeartbeatProcess: Server antonyraj:30600:0e85fd10 heartbeat successfully sent
2026-06-03 20:48:09.561 +05:30 [INF] Microsoft.EntityFrameworkCore.Database.Command: Executed DbCommand (1ms) [Parameters=[@__p_0='?' (DbType = Int32)], CommandType='"Text"', CommandTimeout='30']
SELECT n."Id", n."CompanyId", n."CreatedAt", n."CreatedBy", n."Error", n."Payload", n."Recipient", n."RetryCount", n."SentAt", n."Status", n."Subject", n."Type", n."UpdatedAt", n."UpdatedBy"
FROM "NotificationQueues" AS n
WHERE n."Type" = 'WhatsApp' AND n."SentAt" IS NULL AND n."RetryCount" < 3
LIMIT @__p_0
2026-06-03 20:48:09.722 +05:30 [INF] Microsoft.EntityFrameworkCore.Database.Command: Executed DbCommand (1ms) [Parameters=[@__p_0='?' (DbType = Int32)], CommandType='"Text"', CommandTimeout='30']
SELECT n."Id", n."CompanyId", n."CreatedAt", n."CreatedBy", n."Error", n."Payload", n."Recipient", n."RetryCount", n."SentAt", n."Status", n."Subject", n."Type", n."UpdatedAt", n."UpdatedBy"
FROM "NotificationQueues" AS n
WHERE n."Type" = 'Sms' AND n."SentAt" IS NULL AND n."RetryCount" < 3
LIMIT @__p_0
2026-06-03 20:48:28.967 +05:30 [INF] Microsoft.EntityFrameworkCore.Database.Command: Executed DbCommand (2ms) [Parameters=[@__p_0='?' (DbType = Int32)], CommandType='"Text"', CommandTimeout='30']
SELECT n."Id", n."CompanyId", n."CreatedAt", n."CreatedBy", n."Error", n."Payload", n."Recipient", n."RetryCount", n."SentAt", n."Status", n."Subject", n."Type", n."UpdatedAt", n."UpdatedBy"
FROM "NotificationQueues" AS n
WHERE n."Type" = 'Email' AND n."SentAt" IS NULL AND n."RetryCount" < 3
LIMIT @__p_0
2026-06-03 20:48:39.492 +05:30 [DBG] Hangfire.Server.ServerHeartbeatProcess: Server antonyraj:30600:0e85fd10 heartbeat successfully sent
2026-06-03 20:48:39.599 +05:30 [INF] Microsoft.EntityFrameworkCore.Database.Command: Executed DbCommand (1ms) [Parameters=[@__p_0='?' (DbType = Int32)], CommandType='"Text"', CommandTimeout='30']
SELECT n."Id", n."CompanyId", n."CreatedAt", n."CreatedBy", n."Error", n."Payload", n."Recipient", n."RetryCount", n."SentAt", n."Status", n."Subject", n."Type", n."UpdatedAt", n."UpdatedBy"
FROM "NotificationQueues" AS n
WHERE n."Type" = 'WhatsApp' AND n."SentAt" IS NULL AND n."RetryCount" < 3
LIMIT @__p_0
2026-06-03 20:48:39.787 +05:30 [INF] Microsoft.EntityFrameworkCore.Database.Command: Executed DbCommand (1ms) [Parameters=[@__p_0='?' (DbType = Int32)], CommandType='"Text"', CommandTimeout='30']
SELECT n."Id", n."CompanyId", n."CreatedAt", n."CreatedBy", n."Error", n."Payload", n."Recipient", n."RetryCount", n."SentAt", n."Status", n."Subject", n."Type", n."UpdatedAt", n."UpdatedBy"
FROM "NotificationQueues" AS n
WHERE n."Type" = 'Sms' AND n."SentAt" IS NULL AND n."RetryCount" < 3
LIMIT @__p_0
2026-06-03 20:48:59.012 +05:30 [INF] Microsoft.EntityFrameworkCore.Database.Command: Executed DbCommand (2ms) [Parameters=[@__p_0='?' (DbType = Int32)], CommandType='"Text"', CommandTimeout='30']
SELECT n."Id", n."CompanyId", n."CreatedAt", n."CreatedBy", n."Error", n."Payload", n."Recipient", n."RetryCount", n."SentAt", n."Status", n."Subject", n."Type", n."UpdatedAt", n."UpdatedBy"
FROM "NotificationQueues" AS n
WHERE n."Type" = 'Email' AND n."SentAt" IS NULL AND n."RetryCount" < 3
LIMIT @__p_0
2026-06-03 20:49:09.503 +05:30 [DBG] Hangfire.Server.ServerHeartbeatProcess: Server antonyraj:30600:0e85fd10 heartbeat successfully sent
2026-06-03 20:49:09.634 +05:30 [INF] Microsoft.EntityFrameworkCore.Database.Command: Executed DbCommand (1ms) [Parameters=[@__p_0='?' (DbType = Int32)], CommandType='"Text"', CommandTimeout='30']
SELECT n."Id", n."CompanyId", n."CreatedAt", n."CreatedBy", n."Error", n."Payload", n."Recipient", n."RetryCount", n."SentAt", n."Status", n."Subject", n."Type", n."UpdatedAt", n."UpdatedBy"
FROM "NotificationQueues" AS n
WHERE n."Type" = 'WhatsApp' AND n."SentAt" IS NULL AND n."RetryCount" < 3
LIMIT @__p_0
2026-06-03 20:49:09.814 +05:30 [INF] Microsoft.EntityFrameworkCore.Database.Command: Executed DbCommand (5ms) [Parameters=[@__p_0='?' (DbType = Int32)], CommandType='"Text"', CommandTimeout='30']
SELECT n."Id", n."CompanyId", n."CreatedAt", n."CreatedBy", n."Error", n."Payload", n."Recipient", n."RetryCount", n."SentAt", n."Status", n."Subject", n."Type", n."UpdatedAt", n."UpdatedBy"
FROM "NotificationQueues" AS n
WHERE n."Type" = 'Sms' AND n."SentAt" IS NULL AND n."RetryCount" < 3
LIMIT @__p_0
2026-06-03 20:49:29.111 +05:30 [INF] Microsoft.EntityFrameworkCore.Database.Command: Executed DbCommand (2ms) [Parameters=[@__p_0='?' (DbType = Int32)], CommandType='"Text"', CommandTimeout='30']
SELECT n."Id", n."CompanyId", n."CreatedAt", n."CreatedBy", n."Error", n."Payload", n."Recipient", n."RetryCount", n."SentAt", n."Status", n."Subject", n."Type", n."UpdatedAt", n."UpdatedBy"
FROM "NotificationQueues" AS n
WHERE n."Type" = 'Email' AND n."SentAt" IS NULL AND n."RetryCount" < 3
LIMIT @__p_0
2026-06-03 20:49:39.538 +05:30 [DBG] Hangfire.Server.ServerHeartbeatProcess: Server antonyraj:30600:0e85fd10 heartbeat successfully sent
2026-06-03 20:49:39.664 +05:30 [INF] Microsoft.EntityFrameworkCore.Database.Command: Executed DbCommand (1ms) [Parameters=[@__p_0='?' (DbType = Int32)], CommandType='"Text"', CommandTimeout='30']
SELECT n."Id", n."CompanyId", n."CreatedAt", n."CreatedBy", n."Error", n."Payload", n."Recipient", n."RetryCount", n."SentAt", n."Status", n."Subject", n."Type", n."UpdatedAt", n."UpdatedBy"
FROM "NotificationQueues" AS n
WHERE n."Type" = 'WhatsApp' AND n."SentAt" IS NULL AND n."RetryCount" < 3
LIMIT @__p_0
2026-06-03 20:49:39.851 +05:30 [INF] Microsoft.EntityFrameworkCore.Database.Command: Executed DbCommand (1ms) [Parameters=[@__p_0='?' (DbType = Int32)], CommandType='"Text"', CommandTimeout='30']
SELECT n."Id", n."CompanyId", n."CreatedAt", n."CreatedBy", n."Error", n."Payload", n."Recipient", n."RetryCount", n."SentAt", n."Status", n."Subject", n."Type", n."UpdatedAt", n."UpdatedBy"
FROM "NotificationQueues" AS n
WHERE n."Type" = 'Sms' AND n."SentAt" IS NULL AND n."RetryCount" < 3
LIMIT @__p_0
2026-06-03 20:49:59.165 +05:30 [INF] Microsoft.EntityFrameworkCore.Database.Command: Executed DbCommand (21ms) [Parameters=[@__p_0='?' (DbType = Int32)], CommandType='"Text"', CommandTimeout='30']
SELECT n."Id", n."CompanyId", n."CreatedAt", n."CreatedBy", n."Error", n."Payload", n."Recipient", n."RetryCount", n."SentAt", n."Status", n."Subject", n."Type", n."UpdatedAt", n."UpdatedBy"
FROM "NotificationQueues" AS n
WHERE n."Type" = 'Email' AND n."SentAt" IS NULL AND n."RetryCount" < 3
LIMIT @__p_0
2026-06-03 20:50:09.177 +05:30 [DBG] Hangfire.PostgreSql.CountersAggregator: Aggregating records in 'Counter' table...
2026-06-03 20:50:09.559 +05:30 [DBG] Hangfire.Server.ServerHeartbeatProcess: Server antonyraj:30600:0e85fd10 heartbeat successfully sent
2026-06-03 20:50:09.704 +05:30 [INF] Microsoft.EntityFrameworkCore.Database.Command: Executed DbCommand (14ms) [Parameters=[@__p_0='?' (DbType = Int32)], CommandType='"Text"', CommandTimeout='30']
SELECT n."Id", n."CompanyId", n."CreatedAt", n."CreatedBy", n."Error", n."Payload", n."Recipient", n."RetryCount", n."SentAt", n."Status", n."Subject", n."Type", n."UpdatedAt", n."UpdatedBy"
FROM "NotificationQueues" AS n
WHERE n."Type" = 'WhatsApp' AND n."SentAt" IS NULL AND n."RetryCount" < 3
LIMIT @__p_0
2026-06-03 20:50:09.877 +05:30 [INF] Microsoft.EntityFrameworkCore.Database.Command: Executed DbCommand (3ms) [Parameters=[@__p_0='?' (DbType = Int32)], CommandType='"Text"', CommandTimeout='30']
SELECT n."Id", n."CompanyId", n."CreatedAt", n."CreatedBy", n."Error", n."Payload", n."Recipient", n."RetryCount", n."SentAt", n."Status", n."Subject", n."Type", n."UpdatedAt", n."UpdatedBy"
FROM "NotificationQueues" AS n
WHERE n."Type" = 'Sms' AND n."SentAt" IS NULL AND n."RetryCount" < 3
LIMIT @__p_0
2026-06-03 20:50:29.171 +05:30 [INF] Microsoft.EntityFrameworkCore.Database.Command: Executed DbCommand (1ms) [Parameters=[@__p_0='?' (DbType = Int32)], CommandType='"Text"', CommandTimeout='30']
SELECT n."Id", n."CompanyId", n."CreatedAt", n."CreatedBy", n."Error", n."Payload", n."Recipient", n."RetryCount", n."SentAt", n."Status", n."Subject", n."Type", n."UpdatedAt", n."UpdatedBy"
FROM "NotificationQueues" AS n
WHERE n."Type" = 'Email' AND n."SentAt" IS NULL AND n."RetryCount" < 3
LIMIT @__p_0
2026-06-03 20:50:39.581 +05:30 [DBG] Hangfire.Server.ServerHeartbeatProcess: Server antonyraj:30600:0e85fd10 heartbeat successfully sent
2026-06-03 20:50:39.740 +05:30 [INF] Microsoft.EntityFrameworkCore.Database.Command: Executed DbCommand (1ms) [Parameters=[@__p_0='?' (DbType = Int32)], CommandType='"Text"', CommandTimeout='30']
SELECT n."Id", n."CompanyId", n."CreatedAt", n."CreatedBy", n."Error", n."Payload", n."Recipient", n."RetryCount", n."SentAt", n."Status", n."Subject", n."Type", n."UpdatedAt", n."UpdatedBy"
FROM "NotificationQueues" AS n
WHERE n."Type" = 'WhatsApp' AND n."SentAt" IS NULL AND n."RetryCount" < 3
LIMIT @__p_0
2026-06-03 20:50:39.898 +05:30 [INF] Microsoft.EntityFrameworkCore.Database.Command: Executed DbCommand (1ms) [Parameters=[@__p_0='?' (DbType = Int32)], CommandType='"Text"', CommandTimeout='30']
SELECT n."Id", n."CompanyId", n."CreatedAt", n."CreatedBy", n."Error", n."Payload", n."Recipient", n."RetryCount", n."SentAt", n."Status", n."Subject", n."Type", n."UpdatedAt", n."UpdatedBy"
FROM "NotificationQueues" AS n
WHERE n."Type" = 'Sms' AND n."SentAt" IS NULL AND n."RetryCount" < 3
LIMIT @__p_0
2026-06-03 20:50:59.186 +05:30 [INF] Microsoft.EntityFrameworkCore.Database.Command: Executed DbCommand (1ms) [Parameters=[@__p_0='?' (DbType = Int32)], CommandType='"Text"', CommandTimeout='30']
SELECT n."Id", n."CompanyId", n."CreatedAt", n."CreatedBy", n."Error", n."Payload", n."Recipient", n."RetryCount", n."SentAt", n."Status", n."Subject", n."Type", n."UpdatedAt", n."UpdatedBy"
FROM "NotificationQueues" AS n
WHERE n."Type" = 'Email' AND n."SentAt" IS NULL AND n."RetryCount" < 3
LIMIT @__p_0
2026-06-03 20:51:09.607 +05:30 [DBG] Hangfire.Server.ServerHeartbeatProcess: Server antonyraj:30600:0e85fd10 heartbeat successfully sent
2026-06-03 20:51:09.757 +05:30 [INF] Microsoft.EntityFrameworkCore.Database.Command: Executed DbCommand (1ms) [Parameters=[@__p_0='?' (DbType = Int32)], CommandType='"Text"', CommandTimeout='30']
SELECT n."Id", n."CompanyId", n."CreatedAt", n."CreatedBy", n."Error", n."Payload", n."Recipient", n."RetryCount", n."SentAt", n."Status", n."Subject", n."Type", n."UpdatedAt", n."UpdatedBy"
FROM "NotificationQueues" AS n
WHERE n."Type" = 'WhatsApp' AND n."SentAt" IS NULL AND n."RetryCount" < 3
LIMIT @__p_0
2026-06-03 20:51:09.913 +05:30 [INF] Microsoft.EntityFrameworkCore.Database.Command: Executed DbCommand (4ms) [Parameters=[@__p_0='?' (DbType = Int32)], CommandType='"Text"', CommandTimeout='30']
SELECT n."Id", n."CompanyId", n."CreatedAt", n."CreatedBy", n."Error", n."Payload", n."Recipient", n."RetryCount", n."SentAt", n."Status", n."Subject", n."Type", n."UpdatedAt", n."UpdatedBy"
FROM "NotificationQueues" AS n
WHERE n."Type" = 'Sms' AND n."SentAt" IS NULL AND n."RetryCount" < 3
LIMIT @__p_0
2026-06-03 20:51:29.236 +05:30 [INF] Microsoft.EntityFrameworkCore.Database.Command: Executed DbCommand (2ms) [Parameters=[@__p_0='?' (DbType = Int32)], CommandType='"Text"', CommandTimeout='30']
SELECT n."Id", n."CompanyId", n."CreatedAt", n."CreatedBy", n."Error", n."Payload", n."Recipient", n."RetryCount", n."SentAt", n."Status", n."Subject", n."Type", n."UpdatedAt", n."UpdatedBy"
FROM "NotificationQueues" AS n
WHERE n."Type" = 'Email' AND n."SentAt" IS NULL AND n."RetryCount" < 3
LIMIT @__p_0
2026-06-03 20:51:39.634 +05:30 [DBG] Hangfire.Server.ServerHeartbeatProcess: Server antonyraj:30600:0e85fd10 heartbeat successfully sent
2026-06-03 20:51:39.776 +05:30 [INF] Microsoft.EntityFrameworkCore.Database.Command: Executed DbCommand (1ms) [Parameters=[@__p_0='?' (DbType = Int32)], CommandType='"Text"', CommandTimeout='30']
SELECT n."Id", n."CompanyId", n."CreatedAt", n."CreatedBy", n."Error", n."Payload", n."Recipient", n."RetryCount", n."SentAt", n."Status", n."Subject", n."Type", n."UpdatedAt", n."UpdatedBy"
FROM "NotificationQueues" AS n
WHERE n."Type" = 'WhatsApp' AND n."SentAt" IS NULL AND n."RetryCount" < 3
LIMIT @__p_0
2026-06-03 20:51:39.967 +05:30 [INF] Microsoft.EntityFrameworkCore.Database.Command: Executed DbCommand (1ms) [Parameters=[@__p_0='?' (DbType = Int32)], CommandType='"Text"', CommandTimeout='30']
SELECT n."Id", n."CompanyId", n."CreatedAt", n."CreatedBy", n."Error", n."Payload", n."Recipient", n."RetryCount", n."SentAt", n."Status", n."Subject", n."Type", n."UpdatedAt", n."UpdatedBy"
FROM "NotificationQueues" AS n
WHERE n."Type" = 'Sms' AND n."SentAt" IS NULL AND n."RetryCount" < 3
LIMIT @__p_0
2026-06-03 20:51:59.291 +05:30 [INF] Microsoft.EntityFrameworkCore.Database.Command: Executed DbCommand (1ms) [Parameters=[@__p_0='?' (DbType = Int32)], CommandType='"Text"', CommandTimeout='30']
SELECT n."Id", n."CompanyId", n."CreatedAt", n."CreatedBy", n."Error", n."Payload", n."Recipient", n."RetryCount", n."SentAt", n."Status", n."Subject", n."Type", n."UpdatedAt", n."UpdatedBy"
FROM "NotificationQueues" AS n
WHERE n."Type" = 'Email' AND n."SentAt" IS NULL AND n."RetryCount" < 3
LIMIT @__p_0
2026-06-03 20:52:09.647 +05:30 [DBG] Hangfire.Server.ServerHeartbeatProcess: Server antonyraj:30600:0e85fd10 heartbeat successfully sent
2026-06-03 20:52:09.789 +05:30 [INF] Microsoft.EntityFrameworkCore.Database.Command: Executed DbCommand (2ms) [Parameters=[@__p_0='?' (DbType = Int32)], CommandType='"Text"', CommandTimeout='30']
SELECT n."Id", n."CompanyId", n."CreatedAt", n."CreatedBy", n."Error", n."Payload", n."Recipient", n."RetryCount", n."SentAt", n."Status", n."Subject", n."Type", n."UpdatedAt", n."UpdatedBy"
FROM "NotificationQueues" AS n
WHERE n."Type" = 'WhatsApp' AND n."SentAt" IS NULL AND n."RetryCount" < 3
LIMIT @__p_0
2026-06-03 20:52:10.022 +05:30 [INF] Microsoft.EntityFrameworkCore.Database.Command: Executed DbCommand (1ms) [Parameters=[@__p_0='?' (DbType = Int32)], CommandType='"Text"', CommandTimeout='30']
SELECT n."Id", n."CompanyId", n."CreatedAt", n."CreatedBy", n."Error", n."Payload", n."Recipient", n."RetryCount", n."SentAt", n."Status", n."Subject", n."Type", n."UpdatedAt", n."UpdatedBy"
FROM "NotificationQueues" AS n
WHERE n."Type" = 'Sms' AND n."SentAt" IS NULL AND n."RetryCount" < 3
LIMIT @__p_0
2026-06-03 20:52:29.315 +05:30 [INF] Microsoft.EntityFrameworkCore.Database.Command: Executed DbCommand (2ms) [Parameters=[@__p_0='?' (DbType = Int32)], CommandType='"Text"', CommandTimeout='30']
SELECT n."Id", n."CompanyId", n."CreatedAt", n."CreatedBy", n."Error", n."Payload", n."Recipient", n."RetryCount", n."SentAt", n."Status", n."Subject", n."Type", n."UpdatedAt", n."UpdatedBy"
FROM "NotificationQueues" AS n
WHERE n."Type" = 'Email' AND n."SentAt" IS NULL AND n."RetryCount" < 3
LIMIT @__p_0
2026-06-03 20:52:39.671 +05:30 [DBG] Hangfire.Server.ServerHeartbeatProcess: Server antonyraj:30600:0e85fd10 heartbeat successfully sent
2026-06-03 20:52:39.812 +05:30 [INF] Microsoft.EntityFrameworkCore.Database.Command: Executed DbCommand (1ms) [Parameters=[@__p_0='?' (DbType = Int32)], CommandType='"Text"', CommandTimeout='30']
SELECT n."Id", n."CompanyId", n."CreatedAt", n."CreatedBy", n."Error", n."Payload", n."Recipient", n."RetryCount", n."SentAt", n."Status", n."Subject", n."Type", n."UpdatedAt", n."UpdatedBy"
FROM "NotificationQueues" AS n
WHERE n."Type" = 'WhatsApp' AND n."SentAt" IS NULL AND n."RetryCount" < 3
LIMIT @__p_0
2026-06-03 20:52:40.032 +05:30 [INF] Microsoft.EntityFrameworkCore.Database.Command: Executed DbCommand (1ms) [Parameters=[@__p_0='?' (DbType = Int32)], CommandType='"Text"', CommandTimeout='30']
SELECT n."Id", n."CompanyId", n."CreatedAt", n."CreatedBy", n."Error", n."Payload", n."Recipient", n."RetryCount", n."SentAt", n."Status", n."Subject", n."Type", n."UpdatedAt", n."UpdatedBy"
FROM "NotificationQueues" AS n
WHERE n."Type" = 'Sms' AND n."SentAt" IS NULL AND n."RetryCount" < 3
LIMIT @__p_0
2026-06-03 20:52:59.357 +05:30 [INF] Microsoft.EntityFrameworkCore.Database.Command: Executed DbCommand (1ms) [Parameters=[@__p_0='?' (DbType = Int32)], CommandType='"Text"', CommandTimeout='30']
SELECT n."Id", n."CompanyId", n."CreatedAt", n."CreatedBy", n."Error", n."Payload", n."Recipient", n."RetryCount", n."SentAt", n."Status", n."Subject", n."Type", n."UpdatedAt", n."UpdatedBy"
FROM "NotificationQueues" AS n
WHERE n."Type" = 'Email' AND n."SentAt" IS NULL AND n."RetryCount" < 3
LIMIT @__p_0
2026-06-03 20:53:09.691 +05:30 [DBG] Hangfire.Server.ServerHeartbeatProcess: Server antonyraj:30600:0e85fd10 heartbeat successfully sent
2026-06-03 20:53:09.839 +05:30 [INF] Microsoft.EntityFrameworkCore.Database.Command: Executed DbCommand (1ms) [Parameters=[@__p_0='?' (DbType = Int32)], CommandType='"Text"', CommandTimeout='30']
SELECT n."Id", n."CompanyId", n."CreatedAt", n."CreatedBy", n."Error", n."Payload", n."Recipient", n."RetryCount", n."SentAt", n."Status", n."Subject", n."Type", n."UpdatedAt", n."UpdatedBy"
FROM "NotificationQueues" AS n
WHERE n."Type" = 'WhatsApp' AND n."SentAt" IS NULL AND n."RetryCount" < 3
LIMIT @__p_0
2026-06-03 20:53:10.046 +05:30 [INF] Microsoft.EntityFrameworkCore.Database.Command: Executed DbCommand (1ms) [Parameters=[@__p_0='?' (DbType = Int32)], CommandType='"Text"', CommandTimeout='30']
SELECT n."Id", n."CompanyId", n."CreatedAt", n."CreatedBy", n."Error", n."Payload", n."Recipient", n."RetryCount", n."SentAt", n."Status", n."Subject", n."Type", n."UpdatedAt", n."UpdatedBy"
FROM "NotificationQueues" AS n
WHERE n."Type" = 'Sms' AND n."SentAt" IS NULL AND n."RetryCount" < 3
LIMIT @__p_0
2026-06-03 20:53:29.368 +05:30 [INF] Microsoft.EntityFrameworkCore.Database.Command: Executed DbCommand (1ms) [Parameters=[@__p_0='?' (DbType = Int32)], CommandType='"Text"', CommandTimeout='30']
SELECT n."Id", n."CompanyId", n."CreatedAt", n."CreatedBy", n."Error", n."Payload", n."Recipient", n."RetryCount", n."SentAt", n."Status", n."Subject", n."Type", n."UpdatedAt", n."UpdatedBy"
FROM "NotificationQueues" AS n
WHERE n."Type" = 'Email' AND n."SentAt" IS NULL AND n."RetryCount" < 3
LIMIT @__p_0
2026-06-03 20:53:39.711 +05:30 [DBG] Hangfire.Server.ServerHeartbeatProcess: Server antonyraj:30600:0e85fd10 heartbeat successfully sent
2026-06-03 20:53:39.888 +05:30 [INF] Microsoft.EntityFrameworkCore.Database.Command: Executed DbCommand (1ms) [Parameters=[@__p_0='?' (DbType = Int32)], CommandType='"Text"', CommandTimeout='30']
SELECT n."Id", n."CompanyId", n."CreatedAt", n."CreatedBy", n."Error", n."Payload", n."Recipient", n."RetryCount", n."SentAt", n."Status", n."Subject", n."Type", n."UpdatedAt", n."UpdatedBy"
FROM "NotificationQueues" AS n
WHERE n."Type" = 'WhatsApp' AND n."SentAt" IS NULL AND n."RetryCount" < 3
LIMIT @__p_0
2026-06-03 20:53:40.060 +05:30 [INF] Microsoft.EntityFrameworkCore.Database.Command: Executed DbCommand (1ms) [Parameters=[@__p_0='?' (DbType = Int32)], CommandType='"Text"', CommandTimeout='30']
SELECT n."Id", n."CompanyId", n."CreatedAt", n."CreatedBy", n."Error", n."Payload", n."Recipient", n."RetryCount", n."SentAt", n."Status", n."Subject", n."Type", n."UpdatedAt", n."UpdatedBy"
FROM "NotificationQueues" AS n
WHERE n."Type" = 'Sms' AND n."SentAt" IS NULL AND n."RetryCount" < 3
LIMIT @__p_0
2026-06-03 20:53:59.399 +05:30 [INF] Microsoft.EntityFrameworkCore.Database.Command: Executed DbCommand (1ms) [Parameters=[@__p_0='?' (DbType = Int32)], CommandType='"Text"', CommandTimeout='30']
SELECT n."Id", n."CompanyId", n."CreatedAt", n."CreatedBy", n."Error", n."Payload", n."Recipient", n."RetryCount", n."SentAt", n."Status", n."Subject", n."Type", n."UpdatedAt", n."UpdatedBy"
FROM "NotificationQueues" AS n
WHERE n."Type" = 'Email' AND n."SentAt" IS NULL AND n."RetryCount" < 3
LIMIT @__p_0
2026-06-03 20:54:09.723 +05:30 [DBG] Hangfire.Server.ServerHeartbeatProcess: Server antonyraj:30600:0e85fd10 heartbeat successfully sent
2026-06-03 20:54:09.942 +05:30 [INF] Microsoft.EntityFrameworkCore.Database.Command: Executed DbCommand (1ms) [Parameters=[@__p_0='?' (DbType = Int32)], CommandType='"Text"', CommandTimeout='30']
SELECT n."Id", n."CompanyId", n."CreatedAt", n."CreatedBy", n."Error", n."Payload", n."Recipient", n."RetryCount", n."SentAt", n."Status", n."Subject", n."Type", n."UpdatedAt", n."UpdatedBy"
FROM "NotificationQueues" AS n
WHERE n."Type" = 'WhatsApp' AND n."SentAt" IS NULL AND n."RetryCount" < 3
LIMIT @__p_0
2026-06-03 20:54:10.102 +05:30 [INF] Microsoft.EntityFrameworkCore.Database.Command: Executed DbCommand (1ms) [Parameters=[@__p_0='?' (DbType = Int32)], CommandType='"Text"', CommandTimeout='30']
SELECT n."Id", n."CompanyId", n."CreatedAt", n."CreatedBy", n."Error", n."Payload", n."Recipient", n."RetryCount", n."SentAt", n."Status", n."Subject", n."Type", n."UpdatedAt", n."UpdatedBy"
FROM "NotificationQueues" AS n
WHERE n."Type" = 'Sms' AND n."SentAt" IS NULL AND n."RetryCount" < 3
LIMIT @__p_0
2026-06-03 20:54:29.410 +05:30 [INF] Microsoft.EntityFrameworkCore.Database.Command: Executed DbCommand (1ms) [Parameters=[@__p_0='?' (DbType = Int32)], CommandType='"Text"', CommandTimeout='30']
SELECT n."Id", n."CompanyId", n."CreatedAt", n."CreatedBy", n."Error", n."Payload", n."Recipient", n."RetryCount", n."SentAt", n."Status", n."Subject", n."Type", n."UpdatedAt", n."UpdatedBy"
FROM "NotificationQueues" AS n
WHERE n."Type" = 'Email' AND n."SentAt" IS NULL AND n."RetryCount" < 3
LIMIT @__p_0
2026-06-03 20:54:39.763 +05:30 [DBG] Hangfire.Server.ServerHeartbeatProcess: Server antonyraj:30600:0e85fd10 heartbeat successfully sent
2026-06-03 20:54:39.968 +05:30 [INF] Microsoft.EntityFrameworkCore.Database.Command: Executed DbCommand (1ms) [Parameters=[@__p_0='?' (DbType = Int32)], CommandType='"Text"', CommandTimeout='30']
SELECT n."Id", n."CompanyId", n."CreatedAt", n."CreatedBy", n."Error", n."Payload", n."Recipient", n."RetryCount", n."SentAt", n."Status", n."Subject", n."Type", n."UpdatedAt", n."UpdatedBy"
FROM "NotificationQueues" AS n
WHERE n."Type" = 'WhatsApp' AND n."SentAt" IS NULL AND n."RetryCount" < 3
LIMIT @__p_0
2026-06-03 20:54:40.142 +05:30 [INF] Microsoft.EntityFrameworkCore.Database.Command: Executed DbCommand (1ms) [Parameters=[@__p_0='?' (DbType = Int32)], CommandType='"Text"', CommandTimeout='30']
SELECT n."Id", n."CompanyId", n."CreatedAt", n."CreatedBy", n."Error", n."Payload", n."Recipient", n."RetryCount", n."SentAt", n."Status", n."Subject", n."Type", n."UpdatedAt", n."UpdatedBy"
FROM "NotificationQueues" AS n
WHERE n."Type" = 'Sms' AND n."SentAt" IS NULL AND n."RetryCount" < 3
LIMIT @__p_0
2026-06-03 20:54:59.434 +05:30 [INF] Microsoft.EntityFrameworkCore.Database.Command: Executed DbCommand (1ms) [Parameters=[@__p_0='?' (DbType = Int32)], CommandType='"Text"', CommandTimeout='30']
SELECT n."Id", n."CompanyId", n."CreatedAt", n."CreatedBy", n."Error", n."Payload", n."Recipient", n."RetryCount", n."SentAt", n."Status", n."Subject", n."Type", n."UpdatedAt", n."UpdatedBy"
FROM "NotificationQueues" AS n
WHERE n."Type" = 'Email' AND n."SentAt" IS NULL AND n."RetryCount" < 3
LIMIT @__p_0
2026-06-03 20:55:09.221 +05:30 [DBG] Hangfire.PostgreSql.CountersAggregator: Aggregating records in 'Counter' table...
2026-06-03 20:55:09.785 +05:30 [DBG] Hangfire.Server.ServerHeartbeatProcess: Server antonyraj:30600:0e85fd10 heartbeat successfully sent
2026-06-03 20:55:09.985 +05:30 [INF] Microsoft.EntityFrameworkCore.Database.Command: Executed DbCommand (4ms) [Parameters=[@__p_0='?' (DbType = Int32)], CommandType='"Text"', CommandTimeout='30']
SELECT n."Id", n."CompanyId", n."CreatedAt", n."CreatedBy", n."Error", n."Payload", n."Recipient", n."RetryCount", n."SentAt", n."Status", n."Subject", n."Type", n."UpdatedAt", n."UpdatedBy"
FROM "NotificationQueues" AS n
WHERE n."Type" = 'WhatsApp' AND n."SentAt" IS NULL AND n."RetryCount" < 3
LIMIT @__p_0
2026-06-03 20:55:10.168 +05:30 [INF] Microsoft.EntityFrameworkCore.Database.Command: Executed DbCommand (4ms) [Parameters=[@__p_0='?' (DbType = Int32)], CommandType='"Text"', CommandTimeout='30']
SELECT n."Id", n."CompanyId", n."CreatedAt", n."CreatedBy", n."Error", n."Payload", n."Recipient", n."RetryCount", n."SentAt", n."Status", n."Subject", n."Type", n."UpdatedAt", n."UpdatedBy"
FROM "NotificationQueues" AS n
WHERE n."Type" = 'Sms' AND n."SentAt" IS NULL AND n."RetryCount" < 3
LIMIT @__p_0
2026-06-03 20:55:29.552 +05:30 [INF] Microsoft.EntityFrameworkCore.Database.Command: Executed DbCommand (4ms) [Parameters=[@__p_0='?' (DbType = Int32)], CommandType='"Text"', CommandTimeout='30']
SELECT n."Id", n."CompanyId", n."CreatedAt", n."CreatedBy", n."Error", n."Payload", n."Recipient", n."RetryCount", n."SentAt", n."Status", n."Subject", n."Type", n."UpdatedAt", n."UpdatedBy"
FROM "NotificationQueues" AS n
WHERE n."Type" = 'Email' AND n."SentAt" IS NULL AND n."RetryCount" < 3
LIMIT @__p_0
2026-06-03 20:55:39.791 +05:30 [DBG] Hangfire.Server.ServerHeartbeatProcess: Server antonyraj:30600:0e85fd10 heartbeat successfully sent
2026-06-03 20:55:40.034 +05:30 [INF] Microsoft.EntityFrameworkCore.Database.Command: Executed DbCommand (2ms) [Parameters=[@__p_0='?' (DbType = Int32)], CommandType='"Text"', CommandTimeout='30']
SELECT n."Id", n."CompanyId", n."CreatedAt", n."CreatedBy", n."Error", n."Payload", n."Recipient", n."RetryCount", n."SentAt", n."Status", n."Subject", n."Type", n."UpdatedAt", n."UpdatedBy"
FROM "NotificationQueues" AS n
WHERE n."Type" = 'WhatsApp' AND n."SentAt" IS NULL AND n."RetryCount" < 3
LIMIT @__p_0
2026-06-03 20:55:40.191 +05:30 [INF] Microsoft.EntityFrameworkCore.Database.Command: Executed DbCommand (1ms) [Parameters=[@__p_0='?' (DbType = Int32)], CommandType='"Text"', CommandTimeout='30']
SELECT n."Id", n."CompanyId", n."CreatedAt", n."CreatedBy", n."Error", n."Payload", n."Recipient", n."RetryCount", n."SentAt", n."Status", n."Subject", n."Type", n."UpdatedAt", n."UpdatedBy"
FROM "NotificationQueues" AS n
WHERE n."Type" = 'Sms' AND n."SentAt" IS NULL AND n."RetryCount" < 3
LIMIT @__p_0
2026-06-03 20:55:59.616 +05:30 [INF] Microsoft.EntityFrameworkCore.Database.Command: Executed DbCommand (1ms) [Parameters=[@__p_0='?' (DbType = Int32)], CommandType='"Text"', CommandTimeout='30']
SELECT n."Id", n."CompanyId", n."CreatedAt", n."CreatedBy", n."Error", n."Payload", n."Recipient", n."RetryCount", n."SentAt", n."Status", n."Subject", n."Type", n."UpdatedAt", n."UpdatedBy"
FROM "NotificationQueues" AS n
WHERE n."Type" = 'Email' AND n."SentAt" IS NULL AND n."RetryCount" < 3
LIMIT @__p_0
2026-06-03 20:56:09.812 +05:30 [DBG] Hangfire.Server.ServerHeartbeatProcess: Server antonyraj:30600:0e85fd10 heartbeat successfully sent
2026-06-03 20:56:10.044 +05:30 [INF] Microsoft.EntityFrameworkCore.Database.Command: Executed DbCommand (1ms) [Parameters=[@__p_0='?' (DbType = Int32)], CommandType='"Text"', CommandTimeout='30']
SELECT n."Id", n."CompanyId", n."CreatedAt", n."CreatedBy", n."Error", n."Payload", n."Recipient", n."RetryCount", n."SentAt", n."Status", n."Subject", n."Type", n."UpdatedAt", n."UpdatedBy"
FROM "NotificationQueues" AS n
WHERE n."Type" = 'WhatsApp' AND n."SentAt" IS NULL AND n."RetryCount" < 3
LIMIT @__p_0
2026-06-03 20:56:10.226 +05:30 [INF] Microsoft.EntityFrameworkCore.Database.Command: Executed DbCommand (1ms) [Parameters=[@__p_0='?' (DbType = Int32)], CommandType='"Text"', CommandTimeout='30']
SELECT n."Id", n."CompanyId", n."CreatedAt", n."CreatedBy", n."Error", n."Payload", n."Recipient", n."RetryCount", n."SentAt", n."Status", n."Subject", n."Type", n."UpdatedAt", n."UpdatedBy"
FROM "NotificationQueues" AS n
WHERE n."Type" = 'Sms' AND n."SentAt" IS NULL AND n."RetryCount" < 3
LIMIT @__p_0
2026-06-03 20:56:29.624 +05:30 [INF] Microsoft.EntityFrameworkCore.Database.Command: Executed DbCommand (1ms) [Parameters=[@__p_0='?' (DbType = Int32)], CommandType='"Text"', CommandTimeout='30']
SELECT n."Id", n."CompanyId", n."CreatedAt", n."CreatedBy", n."Error", n."Payload", n."Recipient", n."RetryCount", n."SentAt", n."Status", n."Subject", n."Type", n."UpdatedAt", n."UpdatedBy"
FROM "NotificationQueues" AS n
WHERE n."Type" = 'Email' AND n."SentAt" IS NULL AND n."RetryCount" < 3
LIMIT @__p_0
2026-06-03 20:56:39.833 +05:30 [DBG] Hangfire.Server.ServerHeartbeatProcess: Server antonyraj:30600:0e85fd10 heartbeat successfully sent
2026-06-03 20:56:40.062 +05:30 [INF] Microsoft.EntityFrameworkCore.Database.Command: Executed DbCommand (1ms) [Parameters=[@__p_0='?' (DbType = Int32)], CommandType='"Text"', CommandTimeout='30']
SELECT n."Id", n."CompanyId", n."CreatedAt", n."CreatedBy", n."Error", n."Payload", n."Recipient", n."RetryCount", n."SentAt", n."Status", n."Subject", n."Type", n."UpdatedAt", n."UpdatedBy"
FROM "NotificationQueues" AS n
WHERE n."Type" = 'WhatsApp' AND n."SentAt" IS NULL AND n."RetryCount" < 3
LIMIT @__p_0
2026-06-03 20:56:40.237 +05:30 [INF] Microsoft.EntityFrameworkCore.Database.Command: Executed DbCommand (1ms) [Parameters=[@__p_0='?' (DbType = Int32)], CommandType='"Text"', CommandTimeout='30']
SELECT n."Id", n."CompanyId", n."CreatedAt", n."CreatedBy", n."Error", n."Payload", n."Recipient", n."RetryCount", n."SentAt", n."Status", n."Subject", n."Type", n."UpdatedAt", n."UpdatedBy"
FROM "NotificationQueues" AS n
WHERE n."Type" = 'Sms' AND n."SentAt" IS NULL AND n."RetryCount" < 3
LIMIT @__p_0
2026-06-03 20:56:59.659 +05:30 [INF] Microsoft.EntityFrameworkCore.Database.Command: Executed DbCommand (1ms) [Parameters=[@__p_0='?' (DbType = Int32)], CommandType='"Text"', CommandTimeout='30']
SELECT n."Id", n."CompanyId", n."CreatedAt", n."CreatedBy", n."Error", n."Payload", n."Recipient", n."RetryCount", n."SentAt", n."Status", n."Subject", n."Type", n."UpdatedAt", n."UpdatedBy"
FROM "NotificationQueues" AS n
WHERE n."Type" = 'Email' AND n."SentAt" IS NULL AND n."RetryCount" < 3
LIMIT @__p_0
2026-06-03 20:57:09.836 +05:30 [DBG] Hangfire.Server.ServerHeartbeatProcess: Server antonyraj:30600:0e85fd10 heartbeat successfully sent
2026-06-03 20:57:10.109 +05:30 [INF] Microsoft.EntityFrameworkCore.Database.Command: Executed DbCommand (1ms) [Parameters=[@__p_0='?' (DbType = Int32)], CommandType='"Text"', CommandTimeout='30']
SELECT n."Id", n."CompanyId", n."CreatedAt", n."CreatedBy", n."Error", n."Payload", n."Recipient", n."RetryCount", n."SentAt", n."Status", n."Subject", n."Type", n."UpdatedAt", n."UpdatedBy"
FROM "NotificationQueues" AS n
WHERE n."Type" = 'WhatsApp' AND n."SentAt" IS NULL AND n."RetryCount" < 3
LIMIT @__p_0
2026-06-03 20:57:10.285 +05:30 [INF] Microsoft.EntityFrameworkCore.Database.Command: Executed DbCommand (2ms) [Parameters=[@__p_0='?' (DbType = Int32)], CommandType='"Text"', CommandTimeout='30']
SELECT n."Id", n."CompanyId", n."CreatedAt", n."CreatedBy", n."Error", n."Payload", n."Recipient", n."RetryCount", n."SentAt", n."Status", n."Subject", n."Type", n."UpdatedAt", n."UpdatedBy"
FROM "NotificationQueues" AS n
WHERE n."Type" = 'Sms' AND n."SentAt" IS NULL AND n."RetryCount" < 3
LIMIT @__p_0
2026-06-03 20:57:29.694 +05:30 [INF] Microsoft.EntityFrameworkCore.Database.Command: Executed DbCommand (1ms) [Parameters=[@__p_0='?' (DbType = Int32)], CommandType='"Text"', CommandTimeout='30']
SELECT n."Id", n."CompanyId", n."CreatedAt", n."CreatedBy", n."Error", n."Payload", n."Recipient", n."RetryCount", n."SentAt", n."Status", n."Subject", n."Type", n."UpdatedAt", n."UpdatedBy"
FROM "NotificationQueues" AS n
WHERE n."Type" = 'Email' AND n."SentAt" IS NULL AND n."RetryCount" < 3
LIMIT @__p_0
2026-06-03 20:57:39.867 +05:30 [DBG] Hangfire.Server.ServerHeartbeatProcess: Server antonyraj:30600:0e85fd10 heartbeat successfully sent
2026-06-03 20:57:40.118 +05:30 [INF] Microsoft.EntityFrameworkCore.Database.Command: Executed DbCommand (1ms) [Parameters=[@__p_0='?' (DbType = Int32)], CommandType='"Text"', CommandTimeout='30']
SELECT n."Id", n."CompanyId", n."CreatedAt", n."CreatedBy", n."Error", n."Payload", n."Recipient", n."RetryCount", n."SentAt", n."Status", n."Subject", n."Type", n."UpdatedAt", n."UpdatedBy"
FROM "NotificationQueues" AS n
WHERE n."Type" = 'WhatsApp' AND n."SentAt" IS NULL AND n."RetryCount" < 3
LIMIT @__p_0
2026-06-03 20:57:40.338 +05:30 [INF] Microsoft.EntityFrameworkCore.Database.Command: Executed DbCommand (1ms) [Parameters=[@__p_0='?' (DbType = Int32)], CommandType='"Text"', CommandTimeout='30']
SELECT n."Id", n."CompanyId", n."CreatedAt", n."CreatedBy", n."Error", n."Payload", n."Recipient", n."RetryCount", n."SentAt", n."Status", n."Subject", n."Type", n."UpdatedAt", n."UpdatedBy"
FROM "NotificationQueues" AS n
WHERE n."Type" = 'Sms' AND n."SentAt" IS NULL AND n."RetryCount" < 3
LIMIT @__p_0
2026-06-03 20:57:59.715 +05:30 [INF] Microsoft.EntityFrameworkCore.Database.Command: Executed DbCommand (1ms) [Parameters=[@__p_0='?' (DbType = Int32)], CommandType='"Text"', CommandTimeout='30']
SELECT n."Id", n."CompanyId", n."CreatedAt", n."CreatedBy", n."Error", n."Payload", n."Recipient", n."RetryCount", n."SentAt", n."Status", n."Subject", n."Type", n."UpdatedAt", n."UpdatedBy"
FROM "NotificationQueues" AS n
WHERE n."Type" = 'Email' AND n."SentAt" IS NULL AND n."RetryCount" < 3
LIMIT @__p_0
2026-06-03 20:58:09.923 +05:30 [DBG] Hangfire.Server.ServerHeartbeatProcess: Server antonyraj:30600:0e85fd10 heartbeat successfully sent
2026-06-03 20:58:10.177 +05:30 [INF] Microsoft.EntityFrameworkCore.Database.Command: Executed DbCommand (1ms) [Parameters=[@__p_0='?' (DbType = Int32)], CommandType='"Text"', CommandTimeout='30']
SELECT n."Id", n."CompanyId", n."CreatedAt", n."CreatedBy", n."Error", n."Payload", n."Recipient", n."RetryCount", n."SentAt", n."Status", n."Subject", n."Type", n."UpdatedAt", n."UpdatedBy"
FROM "NotificationQueues" AS n
WHERE n."Type" = 'WhatsApp' AND n."SentAt" IS NULL AND n."RetryCount" < 3
LIMIT @__p_0
2026-06-03 20:58:10.402 +05:30 [INF] Microsoft.EntityFrameworkCore.Database.Command: Executed DbCommand (1ms) [Parameters=[@__p_0='?' (DbType = Int32)], CommandType='"Text"', CommandTimeout='30']
SELECT n."Id", n."CompanyId", n."CreatedAt", n."CreatedBy", n."Error", n."Payload", n."Recipient", n."RetryCount", n."SentAt", n."Status", n."Subject", n."Type", n."UpdatedAt", n."UpdatedBy"
FROM "NotificationQueues" AS n
WHERE n."Type" = 'Sms' AND n."SentAt" IS NULL AND n."RetryCount" < 3
LIMIT @__p_0
2026-06-03 20:58:29.737 +05:30 [INF] Microsoft.EntityFrameworkCore.Database.Command: Executed DbCommand (2ms) [Parameters=[@__p_0='?' (DbType = Int32)], CommandType='"Text"', CommandTimeout='30']
SELECT n."Id", n."CompanyId", n."CreatedAt", n."CreatedBy", n."Error", n."Payload", n."Recipient", n."RetryCount", n."SentAt", n."Status", n."Subject", n."Type", n."UpdatedAt", n."UpdatedBy"
FROM "NotificationQueues" AS n
WHERE n."Type" = 'Email' AND n."SentAt" IS NULL AND n."RetryCount" < 3
LIMIT @__p_0
2026-06-03 20:58:39.963 +05:30 [DBG] Hangfire.Server.ServerHeartbeatProcess: Server antonyraj:30600:0e85fd10 heartbeat successfully sent
2026-06-03 20:58:40.214 +05:30 [INF] Microsoft.EntityFrameworkCore.Database.Command: Executed DbCommand (1ms) [Parameters=[@__p_0='?' (DbType = Int32)], CommandType='"Text"', CommandTimeout='30']
SELECT n."Id", n."CompanyId", n."CreatedAt", n."CreatedBy", n."Error", n."Payload", n."Recipient", n."RetryCount", n."SentAt", n."Status", n."Subject", n."Type", n."UpdatedAt", n."UpdatedBy"
FROM "NotificationQueues" AS n
WHERE n."Type" = 'WhatsApp' AND n."SentAt" IS NULL AND n."RetryCount" < 3
LIMIT @__p_0
2026-06-03 20:58:40.424 +05:30 [INF] Microsoft.EntityFrameworkCore.Database.Command: Executed DbCommand (1ms) [Parameters=[@__p_0='?' (DbType = Int32)], CommandType='"Text"', CommandTimeout='30']
SELECT n."Id", n."CompanyId", n."CreatedAt", n."CreatedBy", n."Error", n."Payload", n."Recipient", n."RetryCount", n."SentAt", n."Status", n."Subject", n."Type", n."UpdatedAt", n."UpdatedBy"
FROM "NotificationQueues" AS n
WHERE n."Type" = 'Sms' AND n."SentAt" IS NULL AND n."RetryCount" < 3
LIMIT @__p_0
2026-06-03 20:58:59.770 +05:30 [INF] Microsoft.EntityFrameworkCore.Database.Command: Executed DbCommand (1ms) [Parameters=[@__p_0='?' (DbType = Int32)], CommandType='"Text"', CommandTimeout='30']
SELECT n."Id", n."CompanyId", n."CreatedAt", n."CreatedBy", n."Error", n."Payload", n."Recipient", n."RetryCount", n."SentAt", n."Status", n."Subject", n."Type", n."UpdatedAt", n."UpdatedBy"
FROM "NotificationQueues" AS n
WHERE n."Type" = 'Email' AND n."SentAt" IS NULL AND n."RetryCount" < 3
LIMIT @__p_0
2026-06-03 20:59:09.999 +05:30 [DBG] Hangfire.Server.ServerHeartbeatProcess: Server antonyraj:30600:0e85fd10 heartbeat successfully sent
2026-06-03 20:59:10.226 +05:30 [INF] Microsoft.EntityFrameworkCore.Database.Command: Executed DbCommand (1ms) [Parameters=[@__p_0='?' (DbType = Int32)], CommandType='"Text"', CommandTimeout='30']
SELECT n."Id", n."CompanyId", n."CreatedAt", n."CreatedBy", n."Error", n."Payload", n."Recipient", n."RetryCount", n."SentAt", n."Status", n."Subject", n."Type", n."UpdatedAt", n."UpdatedBy"
FROM "NotificationQueues" AS n
WHERE n."Type" = 'WhatsApp' AND n."SentAt" IS NULL AND n."RetryCount" < 3
LIMIT @__p_0
2026-06-03 20:59:10.469 +05:30 [INF] Microsoft.EntityFrameworkCore.Database.Command: Executed DbCommand (1ms) [Parameters=[@__p_0='?' (DbType = Int32)], CommandType='"Text"', CommandTimeout='30']
SELECT n."Id", n."CompanyId", n."CreatedAt", n."CreatedBy", n."Error", n."Payload", n."Recipient", n."RetryCount", n."SentAt", n."Status", n."Subject", n."Type", n."UpdatedAt", n."UpdatedBy"
FROM "NotificationQueues" AS n
WHERE n."Type" = 'Sms' AND n."SentAt" IS NULL AND n."RetryCount" < 3
LIMIT @__p_0
2026-06-03 20:59:29.784 +05:30 [INF] Microsoft.EntityFrameworkCore.Database.Command: Executed DbCommand (2ms) [Parameters=[@__p_0='?' (DbType = Int32)], CommandType='"Text"', CommandTimeout='30']
SELECT n."Id", n."CompanyId", n."CreatedAt", n."CreatedBy", n."Error", n."Payload", n."Recipient", n."RetryCount", n."SentAt", n."Status", n."Subject", n."Type", n."UpdatedAt", n."UpdatedBy"
FROM "NotificationQueues" AS n
WHERE n."Type" = 'Email' AND n."SentAt" IS NULL AND n."RetryCount" < 3
LIMIT @__p_0
2026-06-03 20:59:40.032 +05:30 [DBG] Hangfire.Server.ServerHeartbeatProcess: Server antonyraj:30600:0e85fd10 heartbeat successfully sent
2026-06-03 20:59:40.242 +05:30 [INF] Microsoft.EntityFrameworkCore.Database.Command: Executed DbCommand (1ms) [Parameters=[@__p_0='?' (DbType = Int32)], CommandType='"Text"', CommandTimeout='30']
SELECT n."Id", n."CompanyId", n."CreatedAt", n."CreatedBy", n."Error", n."Payload", n."Recipient", n."RetryCount", n."SentAt", n."Status", n."Subject", n."Type", n."UpdatedAt", n."UpdatedBy"
FROM "NotificationQueues" AS n
WHERE n."Type" = 'WhatsApp' AND n."SentAt" IS NULL AND n."RetryCount" < 3
LIMIT @__p_0
2026-06-03 20:59:40.485 +05:30 [INF] Microsoft.EntityFrameworkCore.Database.Command: Executed DbCommand (1ms) [Parameters=[@__p_0='?' (DbType = Int32)], CommandType='"Text"', CommandTimeout='30']
SELECT n."Id", n."CompanyId", n."CreatedAt", n."CreatedBy", n."Error", n."Payload", n."Recipient", n."RetryCount", n."SentAt", n."Status", n."Subject", n."Type", n."UpdatedAt", n."UpdatedBy"
FROM "NotificationQueues" AS n
WHERE n."Type" = 'Sms' AND n."SentAt" IS NULL AND n."RetryCount" < 3
LIMIT @__p_0
2026-06-03 20:59:59.793 +05:30 [INF] Microsoft.EntityFrameworkCore.Database.Command: Executed DbCommand (1ms) [Parameters=[@__p_0='?' (DbType = Int32)], CommandType='"Text"', CommandTimeout='30']
SELECT n."Id", n."CompanyId", n."CreatedAt", n."CreatedBy", n."Error", n."Payload", n."Recipient", n."RetryCount", n."SentAt", n."Status", n."Subject", n."Type", n."UpdatedAt", n."UpdatedBy"
FROM "NotificationQueues" AS n
WHERE n."Type" = 'Email' AND n."SentAt" IS NULL AND n."RetryCount" < 3
LIMIT @__p_0
2026-06-03 21:00:09.241 +05:30 [DBG] Hangfire.PostgreSql.CountersAggregator: Aggregating records in 'Counter' table...
2026-06-03 21:00:10.056 +05:30 [DBG] Hangfire.Server.ServerHeartbeatProcess: Server antonyraj:30600:0e85fd10 heartbeat successfully sent
2026-06-03 21:00:10.270 +05:30 [INF] Microsoft.EntityFrameworkCore.Database.Command: Executed DbCommand (4ms) [Parameters=[@__p_0='?' (DbType = Int32)], CommandType='"Text"', CommandTimeout='30']
SELECT n."Id", n."CompanyId", n."CreatedAt", n."CreatedBy", n."Error", n."Payload", n."Recipient", n."RetryCount", n."SentAt", n."Status", n."Subject", n."Type", n."UpdatedAt", n."UpdatedBy"
FROM "NotificationQueues" AS n
WHERE n."Type" = 'WhatsApp' AND n."SentAt" IS NULL AND n."RetryCount" < 3
LIMIT @__p_0
2026-06-03 21:00:10.507 +05:30 [INF] Microsoft.EntityFrameworkCore.Database.Command: Executed DbCommand (5ms) [Parameters=[@__p_0='?' (DbType = Int32)], CommandType='"Text"', CommandTimeout='30']
SELECT n."Id", n."CompanyId", n."CreatedAt", n."CreatedBy", n."Error", n."Payload", n."Recipient", n."RetryCount", n."SentAt", n."Status", n."Subject", n."Type", n."UpdatedAt", n."UpdatedBy"
FROM "NotificationQueues" AS n
WHERE n."Type" = 'Sms' AND n."SentAt" IS NULL AND n."RetryCount" < 3
LIMIT @__p_0
2026-06-03 21:00:29.833 +05:30 [INF] Microsoft.EntityFrameworkCore.Database.Command: Executed DbCommand (2ms) [Parameters=[@__p_0='?' (DbType = Int32)], CommandType='"Text"', CommandTimeout='30']
SELECT n."Id", n."CompanyId", n."CreatedAt", n."CreatedBy", n."Error", n."Payload", n."Recipient", n."RetryCount", n."SentAt", n."Status", n."Subject", n."Type", n."UpdatedAt", n."UpdatedBy"
FROM "NotificationQueues" AS n
WHERE n."Type" = 'Email' AND n."SentAt" IS NULL AND n."RetryCount" < 3
LIMIT @__p_0
2026-06-03 21:00:40.102 +05:30 [DBG] Hangfire.Server.ServerHeartbeatProcess: Server antonyraj:30600:0e85fd10 heartbeat successfully sent
2026-06-03 21:00:40.280 +05:30 [INF] Microsoft.EntityFrameworkCore.Database.Command: Executed DbCommand (1ms) [Parameters=[@__p_0='?' (DbType = Int32)], CommandType='"Text"', CommandTimeout='30']
SELECT n."Id", n."CompanyId", n."CreatedAt", n."CreatedBy", n."Error", n."Payload", n."Recipient", n."RetryCount", n."SentAt", n."Status", n."Subject", n."Type", n."UpdatedAt", n."UpdatedBy"
FROM "NotificationQueues" AS n
WHERE n."Type" = 'WhatsApp' AND n."SentAt" IS NULL AND n."RetryCount" < 3
LIMIT @__p_0
2026-06-03 21:00:40.511 +05:30 [INF] Microsoft.EntityFrameworkCore.Database.Command: Executed DbCommand (1ms) [Parameters=[@__p_0='?' (DbType = Int32)], CommandType='"Text"', CommandTimeout='30']
SELECT n."Id", n."CompanyId", n."CreatedAt", n."CreatedBy", n."Error", n."Payload", n."Recipient", n."RetryCount", n."SentAt", n."Status", n."Subject", n."Type", n."UpdatedAt", n."UpdatedBy"
FROM "NotificationQueues" AS n
WHERE n."Type" = 'Sms' AND n."SentAt" IS NULL AND n."RetryCount" < 3
LIMIT @__p_0
2026-06-03 21:00:59.842 +05:30 [INF] Microsoft.EntityFrameworkCore.Database.Command: Executed DbCommand (2ms) [Parameters=[@__p_0='?' (DbType = Int32)], CommandType='"Text"', CommandTimeout='30']
SELECT n."Id", n."CompanyId", n."CreatedAt", n."CreatedBy", n."Error", n."Payload", n."Recipient", n."RetryCount", n."SentAt", n."Status", n."Subject", n."Type", n."UpdatedAt", n."UpdatedBy"
FROM "NotificationQueues" AS n
WHERE n."Type" = 'Email' AND n."SentAt" IS NULL AND n."RetryCount" < 3
LIMIT @__p_0
2026-06-03 21:01:10.134 +05:30 [DBG] Hangfire.Server.ServerHeartbeatProcess: Server antonyraj:30600:0e85fd10 heartbeat successfully sent
2026-06-03 21:01:10.293 +05:30 [INF] Microsoft.EntityFrameworkCore.Database.Command: Executed DbCommand (1ms) [Parameters=[@__p_0='?' (DbType = Int32)], CommandType='"Text"', CommandTimeout='30']
SELECT n."Id", n."CompanyId", n."CreatedAt", n."CreatedBy", n."Error", n."Payload", n."Recipient", n."RetryCount", n."SentAt", n."Status", n."Subject", n."Type", n."UpdatedAt", n."UpdatedBy"
FROM "NotificationQueues" AS n
WHERE n."Type" = 'WhatsApp' AND n."SentAt" IS NULL AND n."RetryCount" < 3
LIMIT @__p_0
2026-06-03 21:01:10.520 +05:30 [INF] Microsoft.EntityFrameworkCore.Database.Command: Executed DbCommand (4ms) [Parameters=[@__p_0='?' (DbType = Int32)], CommandType='"Text"', CommandTimeout='30']
SELECT n."Id", n."CompanyId", n."CreatedAt", n."CreatedBy", n."Error", n."Payload", n."Recipient", n."RetryCount", n."SentAt", n."Status", n."Subject", n."Type", n."UpdatedAt", n."UpdatedBy"
FROM "NotificationQueues" AS n
WHERE n."Type" = 'Sms' AND n."SentAt" IS NULL AND n."RetryCount" < 3
LIMIT @__p_0
2026-06-03 21:01:29.872 +05:30 [INF] Microsoft.EntityFrameworkCore.Database.Command: Executed DbCommand (1ms) [Parameters=[@__p_0='?' (DbType = Int32)], CommandType='"Text"', CommandTimeout='30']
SELECT n."Id", n."CompanyId", n."CreatedAt", n."CreatedBy", n."Error", n."Payload", n."Recipient", n."RetryCount", n."SentAt", n."Status", n."Subject", n."Type", n."UpdatedAt", n."UpdatedBy"
FROM "NotificationQueues" AS n
WHERE n."Type" = 'Email' AND n."SentAt" IS NULL AND n."RetryCount" < 3
LIMIT @__p_0
2026-06-03 21:01:40.177 +05:30 [DBG] Hangfire.Server.ServerHeartbeatProcess: Server antonyraj:30600:0e85fd10 heartbeat successfully sent
2026-06-03 21:01:40.314 +05:30 [INF] Microsoft.EntityFrameworkCore.Database.Command: Executed DbCommand (2ms) [Parameters=[@__p_0='?' (DbType = Int32)], CommandType='"Text"', CommandTimeout='30']
SELECT n."Id", n."CompanyId", n."CreatedAt", n."CreatedBy", n."Error", n."Payload", n."Recipient", n."RetryCount", n."SentAt", n."Status", n."Subject", n."Type", n."UpdatedAt", n."UpdatedBy"
FROM "NotificationQueues" AS n
WHERE n."Type" = 'WhatsApp' AND n."SentAt" IS NULL AND n."RetryCount" < 3
LIMIT @__p_0
2026-06-03 21:01:40.559 +05:30 [INF] Microsoft.EntityFrameworkCore.Database.Command: Executed DbCommand (2ms) [Parameters=[@__p_0='?' (DbType = Int32)], CommandType='"Text"', CommandTimeout='30']
SELECT n."Id", n."CompanyId", n."CreatedAt", n."CreatedBy", n."Error", n."Payload", n."Recipient", n."RetryCount", n."SentAt", n."Status", n."Subject", n."Type", n."UpdatedAt", n."UpdatedBy"
FROM "NotificationQueues" AS n
WHERE n."Type" = 'Sms' AND n."SentAt" IS NULL AND n."RetryCount" < 3
LIMIT @__p_0
2026-06-03 21:01:59.907 +05:30 [INF] Microsoft.EntityFrameworkCore.Database.Command: Executed DbCommand (2ms) [Parameters=[@__p_0='?' (DbType = Int32)], CommandType='"Text"', CommandTimeout='30']
SELECT n."Id", n."CompanyId", n."CreatedAt", n."CreatedBy", n."Error", n."Payload", n."Recipient", n."RetryCount", n."SentAt", n."Status", n."Subject", n."Type", n."UpdatedAt", n."UpdatedBy"
FROM "NotificationQueues" AS n
WHERE n."Type" = 'Email' AND n."SentAt" IS NULL AND n."RetryCount" < 3
LIMIT @__p_0
2026-06-03 21:02:10.197 +05:30 [DBG] Hangfire.Server.ServerHeartbeatProcess: Server antonyraj:30600:0e85fd10 heartbeat successfully sent
2026-06-03 21:02:10.350 +05:30 [INF] Microsoft.EntityFrameworkCore.Database.Command: Executed DbCommand (2ms) [Parameters=[@__p_0='?' (DbType = Int32)], CommandType='"Text"', CommandTimeout='30']
SELECT n."Id", n."CompanyId", n."CreatedAt", n."CreatedBy", n."Error", n."Payload", n."Recipient", n."RetryCount", n."SentAt", n."Status", n."Subject", n."Type", n."UpdatedAt", n."UpdatedBy"
FROM "NotificationQueues" AS n
WHERE n."Type" = 'WhatsApp' AND n."SentAt" IS NULL AND n."RetryCount" < 3
LIMIT @__p_0
2026-06-03 21:02:10.582 +05:30 [INF] Microsoft.EntityFrameworkCore.Database.Command: Executed DbCommand (1ms) [Parameters=[@__p_0='?' (DbType = Int32)], CommandType='"Text"', CommandTimeout='30']
SELECT n."Id", n."CompanyId", n."CreatedAt", n."CreatedBy", n."Error", n."Payload", n."Recipient", n."RetryCount", n."SentAt", n."Status", n."Subject", n."Type", n."UpdatedAt", n."UpdatedBy"
FROM "NotificationQueues" AS n
WHERE n."Type" = 'Sms' AND n."SentAt" IS NULL AND n."RetryCount" < 3
LIMIT @__p_0
2026-06-03 21:02:29.939 +05:30 [INF] Microsoft.EntityFrameworkCore.Database.Command: Executed DbCommand (1ms) [Parameters=[@__p_0='?' (DbType = Int32)], CommandType='"Text"', CommandTimeout='30']
SELECT n."Id", n."CompanyId", n."CreatedAt", n."CreatedBy", n."Error", n."Payload", n."Recipient", n."RetryCount", n."SentAt", n."Status", n."Subject", n."Type", n."UpdatedAt", n."UpdatedBy"
FROM "NotificationQueues" AS n
WHERE n."Type" = 'Email' AND n."SentAt" IS NULL AND n."RetryCount" < 3
LIMIT @__p_0
2026-06-03 21:02:40.223 +05:30 [DBG] Hangfire.Server.ServerHeartbeatProcess: Server antonyraj:30600:0e85fd10 heartbeat successfully sent
2026-06-03 21:02:40.389 +05:30 [INF] Microsoft.EntityFrameworkCore.Database.Command: Executed DbCommand (1ms) [Parameters=[@__p_0='?' (DbType = Int32)], CommandType='"Text"', CommandTimeout='30']
SELECT n."Id", n."CompanyId", n."CreatedAt", n."CreatedBy", n."Error", n."Payload", n."Recipient", n."RetryCount", n."SentAt", n."Status", n."Subject", n."Type", n."UpdatedAt", n."UpdatedBy"
FROM "NotificationQueues" AS n
WHERE n."Type" = 'WhatsApp' AND n."SentAt" IS NULL AND n."RetryCount" < 3
LIMIT @__p_0
2026-06-03 21:02:40.591 +05:30 [INF] Microsoft.EntityFrameworkCore.Database.Command: Executed DbCommand (1ms) [Parameters=[@__p_0='?' (DbType = Int32)], CommandType='"Text"', CommandTimeout='30']
SELECT n."Id", n."CompanyId", n."CreatedAt", n."CreatedBy", n."Error", n."Payload", n."Recipient", n."RetryCount", n."SentAt", n."Status", n."Subject", n."Type", n."UpdatedAt", n."UpdatedBy"
FROM "NotificationQueues" AS n
WHERE n."Type" = 'Sms' AND n."SentAt" IS NULL AND n."RetryCount" < 3
LIMIT @__p_0
2026-06-03 21:02:59.949 +05:30 [INF] Microsoft.EntityFrameworkCore.Database.Command: Executed DbCommand (2ms) [Parameters=[@__p_0='?' (DbType = Int32)], CommandType='"Text"', CommandTimeout='30']
SELECT n."Id", n."CompanyId", n."CreatedAt", n."CreatedBy", n."Error", n."Payload", n."Recipient", n."RetryCount", n."SentAt", n."Status", n."Subject", n."Type", n."UpdatedAt", n."UpdatedBy"
FROM "NotificationQueues" AS n
WHERE n."Type" = 'Email' AND n."SentAt" IS NULL AND n."RetryCount" < 3
LIMIT @__p_0
2026-06-03 21:03:10.237 +05:30 [DBG] Hangfire.Server.ServerHeartbeatProcess: Server antonyraj:30600:0e85fd10 heartbeat successfully sent
2026-06-03 21:03:10.402 +05:30 [INF] Microsoft.EntityFrameworkCore.Database.Command: Executed DbCommand (1ms) [Parameters=[@__p_0='?' (DbType = Int32)], CommandType='"Text"', CommandTimeout='30']
SELECT n."Id", n."CompanyId", n."CreatedAt", n."CreatedBy", n."Error", n."Payload", n."Recipient", n."RetryCount", n."SentAt", n."Status", n."Subject", n."Type", n."UpdatedAt", n."UpdatedBy"
FROM "NotificationQueues" AS n
WHERE n."Type" = 'WhatsApp' AND n."SentAt" IS NULL AND n."RetryCount" < 3
LIMIT @__p_0
2026-06-03 21:03:10.603 +05:30 [INF] Microsoft.EntityFrameworkCore.Database.Command: Executed DbCommand (1ms) [Parameters=[@__p_0='?' (DbType = Int32)], CommandType='"Text"', CommandTimeout='30']
SELECT n."Id", n."CompanyId", n."CreatedAt", n."CreatedBy", n."Error", n."Payload", n."Recipient", n."RetryCount", n."SentAt", n."Status", n."Subject", n."Type", n."UpdatedAt", n."UpdatedBy"
FROM "NotificationQueues" AS n
WHERE n."Type" = 'Sms' AND n."SentAt" IS NULL AND n."RetryCount" < 3
LIMIT @__p_0
2026-06-03 21:03:29.957 +05:30 [INF] Microsoft.EntityFrameworkCore.Database.Command: Executed DbCommand (2ms) [Parameters=[@__p_0='?' (DbType = Int32)], CommandType='"Text"', CommandTimeout='30']
SELECT n."Id", n."CompanyId", n."CreatedAt", n."CreatedBy", n."Error", n."Payload", n."Recipient", n."RetryCount", n."SentAt", n."Status", n."Subject", n."Type", n."UpdatedAt", n."UpdatedBy"
FROM "NotificationQueues" AS n
WHERE n."Type" = 'Email' AND n."SentAt" IS NULL AND n."RetryCount" < 3
LIMIT @__p_0
2026-06-03 21:03:40.247 +05:30 [DBG] Hangfire.Server.ServerHeartbeatProcess: Server antonyraj:30600:0e85fd10 heartbeat successfully sent
2026-06-03 21:03:40.416 +05:30 [INF] Microsoft.EntityFrameworkCore.Database.Command: Executed DbCommand (1ms) [Parameters=[@__p_0='?' (DbType = Int32)], CommandType='"Text"', CommandTimeout='30']
SELECT n."Id", n."CompanyId", n."CreatedAt", n."CreatedBy", n."Error", n."Payload", n."Recipient", n."RetryCount", n."SentAt", n."Status", n."Subject", n."Type", n."UpdatedAt", n."UpdatedBy"
FROM "NotificationQueues" AS n
WHERE n."Type" = 'WhatsApp' AND n."SentAt" IS NULL AND n."RetryCount" < 3
LIMIT @__p_0
2026-06-03 21:03:40.632 +05:30 [INF] Microsoft.EntityFrameworkCore.Database.Command: Executed DbCommand (1ms) [Parameters=[@__p_0='?' (DbType = Int32)], CommandType='"Text"', CommandTimeout='30']
SELECT n."Id", n."CompanyId", n."CreatedAt", n."CreatedBy", n."Error", n."Payload", n."Recipient", n."RetryCount", n."SentAt", n."Status", n."Subject", n."Type", n."UpdatedAt", n."UpdatedBy"
FROM "NotificationQueues" AS n
WHERE n."Type" = 'Sms' AND n."SentAt" IS NULL AND n."RetryCount" < 3
LIMIT @__p_0
2026-06-03 21:03:59.967 +05:30 [INF] Microsoft.EntityFrameworkCore.Database.Command: Executed DbCommand (2ms) [Parameters=[@__p_0='?' (DbType = Int32)], CommandType='"Text"', CommandTimeout='30']
SELECT n."Id", n."CompanyId", n."CreatedAt", n."CreatedBy", n."Error", n."Payload", n."Recipient", n."RetryCount", n."SentAt", n."Status", n."Subject", n."Type", n."UpdatedAt", n."UpdatedBy"
FROM "NotificationQueues" AS n
WHERE n."Type" = 'Email' AND n."SentAt" IS NULL AND n."RetryCount" < 3
LIMIT @__p_0
2026-06-03 21:04:10.261 +05:30 [DBG] Hangfire.Server.ServerHeartbeatProcess: Server antonyraj:30600:0e85fd10 heartbeat successfully sent
2026-06-03 21:04:10.427 +05:30 [INF] Microsoft.EntityFrameworkCore.Database.Command: Executed DbCommand (1ms) [Parameters=[@__p_0='?' (DbType = Int32)], CommandType='"Text"', CommandTimeout='30']
SELECT n."Id", n."CompanyId", n."CreatedAt", n."CreatedBy", n."Error", n."Payload", n."Recipient", n."RetryCount", n."SentAt", n."Status", n."Subject", n."Type", n."UpdatedAt", n."UpdatedBy"
FROM "NotificationQueues" AS n
WHERE n."Type" = 'WhatsApp' AND n."SentAt" IS NULL AND n."RetryCount" < 3
LIMIT @__p_0
2026-06-03 21:04:10.653 +05:30 [INF] Microsoft.EntityFrameworkCore.Database.Command: Executed DbCommand (1ms) [Parameters=[@__p_0='?' (DbType = Int32)], CommandType='"Text"', CommandTimeout='30']
SELECT n."Id", n."CompanyId", n."CreatedAt", n."CreatedBy", n."Error", n."Payload", n."Recipient", n."RetryCount", n."SentAt", n."Status", n."Subject", n."Type", n."UpdatedAt", n."UpdatedBy"
FROM "NotificationQueues" AS n
WHERE n."Type" = 'Sms' AND n."SentAt" IS NULL AND n."RetryCount" < 3
LIMIT @__p_0
2026-06-03 21:04:29.975 +05:30 [INF] Microsoft.EntityFrameworkCore.Database.Command: Executed DbCommand (1ms) [Parameters=[@__p_0='?' (DbType = Int32)], CommandType='"Text"', CommandTimeout='30']
SELECT n."Id", n."CompanyId", n."CreatedAt", n."CreatedBy", n."Error", n."Payload", n."Recipient", n."RetryCount", n."SentAt", n."Status", n."Subject", n."Type", n."UpdatedAt", n."UpdatedBy"
FROM "NotificationQueues" AS n
WHERE n."Type" = 'Email' AND n."SentAt" IS NULL AND n."RetryCount" < 3
LIMIT @__p_0
2026-06-03 21:04:40.273 +05:30 [DBG] Hangfire.Server.ServerHeartbeatProcess: Server antonyraj:30600:0e85fd10 heartbeat successfully sent
2026-06-03 21:04:40.436 +05:30 [INF] Microsoft.EntityFrameworkCore.Database.Command: Executed DbCommand (1ms) [Parameters=[@__p_0='?' (DbType = Int32)], CommandType='"Text"', CommandTimeout='30']
SELECT n."Id", n."CompanyId", n."CreatedAt", n."CreatedBy", n."Error", n."Payload", n."Recipient", n."RetryCount", n."SentAt", n."Status", n."Subject", n."Type", n."UpdatedAt", n."UpdatedBy"
FROM "NotificationQueues" AS n
WHERE n."Type" = 'WhatsApp' AND n."SentAt" IS NULL AND n."RetryCount" < 3
LIMIT @__p_0
2026-06-03 21:04:40.670 +05:30 [INF] Microsoft.EntityFrameworkCore.Database.Command: Executed DbCommand (1ms) [Parameters=[@__p_0='?' (DbType = Int32)], CommandType='"Text"', CommandTimeout='30']
SELECT n."Id", n."CompanyId", n."CreatedAt", n."CreatedBy", n."Error", n."Payload", n."Recipient", n."RetryCount", n."SentAt", n."Status", n."Subject", n."Type", n."UpdatedAt", n."UpdatedBy"
FROM "NotificationQueues" AS n
WHERE n."Type" = 'Sms' AND n."SentAt" IS NULL AND n."RetryCount" < 3
LIMIT @__p_0
2026-06-03 21:05:00.003 +05:30 [INF] Microsoft.EntityFrameworkCore.Database.Command: Executed DbCommand (1ms) [Parameters=[@__p_0='?' (DbType = Int32)], CommandType='"Text"', CommandTimeout='30']
SELECT n."Id", n."CompanyId", n."CreatedAt", n."CreatedBy", n."Error", n."Payload", n."Recipient", n."RetryCount", n."SentAt", n."Status", n."Subject", n."Type", n."UpdatedAt", n."UpdatedBy"
FROM "NotificationQueues" AS n
WHERE n."Type" = 'Email' AND n."SentAt" IS NULL AND n."RetryCount" < 3
LIMIT @__p_0
2026-06-03 21:05:09.290 +05:30 [DBG] Hangfire.PostgreSql.CountersAggregator: Aggregating records in 'Counter' table...
2026-06-03 21:05:10.291 +05:30 [DBG] Hangfire.Server.ServerHeartbeatProcess: Server antonyraj:30600:0e85fd10 heartbeat successfully sent
2026-06-03 21:05:10.458 +05:30 [INF] Microsoft.EntityFrameworkCore.Database.Command: Executed DbCommand (4ms) [Parameters=[@__p_0='?' (DbType = Int32)], CommandType='"Text"', CommandTimeout='30']
SELECT n."Id", n."CompanyId", n."CreatedAt", n."CreatedBy", n."Error", n."Payload", n."Recipient", n."RetryCount", n."SentAt", n."Status", n."Subject", n."Type", n."UpdatedAt", n."UpdatedBy"
FROM "NotificationQueues" AS n
WHERE n."Type" = 'WhatsApp' AND n."SentAt" IS NULL AND n."RetryCount" < 3
LIMIT @__p_0
2026-06-03 21:05:10.701 +05:30 [INF] Microsoft.EntityFrameworkCore.Database.Command: Executed DbCommand (4ms) [Parameters=[@__p_0='?' (DbType = Int32)], CommandType='"Text"', CommandTimeout='30']
SELECT n."Id", n."CompanyId", n."CreatedAt", n."CreatedBy", n."Error", n."Payload", n."Recipient", n."RetryCount", n."SentAt", n."Status", n."Subject", n."Type", n."UpdatedAt", n."UpdatedBy"
FROM "NotificationQueues" AS n
WHERE n."Type" = 'Sms' AND n."SentAt" IS NULL AND n."RetryCount" < 3
LIMIT @__p_0
2026-06-03 21:05:30.008 +05:30 [INF] Microsoft.EntityFrameworkCore.Database.Command: Executed DbCommand (1ms) [Parameters=[@__p_0='?' (DbType = Int32)], CommandType='"Text"', CommandTimeout='30']
SELECT n."Id", n."CompanyId", n."CreatedAt", n."CreatedBy", n."Error", n."Payload", n."Recipient", n."RetryCount", n."SentAt", n."Status", n."Subject", n."Type", n."UpdatedAt", n."UpdatedBy"
FROM "NotificationQueues" AS n
WHERE n."Type" = 'Email' AND n."SentAt" IS NULL AND n."RetryCount" < 3
LIMIT @__p_0
2026-06-03 21:05:40.316 +05:30 [DBG] Hangfire.Server.ServerHeartbeatProcess: Server antonyraj:30600:0e85fd10 heartbeat successfully sent
2026-06-03 21:05:40.477 +05:30 [INF] Microsoft.EntityFrameworkCore.Database.Command: Executed DbCommand (2ms) [Parameters=[@__p_0='?' (DbType = Int32)], CommandType='"Text"', CommandTimeout='30']
SELECT n."Id", n."CompanyId", n."CreatedAt", n."CreatedBy", n."Error", n."Payload", n."Recipient", n."RetryCount", n."SentAt", n."Status", n."Subject", n."Type", n."UpdatedAt", n."UpdatedBy"
FROM "NotificationQueues" AS n
WHERE n."Type" = 'WhatsApp' AND n."SentAt" IS NULL AND n."RetryCount" < 3
LIMIT @__p_0
2026-06-03 21:05:40.727 +05:30 [INF] Microsoft.EntityFrameworkCore.Database.Command: Executed DbCommand (1ms) [Parameters=[@__p_0='?' (DbType = Int32)], CommandType='"Text"', CommandTimeout='30']
SELECT n."Id", n."CompanyId", n."CreatedAt", n."CreatedBy", n."Error", n."Payload", n."Recipient", n."RetryCount", n."SentAt", n."Status", n."Subject", n."Type", n."UpdatedAt", n."UpdatedBy"
FROM "NotificationQueues" AS n
WHERE n."Type" = 'Sms' AND n."SentAt" IS NULL AND n."RetryCount" < 3
LIMIT @__p_0
2026-06-03 21:06:00.035 +05:30 [INF] Microsoft.EntityFrameworkCore.Database.Command: Executed DbCommand (1ms) [Parameters=[@__p_0='?' (DbType = Int32)], CommandType='"Text"', CommandTimeout='30']
SELECT n."Id", n."CompanyId", n."CreatedAt", n."CreatedBy", n."Error", n."Payload", n."Recipient", n."RetryCount", n."SentAt", n."Status", n."Subject", n."Type", n."UpdatedAt", n."UpdatedBy"
FROM "NotificationQueues" AS n
WHERE n."Type" = 'Email' AND n."SentAt" IS NULL AND n."RetryCount" < 3
LIMIT @__p_0
2026-06-03 21:06:10.331 +05:30 [DBG] Hangfire.Server.ServerHeartbeatProcess: Server antonyraj:30600:0e85fd10 heartbeat successfully sent
2026-06-03 21:06:10.501 +05:30 [INF] Microsoft.EntityFrameworkCore.Database.Command: Executed DbCommand (1ms) [Parameters=[@__p_0='?' (DbType = Int32)], CommandType='"Text"', CommandTimeout='30']
SELECT n."Id", n."CompanyId", n."CreatedAt", n."CreatedBy", n."Error", n."Payload", n."Recipient", n."RetryCount", n."SentAt", n."Status", n."Subject", n."Type", n."UpdatedAt", n."UpdatedBy"
FROM "NotificationQueues" AS n
WHERE n."Type" = 'WhatsApp' AND n."SentAt" IS NULL AND n."RetryCount" < 3
LIMIT @__p_0
2026-06-03 21:06:10.738 +05:30 [INF] Microsoft.EntityFrameworkCore.Database.Command: Executed DbCommand (1ms) [Parameters=[@__p_0='?' (DbType = Int32)], CommandType='"Text"', CommandTimeout='30']
SELECT n."Id", n."CompanyId", n."CreatedAt", n."CreatedBy", n."Error", n."Payload", n."Recipient", n."RetryCount", n."SentAt", n."Status", n."Subject", n."Type", n."UpdatedAt", n."UpdatedBy"
FROM "NotificationQueues" AS n
WHERE n."Type" = 'Sms' AND n."SentAt" IS NULL AND n."RetryCount" < 3
LIMIT @__p_0
2026-06-03 21:06:30.051 +05:30 [INF] Microsoft.EntityFrameworkCore.Database.Command: Executed DbCommand (1ms) [Parameters=[@__p_0='?' (DbType = Int32)], CommandType='"Text"', CommandTimeout='30']
SELECT n."Id", n."CompanyId", n."CreatedAt", n."CreatedBy", n."Error", n."Payload", n."Recipient", n."RetryCount", n."SentAt", n."Status", n."Subject", n."Type", n."UpdatedAt", n."UpdatedBy"
FROM "NotificationQueues" AS n
WHERE n."Type" = 'Email' AND n."SentAt" IS NULL AND n."RetryCount" < 3
LIMIT @__p_0
2026-06-03 21:06:40.345 +05:30 [DBG] Hangfire.Server.ServerHeartbeatProcess: Server antonyraj:30600:0e85fd10 heartbeat successfully sent
2026-06-03 21:06:40.512 +05:30 [INF] Microsoft.EntityFrameworkCore.Database.Command: Executed DbCommand (1ms) [Parameters=[@__p_0='?' (DbType = Int32)], CommandType='"Text"', CommandTimeout='30']
SELECT n."Id", n."CompanyId", n."CreatedAt", n."CreatedBy", n."Error", n."Payload", n."Recipient", n."RetryCount", n."SentAt", n."Status", n."Subject", n."Type", n."UpdatedAt", n."UpdatedBy"
FROM "NotificationQueues" AS n
WHERE n."Type" = 'WhatsApp' AND n."SentAt" IS NULL AND n."RetryCount" < 3
LIMIT @__p_0
2026-06-03 21:06:40.754 +05:30 [INF] Microsoft.EntityFrameworkCore.Database.Command: Executed DbCommand (1ms) [Parameters=[@__p_0='?' (DbType = Int32)], CommandType='"Text"', CommandTimeout='30']
SELECT n."Id", n."CompanyId", n."CreatedAt", n."CreatedBy", n."Error", n."Payload", n."Recipient", n."RetryCount", n."SentAt", n."Status", n."Subject", n."Type", n."UpdatedAt", n."UpdatedBy"
FROM "NotificationQueues" AS n
WHERE n."Type" = 'Sms' AND n."SentAt" IS NULL AND n."RetryCount" < 3
LIMIT @__p_0
2026-06-03 21:07:00.057 +05:30 [INF] Microsoft.EntityFrameworkCore.Database.Command: Executed DbCommand (1ms) [Parameters=[@__p_0='?' (DbType = Int32)], CommandType='"Text"', CommandTimeout='30']
SELECT n."Id", n."CompanyId", n."CreatedAt", n."CreatedBy", n."Error", n."Payload", n."Recipient", n."RetryCount", n."SentAt", n."Status", n."Subject", n."Type", n."UpdatedAt", n."UpdatedBy"
FROM "NotificationQueues" AS n
WHERE n."Type" = 'Email' AND n."SentAt" IS NULL AND n."RetryCount" < 3
LIMIT @__p_0
2026-06-03 21:07:10.378 +05:30 [DBG] Hangfire.Server.ServerHeartbeatProcess: Server antonyraj:30600:0e85fd10 heartbeat successfully sent
2026-06-03 21:07:10.524 +05:30 [INF] Microsoft.EntityFrameworkCore.Database.Command: Executed DbCommand (1ms) [Parameters=[@__p_0='?' (DbType = Int32)], CommandType='"Text"', CommandTimeout='30']
SELECT n."Id", n."CompanyId", n."CreatedAt", n."CreatedBy", n."Error", n."Payload", n."Recipient", n."RetryCount", n."SentAt", n."Status", n."Subject", n."Type", n."UpdatedAt", n."UpdatedBy"
FROM "NotificationQueues" AS n
WHERE n."Type" = 'WhatsApp' AND n."SentAt" IS NULL AND n."RetryCount" < 3
LIMIT @__p_0
2026-06-03 21:07:10.767 +05:30 [INF] Microsoft.EntityFrameworkCore.Database.Command: Executed DbCommand (1ms) [Parameters=[@__p_0='?' (DbType = Int32)], CommandType='"Text"', CommandTimeout='30']
SELECT n."Id", n."CompanyId", n."CreatedAt", n."CreatedBy", n."Error", n."Payload", n."Recipient", n."RetryCount", n."SentAt", n."Status", n."Subject", n."Type", n."UpdatedAt", n."UpdatedBy"
FROM "NotificationQueues" AS n
WHERE n."Type" = 'Sms' AND n."SentAt" IS NULL AND n."RetryCount" < 3
LIMIT @__p_0
2026-06-03 21:07:30.069 +05:30 [INF] Microsoft.EntityFrameworkCore.Database.Command: Executed DbCommand (1ms) [Parameters=[@__p_0='?' (DbType = Int32)], CommandType='"Text"', CommandTimeout='30']
SELECT n."Id", n."CompanyId", n."CreatedAt", n."CreatedBy", n."Error", n."Payload", n."Recipient", n."RetryCount", n."SentAt", n."Status", n."Subject", n."Type", n."UpdatedAt", n."UpdatedBy"
FROM "NotificationQueues" AS n
WHERE n."Type" = 'Email' AND n."SentAt" IS NULL AND n."RetryCount" < 3
LIMIT @__p_0
2026-06-03 21:07:40.403 +05:30 [DBG] Hangfire.Server.ServerHeartbeatProcess: Server antonyraj:30600:0e85fd10 heartbeat successfully sent
2026-06-03 21:07:40.539 +05:30 [INF] Microsoft.EntityFrameworkCore.Database.Command: Executed DbCommand (1ms) [Parameters=[@__p_0='?' (DbType = Int32)], CommandType='"Text"', CommandTimeout='30']
SELECT n."Id", n."CompanyId", n."CreatedAt", n."CreatedBy", n."Error", n."Payload", n."Recipient", n."RetryCount", n."SentAt", n."Status", n."Subject", n."Type", n."UpdatedAt", n."UpdatedBy"
FROM "NotificationQueues" AS n
WHERE n."Type" = 'WhatsApp' AND n."SentAt" IS NULL AND n."RetryCount" < 3
LIMIT @__p_0
2026-06-03 21:07:40.778 +05:30 [INF] Microsoft.EntityFrameworkCore.Database.Command: Executed DbCommand (1ms) [Parameters=[@__p_0='?' (DbType = Int32)], CommandType='"Text"', CommandTimeout='30']
SELECT n."Id", n."CompanyId", n."CreatedAt", n."CreatedBy", n."Error", n."Payload", n."Recipient", n."RetryCount", n."SentAt", n."Status", n."Subject", n."Type", n."UpdatedAt", n."UpdatedBy"
FROM "NotificationQueues" AS n
WHERE n."Type" = 'Sms' AND n."SentAt" IS NULL AND n."RetryCount" < 3
LIMIT @__p_0
2026-06-03 21:08:00.090 +05:30 [INF] Microsoft.EntityFrameworkCore.Database.Command: Executed DbCommand (2ms) [Parameters=[@__p_0='?' (DbType = Int32)], CommandType='"Text"', CommandTimeout='30']
SELECT n."Id", n."CompanyId", n."CreatedAt", n."CreatedBy", n."Error", n."Payload", n."Recipient", n."RetryCount", n."SentAt", n."Status", n."Subject", n."Type", n."UpdatedAt", n."UpdatedBy"
FROM "NotificationQueues" AS n
WHERE n."Type" = 'Email' AND n."SentAt" IS NULL AND n."RetryCount" < 3
LIMIT @__p_0
2026-06-03 21:08:10.413 +05:30 [DBG] Hangfire.Server.ServerHeartbeatProcess: Server antonyraj:30600:0e85fd10 heartbeat successfully sent
2026-06-03 21:08:10.553 +05:30 [INF] Microsoft.EntityFrameworkCore.Database.Command: Executed DbCommand (1ms) [Parameters=[@__p_0='?' (DbType = Int32)], CommandType='"Text"', CommandTimeout='30']
SELECT n."Id", n."CompanyId", n."CreatedAt", n."CreatedBy", n."Error", n."Payload", n."Recipient", n."RetryCount", n."SentAt", n."Status", n."Subject", n."Type", n."UpdatedAt", n."UpdatedBy"
FROM "NotificationQueues" AS n
WHERE n."Type" = 'WhatsApp' AND n."SentAt" IS NULL AND n."RetryCount" < 3
LIMIT @__p_0
2026-06-03 21:08:10.786 +05:30 [INF] Microsoft.EntityFrameworkCore.Database.Command: Executed DbCommand (1ms) [Parameters=[@__p_0='?' (DbType = Int32)], CommandType='"Text"', CommandTimeout='30']
SELECT n."Id", n."CompanyId", n."CreatedAt", n."CreatedBy", n."Error", n."Payload", n."Recipient", n."RetryCount", n."SentAt", n."Status", n."Subject", n."Type", n."UpdatedAt", n."UpdatedBy"
FROM "NotificationQueues" AS n
WHERE n."Type" = 'Sms' AND n."SentAt" IS NULL AND n."RetryCount" < 3
LIMIT @__p_0
2026-06-03 21:08:30.136 +05:30 [INF] Microsoft.EntityFrameworkCore.Database.Command: Executed DbCommand (2ms) [Parameters=[@__p_0='?' (DbType = Int32)], CommandType='"Text"', CommandTimeout='30']
SELECT n."Id", n."CompanyId", n."CreatedAt", n."CreatedBy", n."Error", n."Payload", n."Recipient", n."RetryCount", n."SentAt", n."Status", n."Subject", n."Type", n."UpdatedAt", n."UpdatedBy"
FROM "NotificationQueues" AS n
WHERE n."Type" = 'Email' AND n."SentAt" IS NULL AND n."RetryCount" < 3
LIMIT @__p_0
2026-06-03 21:08:40.426 +05:30 [DBG] Hangfire.Server.ServerHeartbeatProcess: Server antonyraj:30600:0e85fd10 heartbeat successfully sent
2026-06-03 21:08:40.581 +05:30 [INF] Microsoft.EntityFrameworkCore.Database.Command: Executed DbCommand (1ms) [Parameters=[@__p_0='?' (DbType = Int32)], CommandType='"Text"', CommandTimeout='30']
SELECT n."Id", n."CompanyId", n."CreatedAt", n."CreatedBy", n."Error", n."Payload", n."Recipient", n."RetryCount", n."SentAt", n."Status", n."Subject", n."Type", n."UpdatedAt", n."UpdatedBy"
FROM "NotificationQueues" AS n
WHERE n."Type" = 'WhatsApp' AND n."SentAt" IS NULL AND n."RetryCount" < 3
LIMIT @__p_0
2026-06-03 21:08:40.806 +05:30 [INF] Microsoft.EntityFrameworkCore.Database.Command: Executed DbCommand (1ms) [Parameters=[@__p_0='?' (DbType = Int32)], CommandType='"Text"', CommandTimeout='30']
SELECT n."Id", n."CompanyId", n."CreatedAt", n."CreatedBy", n."Error", n."Payload", n."Recipient", n."RetryCount", n."SentAt", n."Status", n."Subject", n."Type", n."UpdatedAt", n."UpdatedBy"
FROM "NotificationQueues" AS n
WHERE n."Type" = 'Sms' AND n."SentAt" IS NULL AND n."RetryCount" < 3
LIMIT @__p_0
2026-06-03 21:09:00.166 +05:30 [INF] Microsoft.EntityFrameworkCore.Database.Command: Executed DbCommand (1ms) [Parameters=[@__p_0='?' (DbType = Int32)], CommandType='"Text"', CommandTimeout='30']
SELECT n."Id", n."CompanyId", n."CreatedAt", n."CreatedBy", n."Error", n."Payload", n."Recipient", n."RetryCount", n."SentAt", n."Status", n."Subject", n."Type", n."UpdatedAt", n."UpdatedBy"
FROM "NotificationQueues" AS n
WHERE n."Type" = 'Email' AND n."SentAt" IS NULL AND n."RetryCount" < 3
LIMIT @__p_0
2026-06-03 21:09:10.448 +05:30 [DBG] Hangfire.Server.ServerHeartbeatProcess: Server antonyraj:30600:0e85fd10 heartbeat successfully sent
2026-06-03 21:09:10.610 +05:30 [INF] Microsoft.EntityFrameworkCore.Database.Command: Executed DbCommand (1ms) [Parameters=[@__p_0='?' (DbType = Int32)], CommandType='"Text"', CommandTimeout='30']
SELECT n."Id", n."CompanyId", n."CreatedAt", n."CreatedBy", n."Error", n."Payload", n."Recipient", n."RetryCount", n."SentAt", n."Status", n."Subject", n."Type", n."UpdatedAt", n."UpdatedBy"
FROM "NotificationQueues" AS n
WHERE n."Type" = 'WhatsApp' AND n."SentAt" IS NULL AND n."RetryCount" < 3
LIMIT @__p_0
2026-06-03 21:09:10.813 +05:30 [INF] Microsoft.EntityFrameworkCore.Database.Command: Executed DbCommand (1ms) [Parameters=[@__p_0='?' (DbType = Int32)], CommandType='"Text"', CommandTimeout='30']
SELECT n."Id", n."CompanyId", n."CreatedAt", n."CreatedBy", n."Error", n."Payload", n."Recipient", n."RetryCount", n."SentAt", n."Status", n."Subject", n."Type", n."UpdatedAt", n."UpdatedBy"
FROM "NotificationQueues" AS n
WHERE n."Type" = 'Sms' AND n."SentAt" IS NULL AND n."RetryCount" < 3
LIMIT @__p_0
2026-06-03 21:09:30.195 +05:30 [INF] Microsoft.EntityFrameworkCore.Database.Command: Executed DbCommand (1ms) [Parameters=[@__p_0='?' (DbType = Int32)], CommandType='"Text"', CommandTimeout='30']
SELECT n."Id", n."CompanyId", n."CreatedAt", n."CreatedBy", n."Error", n."Payload", n."Recipient", n."RetryCount", n."SentAt", n."Status", n."Subject", n."Type", n."UpdatedAt", n."UpdatedBy"
FROM "NotificationQueues" AS n
WHERE n."Type" = 'Email' AND n."SentAt" IS NULL AND n."RetryCount" < 3
LIMIT @__p_0
2026-06-03 21:09:40.459 +05:30 [DBG] Hangfire.Server.ServerHeartbeatProcess: Server antonyraj:30600:0e85fd10 heartbeat successfully sent
2026-06-03 21:09:40.628 +05:30 [INF] Microsoft.EntityFrameworkCore.Database.Command: Executed DbCommand (4ms) [Parameters=[@__p_0='?' (DbType = Int32)], CommandType='"Text"', CommandTimeout='30']
SELECT n."Id", n."CompanyId", n."CreatedAt", n."CreatedBy", n."Error", n."Payload", n."Recipient", n."RetryCount", n."SentAt", n."Status", n."Subject", n."Type", n."UpdatedAt", n."UpdatedBy"
FROM "NotificationQueues" AS n
WHERE n."Type" = 'WhatsApp' AND n."SentAt" IS NULL AND n."RetryCount" < 3
LIMIT @__p_0
2026-06-03 21:09:40.834 +05:30 [INF] Microsoft.EntityFrameworkCore.Database.Command: Executed DbCommand (1ms) [Parameters=[@__p_0='?' (DbType = Int32)], CommandType='"Text"', CommandTimeout='30']
SELECT n."Id", n."CompanyId", n."CreatedAt", n."CreatedBy", n."Error", n."Payload", n."Recipient", n."RetryCount", n."SentAt", n."Status", n."Subject", n."Type", n."UpdatedAt", n."UpdatedBy"
FROM "NotificationQueues" AS n
WHERE n."Type" = 'Sms' AND n."SentAt" IS NULL AND n."RetryCount" < 3
LIMIT @__p_0
2026-06-03 21:10:00.230 +05:30 [INF] Microsoft.EntityFrameworkCore.Database.Command: Executed DbCommand (1ms) [Parameters=[@__p_0='?' (DbType = Int32)], CommandType='"Text"', CommandTimeout='30']
SELECT n."Id", n."CompanyId", n."CreatedAt", n."CreatedBy", n."Error", n."Payload", n."Recipient", n."RetryCount", n."SentAt", n."Status", n."Subject", n."Type", n."UpdatedAt", n."UpdatedBy"
FROM "NotificationQueues" AS n
WHERE n."Type" = 'Email' AND n."SentAt" IS NULL AND n."RetryCount" < 3
LIMIT @__p_0
2026-06-03 21:10:06.284 +05:30 [INF] Microsoft.EntityFrameworkCore.Database.Command: Executed DbCommand (52ms) [Parameters=[], CommandType='"Text"', CommandTimeout='30']
SELECT r."Id", r."CompanyId", r."CreatedAt", r."CreatedBy", r."IncludeSafetyStock", r."IsActive", r."LeadTimeDays", r."LocationId", r."MinimumQuantity", r."PreferredSupplierId", r."ProductId", r."ReorderQuantity", r."UpdatedAt", r."UpdatedBy", r."WarehouseId", t."Id", t."CategoryId", t."CompanyId", t."CreatedAt", t."CreatedBy", t."DefaultCostPrice", t."DefaultSalePrice", t."Emoji", t."HsnCode", t."IndustryMetadata", t."IsActive", t."IsSerialized", t."IsUniversal", t."Kind", t."Name", t."PublishStatus", t."SKU", t."Tag", t."TaxSlabId", t."UpdatedAt", t."UpdatedBy"
FROM "ReorderRules" AS r
INNER JOIN (
    SELECT p."Id", p."CategoryId", p."CompanyId", p."CreatedAt", p."CreatedBy", p."DefaultCostPrice", p."DefaultSalePrice", p."Emoji", p."HsnCode", p."IndustryMetadata", p."IsActive", p."IsSerialized", p."IsUniversal", p."Kind", p."Name", p."PublishStatus", p."SKU", p."Tag", p."TaxSlabId", p."UpdatedAt", p."UpdatedBy"
    FROM "Products" AS p
    WHERE p."IsActive"
) AS t ON r."ProductId" = t."Id"
WHERE r."IsActive" AND r."IsActive"
2026-06-03 21:10:06.439 +05:30 [INF] Microsoft.EntityFrameworkCore.Database.Command: Executed DbCommand (7ms) [Parameters=[@__rule_ProductId_0='?' (DbType = Guid), @__rule_WarehouseId_1='?' (DbType = Guid)], CommandType='"Text"', CommandTimeout='30']
SELECT w."Id", w."CompanyId", w."CreatedAt", w."CreatedBy", w."InTransitQuantity", w."IsActive", w."LastMovementAt", w."LastPurchasedAt", w."LastSoldAt", w."MinStockLevel", w."PreferredSupplierId", w."ProductId", w."Quantity", w."ReorderLevel", w."ReservedQuantity", w."UpdatedAt", w."UpdatedBy", w."WarehouseId"
FROM "WarehouseStocks" AS w
WHERE w."IsActive" AND w."ProductId" = @__rule_ProductId_0 AND w."WarehouseId" = @__rule_WarehouseId_1
LIMIT 1
2026-06-03 21:10:06.453 +05:30 [INF] Microsoft.EntityFrameworkCore.Database.Command: Executed DbCommand (4ms) [Parameters=[@__rule_ProductId_0='?' (DbType = Guid), @__rule_WarehouseId_1='?' (DbType = Guid)], CommandType='"Text"', CommandTimeout='30']
SELECT w."Id", w."CompanyId", w."CreatedAt", w."CreatedBy", w."InTransitQuantity", w."IsActive", w."LastMovementAt", w."LastPurchasedAt", w."LastSoldAt", w."MinStockLevel", w."PreferredSupplierId", w."ProductId", w."Quantity", w."ReorderLevel", w."ReservedQuantity", w."UpdatedAt", w."UpdatedBy", w."WarehouseId"
FROM "WarehouseStocks" AS w
WHERE w."IsActive" AND w."ProductId" = @__rule_ProductId_0 AND w."WarehouseId" = @__rule_WarehouseId_1
LIMIT 1
2026-06-03 21:10:08.115 +05:30 [DBG] Hangfire.PostgreSql.ExpirationManager: Removing outdated records from table 'aggregatedcounter'...
2026-06-03 21:10:08.166 +05:30 [DBG] Hangfire.PostgreSql.ExpirationManager: Removing outdated records from table 'counter'...
2026-06-03 21:10:08.176 +05:30 [DBG] Hangfire.PostgreSql.ExpirationManager: Removing outdated records from table 'job'...
2026-06-03 21:10:08.204 +05:30 [DBG] Hangfire.PostgreSql.ExpirationManager: Removing outdated records from table 'list'...
2026-06-03 21:10:08.211 +05:30 [DBG] Hangfire.PostgreSql.ExpirationManager: Removing outdated records from table 'set'...
2026-06-03 21:10:08.216 +05:30 [DBG] Hangfire.PostgreSql.ExpirationManager: Removing outdated records from table 'hash'...
2026-06-03 21:10:09.303 +05:30 [DBG] Hangfire.PostgreSql.CountersAggregator: Aggregating records in 'Counter' table...
2026-06-03 21:10:09.862 +05:30 [INF] Microsoft.EntityFrameworkCore.Database.Command: Executed DbCommand (4ms) [Parameters=[], CommandType='"Text"', CommandTimeout='30']
SELECT s."Id", s."CompanyId", s."CreatedAt", s."CreatedBy", s."EmailRecipients", s."IsActive", s."LastTriggeredAt", s."NotifyRoles", s."ProductId", s."SendEmail", s."SendSms", s."SendWhatsApp", s."SmsRecipients", s."Threshold", s."Unit", s."UpdatedAt", s."UpdatedBy", s."WarehouseId", s."WhatsAppRecipients"
FROM "StockAlertRules" AS s
WHERE s."IsActive" AND s."IsActive"
2026-06-03 21:10:10.476 +05:30 [DBG] Hangfire.Server.ServerHeartbeatProcess: Server antonyraj:30600:0e85fd10 heartbeat successfully sent
2026-06-03 21:10:10.638 +05:30 [INF] Microsoft.EntityFrameworkCore.Database.Command: Executed DbCommand (5ms) [Parameters=[@__p_0='?' (DbType = Int32)], CommandType='"Text"', CommandTimeout='30']
SELECT n."Id", n."CompanyId", n."CreatedAt", n."CreatedBy", n."Error", n."Payload", n."Recipient", n."RetryCount", n."SentAt", n."Status", n."Subject", n."Type", n."UpdatedAt", n."UpdatedBy"
FROM "NotificationQueues" AS n
WHERE n."Type" = 'WhatsApp' AND n."SentAt" IS NULL AND n."RetryCount" < 3
LIMIT @__p_0
2026-06-03 21:10:10.843 +05:30 [INF] Microsoft.EntityFrameworkCore.Database.Command: Executed DbCommand (1ms) [Parameters=[@__p_0='?' (DbType = Int32)], CommandType='"Text"', CommandTimeout='30']
SELECT n."Id", n."CompanyId", n."CreatedAt", n."CreatedBy", n."Error", n."Payload", n."Recipient", n."RetryCount", n."SentAt", n."Status", n."Subject", n."Type", n."UpdatedAt", n."UpdatedBy"
FROM "NotificationQueues" AS n
WHERE n."Type" = 'Sms' AND n."SentAt" IS NULL AND n."RetryCount" < 3
LIMIT @__p_0
2026-06-03 21:10:30.264 +05:30 [INF] Microsoft.EntityFrameworkCore.Database.Command: Executed DbCommand (4ms) [Parameters=[@__p_0='?' (DbType = Int32)], CommandType='"Text"', CommandTimeout='30']
SELECT n."Id", n."CompanyId", n."CreatedAt", n."CreatedBy", n."Error", n."Payload", n."Recipient", n."RetryCount", n."SentAt", n."Status", n."Subject", n."Type", n."UpdatedAt", n."UpdatedBy"
FROM "NotificationQueues" AS n
WHERE n."Type" = 'Email' AND n."SentAt" IS NULL AND n."RetryCount" < 3
LIMIT @__p_0
2026-06-03 21:10:40.544 +05:30 [DBG] Hangfire.Server.ServerHeartbeatProcess: Server antonyraj:30600:0e85fd10 heartbeat successfully sent
2026-06-03 21:10:40.659 +05:30 [INF] Microsoft.EntityFrameworkCore.Database.Command: Executed DbCommand (1ms) [Parameters=[@__p_0='?' (DbType = Int32)], CommandType='"Text"', CommandTimeout='30']
SELECT n."Id", n."CompanyId", n."CreatedAt", n."CreatedBy", n."Error", n."Payload", n."Recipient", n."RetryCount", n."SentAt", n."Status", n."Subject", n."Type", n."UpdatedAt", n."UpdatedBy"
FROM "NotificationQueues" AS n
WHERE n."Type" = 'WhatsApp' AND n."SentAt" IS NULL AND n."RetryCount" < 3
LIMIT @__p_0
2026-06-03 21:10:40.863 +05:30 [INF] Microsoft.EntityFrameworkCore.Database.Command: Executed DbCommand (1ms) [Parameters=[@__p_0='?' (DbType = Int32)], CommandType='"Text"', CommandTimeout='30']
SELECT n."Id", n."CompanyId", n."CreatedAt", n."CreatedBy", n."Error", n."Payload", n."Recipient", n."RetryCount", n."SentAt", n."Status", n."Subject", n."Type", n."UpdatedAt", n."UpdatedBy"
FROM "NotificationQueues" AS n
WHERE n."Type" = 'Sms' AND n."SentAt" IS NULL AND n."RetryCount" < 3
LIMIT @__p_0
2026-06-03 21:11:00.285 +05:30 [INF] Microsoft.EntityFrameworkCore.Database.Command: Executed DbCommand (1ms) [Parameters=[@__p_0='?' (DbType = Int32)], CommandType='"Text"', CommandTimeout='30']
SELECT n."Id", n."CompanyId", n."CreatedAt", n."CreatedBy", n."Error", n."Payload", n."Recipient", n."RetryCount", n."SentAt", n."Status", n."Subject", n."Type", n."UpdatedAt", n."UpdatedBy"
FROM "NotificationQueues" AS n
WHERE n."Type" = 'Email' AND n."SentAt" IS NULL AND n."RetryCount" < 3
LIMIT @__p_0
2026-06-03 21:11:10.573 +05:30 [DBG] Hangfire.Server.ServerHeartbeatProcess: Server antonyraj:30600:0e85fd10 heartbeat successfully sent
2026-06-03 21:11:10.666 +05:30 [INF] Microsoft.EntityFrameworkCore.Database.Command: Executed DbCommand (2ms) [Parameters=[@__p_0='?' (DbType = Int32)], CommandType='"Text"', CommandTimeout='30']
SELECT n."Id", n."CompanyId", n."CreatedAt", n."CreatedBy", n."Error", n."Payload", n."Recipient", n."RetryCount", n."SentAt", n."Status", n."Subject", n."Type", n."UpdatedAt", n."UpdatedBy"
FROM "NotificationQueues" AS n
WHERE n."Type" = 'WhatsApp' AND n."SentAt" IS NULL AND n."RetryCount" < 3
LIMIT @__p_0
2026-06-03 21:11:10.876 +05:30 [INF] Microsoft.EntityFrameworkCore.Database.Command: Executed DbCommand (2ms) [Parameters=[@__p_0='?' (DbType = Int32)], CommandType='"Text"', CommandTimeout='30']
SELECT n."Id", n."CompanyId", n."CreatedAt", n."CreatedBy", n."Error", n."Payload", n."Recipient", n."RetryCount", n."SentAt", n."Status", n."Subject", n."Type", n."UpdatedAt", n."UpdatedBy"
FROM "NotificationQueues" AS n
WHERE n."Type" = 'Sms' AND n."SentAt" IS NULL AND n."RetryCount" < 3
LIMIT @__p_0
2026-06-03 21:11:30.298 +05:30 [INF] Microsoft.EntityFrameworkCore.Database.Command: Executed DbCommand (1ms) [Parameters=[@__p_0='?' (DbType = Int32)], CommandType='"Text"', CommandTimeout='30']
SELECT n."Id", n."CompanyId", n."CreatedAt", n."CreatedBy", n."Error", n."Payload", n."Recipient", n."RetryCount", n."SentAt", n."Status", n."Subject", n."Type", n."UpdatedAt", n."UpdatedBy"
FROM "NotificationQueues" AS n
WHERE n."Type" = 'Email' AND n."SentAt" IS NULL AND n."RetryCount" < 3
LIMIT @__p_0
2026-06-03 21:11:40.588 +05:30 [DBG] Hangfire.Server.ServerHeartbeatProcess: Server antonyraj:30600:0e85fd10 heartbeat successfully sent
2026-06-03 21:11:40.688 +05:30 [INF] Microsoft.EntityFrameworkCore.Database.Command: Executed DbCommand (2ms) [Parameters=[@__p_0='?' (DbType = Int32)], CommandType='"Text"', CommandTimeout='30']
SELECT n."Id", n."CompanyId", n."CreatedAt", n."CreatedBy", n."Error", n."Payload", n."Recipient", n."RetryCount", n."SentAt", n."Status", n."Subject", n."Type", n."UpdatedAt", n."UpdatedBy"
FROM "NotificationQueues" AS n
WHERE n."Type" = 'WhatsApp' AND n."SentAt" IS NULL AND n."RetryCount" < 3
LIMIT @__p_0
2026-06-03 21:11:40.882 +05:30 [INF] Microsoft.EntityFrameworkCore.Database.Command: Executed DbCommand (2ms) [Parameters=[@__p_0='?' (DbType = Int32)], CommandType='"Text"', CommandTimeout='30']
SELECT n."Id", n."CompanyId", n."CreatedAt", n."CreatedBy", n."Error", n."Payload", n."Recipient", n."RetryCount", n."SentAt", n."Status", n."Subject", n."Type", n."UpdatedAt", n."UpdatedBy"
FROM "NotificationQueues" AS n
WHERE n."Type" = 'Sms' AND n."SentAt" IS NULL AND n."RetryCount" < 3
LIMIT @__p_0
2026-06-03 21:12:00.322 +05:30 [INF] Microsoft.EntityFrameworkCore.Database.Command: Executed DbCommand (1ms) [Parameters=[@__p_0='?' (DbType = Int32)], CommandType='"Text"', CommandTimeout='30']
SELECT n."Id", n."CompanyId", n."CreatedAt", n."CreatedBy", n."Error", n."Payload", n."Recipient", n."RetryCount", n."SentAt", n."Status", n."Subject", n."Type", n."UpdatedAt", n."UpdatedBy"
FROM "NotificationQueues" AS n
WHERE n."Type" = 'Email' AND n."SentAt" IS NULL AND n."RetryCount" < 3
LIMIT @__p_0
2026-06-03 21:12:10.592 +05:30 [DBG] Hangfire.Server.ServerHeartbeatProcess: Server antonyraj:30600:0e85fd10 heartbeat successfully sent
2026-06-03 21:12:10.701 +05:30 [INF] Microsoft.EntityFrameworkCore.Database.Command: Executed DbCommand (1ms) [Parameters=[@__p_0='?' (DbType = Int32)], CommandType='"Text"', CommandTimeout='30']
SELECT n."Id", n."CompanyId", n."CreatedAt", n."CreatedBy", n."Error", n."Payload", n."Recipient", n."RetryCount", n."SentAt", n."Status", n."Subject", n."Type", n."UpdatedAt", n."UpdatedBy"
FROM "NotificationQueues" AS n
WHERE n."Type" = 'WhatsApp' AND n."SentAt" IS NULL AND n."RetryCount" < 3
LIMIT @__p_0
2026-06-03 21:12:10.888 +05:30 [INF] Microsoft.EntityFrameworkCore.Database.Command: Executed DbCommand (1ms) [Parameters=[@__p_0='?' (DbType = Int32)], CommandType='"Text"', CommandTimeout='30']
SELECT n."Id", n."CompanyId", n."CreatedAt", n."CreatedBy", n."Error", n."Payload", n."Recipient", n."RetryCount", n."SentAt", n."Status", n."Subject", n."Type", n."UpdatedAt", n."UpdatedBy"
FROM "NotificationQueues" AS n
WHERE n."Type" = 'Sms' AND n."SentAt" IS NULL AND n."RetryCount" < 3
LIMIT @__p_0
2026-06-03 21:12:30.335 +05:30 [INF] Microsoft.EntityFrameworkCore.Database.Command: Executed DbCommand (1ms) [Parameters=[@__p_0='?' (DbType = Int32)], CommandType='"Text"', CommandTimeout='30']
SELECT n."Id", n."CompanyId", n."CreatedAt", n."CreatedBy", n."Error", n."Payload", n."Recipient", n."RetryCount", n."SentAt", n."Status", n."Subject", n."Type", n."UpdatedAt", n."UpdatedBy"
FROM "NotificationQueues" AS n
WHERE n."Type" = 'Email' AND n."SentAt" IS NULL AND n."RetryCount" < 3
LIMIT @__p_0
2026-06-03 21:12:40.602 +05:30 [DBG] Hangfire.Server.ServerHeartbeatProcess: Server antonyraj:30600:0e85fd10 heartbeat successfully sent
2026-06-03 21:12:40.712 +05:30 [INF] Microsoft.EntityFrameworkCore.Database.Command: Executed DbCommand (1ms) [Parameters=[@__p_0='?' (DbType = Int32)], CommandType='"Text"', CommandTimeout='30']
SELECT n."Id", n."CompanyId", n."CreatedAt", n."CreatedBy", n."Error", n."Payload", n."Recipient", n."RetryCount", n."SentAt", n."Status", n."Subject", n."Type", n."UpdatedAt", n."UpdatedBy"
FROM "NotificationQueues" AS n
WHERE n."Type" = 'WhatsApp' AND n."SentAt" IS NULL AND n."RetryCount" < 3
LIMIT @__p_0
2026-06-03 21:12:40.905 +05:30 [INF] Microsoft.EntityFrameworkCore.Database.Command: Executed DbCommand (1ms) [Parameters=[@__p_0='?' (DbType = Int32)], CommandType='"Text"', CommandTimeout='30']
SELECT n."Id", n."CompanyId", n."CreatedAt", n."CreatedBy", n."Error", n."Payload", n."Recipient", n."RetryCount", n."SentAt", n."Status", n."Subject", n."Type", n."UpdatedAt", n."UpdatedBy"
FROM "NotificationQueues" AS n
WHERE n."Type" = 'Sms' AND n."SentAt" IS NULL AND n."RetryCount" < 3
LIMIT @__p_0
2026-06-03 21:13:00.364 +05:30 [INF] Microsoft.EntityFrameworkCore.Database.Command: Executed DbCommand (1ms) [Parameters=[@__p_0='?' (DbType = Int32)], CommandType='"Text"', CommandTimeout='30']
SELECT n."Id", n."CompanyId", n."CreatedAt", n."CreatedBy", n."Error", n."Payload", n."Recipient", n."RetryCount", n."SentAt", n."Status", n."Subject", n."Type", n."UpdatedAt", n."UpdatedBy"
FROM "NotificationQueues" AS n
WHERE n."Type" = 'Email' AND n."SentAt" IS NULL AND n."RetryCount" < 3
LIMIT @__p_0
2026-06-03 21:13:10.631 +05:30 [DBG] Hangfire.Server.ServerHeartbeatProcess: Server antonyraj:30600:0e85fd10 heartbeat successfully sent
2026-06-03 21:13:10.732 +05:30 [INF] Microsoft.EntityFrameworkCore.Database.Command: Executed DbCommand (1ms) [Parameters=[@__p_0='?' (DbType = Int32)], CommandType='"Text"', CommandTimeout='30']
SELECT n."Id", n."CompanyId", n."CreatedAt", n."CreatedBy", n."Error", n."Payload", n."Recipient", n."RetryCount", n."SentAt", n."Status", n."Subject", n."Type", n."UpdatedAt", n."UpdatedBy"
FROM "NotificationQueues" AS n
WHERE n."Type" = 'WhatsApp' AND n."SentAt" IS NULL AND n."RetryCount" < 3
LIMIT @__p_0
2026-06-03 21:13:10.911 +05:30 [INF] Microsoft.EntityFrameworkCore.Database.Command: Executed DbCommand (1ms) [Parameters=[@__p_0='?' (DbType = Int32)], CommandType='"Text"', CommandTimeout='30']
SELECT n."Id", n."CompanyId", n."CreatedAt", n."CreatedBy", n."Error", n."Payload", n."Recipient", n."RetryCount", n."SentAt", n."Status", n."Subject", n."Type", n."UpdatedAt", n."UpdatedBy"
FROM "NotificationQueues" AS n
WHERE n."Type" = 'Sms' AND n."SentAt" IS NULL AND n."RetryCount" < 3
LIMIT @__p_0
2026-06-03 21:13:30.375 +05:30 [INF] Microsoft.EntityFrameworkCore.Database.Command: Executed DbCommand (1ms) [Parameters=[@__p_0='?' (DbType = Int32)], CommandType='"Text"', CommandTimeout='30']
SELECT n."Id", n."CompanyId", n."CreatedAt", n."CreatedBy", n."Error", n."Payload", n."Recipient", n."RetryCount", n."SentAt", n."Status", n."Subject", n."Type", n."UpdatedAt", n."UpdatedBy"
FROM "NotificationQueues" AS n
WHERE n."Type" = 'Email' AND n."SentAt" IS NULL AND n."RetryCount" < 3
LIMIT @__p_0
2026-06-03 21:13:40.636 +05:30 [DBG] Hangfire.Server.ServerHeartbeatProcess: Server antonyraj:30600:0e85fd10 heartbeat successfully sent
2026-06-03 21:13:40.739 +05:30 [INF] Microsoft.EntityFrameworkCore.Database.Command: Executed DbCommand (1ms) [Parameters=[@__p_0='?' (DbType = Int32)], CommandType='"Text"', CommandTimeout='30']
SELECT n."Id", n."CompanyId", n."CreatedAt", n."CreatedBy", n."Error", n."Payload", n."Recipient", n."RetryCount", n."SentAt", n."Status", n."Subject", n."Type", n."UpdatedAt", n."UpdatedBy"
FROM "NotificationQueues" AS n
WHERE n."Type" = 'WhatsApp' AND n."SentAt" IS NULL AND n."RetryCount" < 3
LIMIT @__p_0
2026-06-03 21:13:40.930 +05:30 [INF] Microsoft.EntityFrameworkCore.Database.Command: Executed DbCommand (1ms) [Parameters=[@__p_0='?' (DbType = Int32)], CommandType='"Text"', CommandTimeout='30']
SELECT n."Id", n."CompanyId", n."CreatedAt", n."CreatedBy", n."Error", n."Payload", n."Recipient", n."RetryCount", n."SentAt", n."Status", n."Subject", n."Type", n."UpdatedAt", n."UpdatedBy"
FROM "NotificationQueues" AS n
WHERE n."Type" = 'Sms' AND n."SentAt" IS NULL AND n."RetryCount" < 3
LIMIT @__p_0
2026-06-03 21:14:00.382 +05:30 [INF] Microsoft.EntityFrameworkCore.Database.Command: Executed DbCommand (1ms) [Parameters=[@__p_0='?' (DbType = Int32)], CommandType='"Text"', CommandTimeout='30']
SELECT n."Id", n."CompanyId", n."CreatedAt", n."CreatedBy", n."Error", n."Payload", n."Recipient", n."RetryCount", n."SentAt", n."Status", n."Subject", n."Type", n."UpdatedAt", n."UpdatedBy"
FROM "NotificationQueues" AS n
WHERE n."Type" = 'Email' AND n."SentAt" IS NULL AND n."RetryCount" < 3
LIMIT @__p_0
2026-06-03 21:14:10.644 +05:30 [DBG] Hangfire.Server.ServerHeartbeatProcess: Server antonyraj:30600:0e85fd10 heartbeat successfully sent
2026-06-03 21:14:10.744 +05:30 [INF] Microsoft.EntityFrameworkCore.Database.Command: Executed DbCommand (1ms) [Parameters=[@__p_0='?' (DbType = Int32)], CommandType='"Text"', CommandTimeout='30']
SELECT n."Id", n."CompanyId", n."CreatedAt", n."CreatedBy", n."Error", n."Payload", n."Recipient", n."RetryCount", n."SentAt", n."Status", n."Subject", n."Type", n."UpdatedAt", n."UpdatedBy"
FROM "NotificationQueues" AS n
WHERE n."Type" = 'WhatsApp' AND n."SentAt" IS NULL AND n."RetryCount" < 3
LIMIT @__p_0
2026-06-03 21:14:10.948 +05:30 [INF] Microsoft.EntityFrameworkCore.Database.Command: Executed DbCommand (1ms) [Parameters=[@__p_0='?' (DbType = Int32)], CommandType='"Text"', CommandTimeout='30']
SELECT n."Id", n."CompanyId", n."CreatedAt", n."CreatedBy", n."Error", n."Payload", n."Recipient", n."RetryCount", n."SentAt", n."Status", n."Subject", n."Type", n."UpdatedAt", n."UpdatedBy"
FROM "NotificationQueues" AS n
WHERE n."Type" = 'Sms' AND n."SentAt" IS NULL AND n."RetryCount" < 3
LIMIT @__p_0
2026-06-03 21:14:30.413 +05:30 [INF] Microsoft.EntityFrameworkCore.Database.Command: Executed DbCommand (1ms) [Parameters=[@__p_0='?' (DbType = Int32)], CommandType='"Text"', CommandTimeout='30']
SELECT n."Id", n."CompanyId", n."CreatedAt", n."CreatedBy", n."Error", n."Payload", n."Recipient", n."RetryCount", n."SentAt", n."Status", n."Subject", n."Type", n."UpdatedAt", n."UpdatedBy"
FROM "NotificationQueues" AS n
WHERE n."Type" = 'Email' AND n."SentAt" IS NULL AND n."RetryCount" < 3
LIMIT @__p_0
2026-06-03 21:14:40.676 +05:30 [DBG] Hangfire.Server.ServerHeartbeatProcess: Server antonyraj:30600:0e85fd10 heartbeat successfully sent
2026-06-03 21:14:40.762 +05:30 [INF] Microsoft.EntityFrameworkCore.Database.Command: Executed DbCommand (2ms) [Parameters=[@__p_0='?' (DbType = Int32)], CommandType='"Text"', CommandTimeout='30']
SELECT n."Id", n."CompanyId", n."CreatedAt", n."CreatedBy", n."Error", n."Payload", n."Recipient", n."RetryCount", n."SentAt", n."Status", n."Subject", n."Type", n."UpdatedAt", n."UpdatedBy"
FROM "NotificationQueues" AS n
WHERE n."Type" = 'WhatsApp' AND n."SentAt" IS NULL AND n."RetryCount" < 3
LIMIT @__p_0
2026-06-03 21:14:40.982 +05:30 [INF] Microsoft.EntityFrameworkCore.Database.Command: Executed DbCommand (1ms) [Parameters=[@__p_0='?' (DbType = Int32)], CommandType='"Text"', CommandTimeout='30']
SELECT n."Id", n."CompanyId", n."CreatedAt", n."CreatedBy", n."Error", n."Payload", n."Recipient", n."RetryCount", n."SentAt", n."Status", n."Subject", n."Type", n."UpdatedAt", n."UpdatedBy"
FROM "NotificationQueues" AS n
WHERE n."Type" = 'Sms' AND n."SentAt" IS NULL AND n."RetryCount" < 3
LIMIT @__p_0
2026-06-03 21:15:00.436 +05:30 [INF] Microsoft.EntityFrameworkCore.Database.Command: Executed DbCommand (18ms) [Parameters=[@__p_0='?' (DbType = Int32)], CommandType='"Text"', CommandTimeout='30']
SELECT n."Id", n."CompanyId", n."CreatedAt", n."CreatedBy", n."Error", n."Payload", n."Recipient", n."RetryCount", n."SentAt", n."Status", n."Subject", n."Type", n."UpdatedAt", n."UpdatedBy"
FROM "NotificationQueues" AS n
WHERE n."Type" = 'Email' AND n."SentAt" IS NULL AND n."RetryCount" < 3
LIMIT @__p_0
2026-06-03 21:15:09.315 +05:30 [DBG] Hangfire.PostgreSql.CountersAggregator: Aggregating records in 'Counter' table...
2026-06-03 21:15:10.706 +05:30 [DBG] Hangfire.Server.ServerHeartbeatProcess: Server antonyraj:30600:0e85fd10 heartbeat successfully sent
2026-06-03 21:15:10.786 +05:30 [INF] Microsoft.EntityFrameworkCore.Database.Command: Executed DbCommand (3ms) [Parameters=[@__p_0='?' (DbType = Int32)], CommandType='"Text"', CommandTimeout='30']
SELECT n."Id", n."CompanyId", n."CreatedAt", n."CreatedBy", n."Error", n."Payload", n."Recipient", n."RetryCount", n."SentAt", n."Status", n."Subject", n."Type", n."UpdatedAt", n."UpdatedBy"
FROM "NotificationQueues" AS n
WHERE n."Type" = 'WhatsApp' AND n."SentAt" IS NULL AND n."RetryCount" < 3
LIMIT @__p_0
2026-06-03 21:15:11.000 +05:30 [INF] Microsoft.EntityFrameworkCore.Database.Command: Executed DbCommand (5ms) [Parameters=[@__p_0='?' (DbType = Int32)], CommandType='"Text"', CommandTimeout='30']
SELECT n."Id", n."CompanyId", n."CreatedAt", n."CreatedBy", n."Error", n."Payload", n."Recipient", n."RetryCount", n."SentAt", n."Status", n."Subject", n."Type", n."UpdatedAt", n."UpdatedBy"
FROM "NotificationQueues" AS n
WHERE n."Type" = 'Sms' AND n."SentAt" IS NULL AND n."RetryCount" < 3
LIMIT @__p_0
2026-06-03 21:15:30.452 +05:30 [INF] Microsoft.EntityFrameworkCore.Database.Command: Executed DbCommand (1ms) [Parameters=[@__p_0='?' (DbType = Int32)], CommandType='"Text"', CommandTimeout='30']
SELECT n."Id", n."CompanyId", n."CreatedAt", n."CreatedBy", n."Error", n."Payload", n."Recipient", n."RetryCount", n."SentAt", n."Status", n."Subject", n."Type", n."UpdatedAt", n."UpdatedBy"
FROM "NotificationQueues" AS n
WHERE n."Type" = 'Email' AND n."SentAt" IS NULL AND n."RetryCount" < 3
LIMIT @__p_0
2026-06-03 21:15:40.726 +05:30 [DBG] Hangfire.Server.ServerHeartbeatProcess: Server antonyraj:30600:0e85fd10 heartbeat successfully sent
2026-06-03 21:15:40.797 +05:30 [INF] Microsoft.EntityFrameworkCore.Database.Command: Executed DbCommand (1ms) [Parameters=[@__p_0='?' (DbType = Int32)], CommandType='"Text"', CommandTimeout='30']
SELECT n."Id", n."CompanyId", n."CreatedAt", n."CreatedBy", n."Error", n."Payload", n."Recipient", n."RetryCount", n."SentAt", n."Status", n."Subject", n."Type", n."UpdatedAt", n."UpdatedBy"
FROM "NotificationQueues" AS n
WHERE n."Type" = 'WhatsApp' AND n."SentAt" IS NULL AND n."RetryCount" < 3
LIMIT @__p_0
2026-06-03 21:15:41.017 +05:30 [INF] Microsoft.EntityFrameworkCore.Database.Command: Executed DbCommand (3ms) [Parameters=[@__p_0='?' (DbType = Int32)], CommandType='"Text"', CommandTimeout='30']
SELECT n."Id", n."CompanyId", n."CreatedAt", n."CreatedBy", n."Error", n."Payload", n."Recipient", n."RetryCount", n."SentAt", n."Status", n."Subject", n."Type", n."UpdatedAt", n."UpdatedBy"
FROM "NotificationQueues" AS n
WHERE n."Type" = 'Sms' AND n."SentAt" IS NULL AND n."RetryCount" < 3
LIMIT @__p_0
2026-06-03 21:16:00.464 +05:30 [INF] Microsoft.EntityFrameworkCore.Database.Command: Executed DbCommand (1ms) [Parameters=[@__p_0='?' (DbType = Int32)], CommandType='"Text"', CommandTimeout='30']
SELECT n."Id", n."CompanyId", n."CreatedAt", n."CreatedBy", n."Error", n."Payload", n."Recipient", n."RetryCount", n."SentAt", n."Status", n."Subject", n."Type", n."UpdatedAt", n."UpdatedBy"
FROM "NotificationQueues" AS n
WHERE n."Type" = 'Email' AND n."SentAt" IS NULL AND n."RetryCount" < 3
LIMIT @__p_0
2026-06-03 21:16:10.761 +05:30 [DBG] Hangfire.Server.ServerHeartbeatProcess: Server antonyraj:30600:0e85fd10 heartbeat successfully sent
2026-06-03 21:16:10.818 +05:30 [INF] Microsoft.EntityFrameworkCore.Database.Command: Executed DbCommand (1ms) [Parameters=[@__p_0='?' (DbType = Int32)], CommandType='"Text"', CommandTimeout='30']
SELECT n."Id", n."CompanyId", n."CreatedAt", n."CreatedBy", n."Error", n."Payload", n."Recipient", n."RetryCount", n."SentAt", n."Status", n."Subject", n."Type", n."UpdatedAt", n."UpdatedBy"
FROM "NotificationQueues" AS n
WHERE n."Type" = 'WhatsApp' AND n."SentAt" IS NULL AND n."RetryCount" < 3
LIMIT @__p_0
2026-06-03 21:16:11.035 +05:30 [INF] Microsoft.EntityFrameworkCore.Database.Command: Executed DbCommand (2ms) [Parameters=[@__p_0='?' (DbType = Int32)], CommandType='"Text"', CommandTimeout='30']
SELECT n."Id", n."CompanyId", n."CreatedAt", n."CreatedBy", n."Error", n."Payload", n."Recipient", n."RetryCount", n."SentAt", n."Status", n."Subject", n."Type", n."UpdatedAt", n."UpdatedBy"
FROM "NotificationQueues" AS n
WHERE n."Type" = 'Sms' AND n."SentAt" IS NULL AND n."RetryCount" < 3
LIMIT @__p_0
2026-06-03 21:16:30.486 +05:30 [INF] Microsoft.EntityFrameworkCore.Database.Command: Executed DbCommand (1ms) [Parameters=[@__p_0='?' (DbType = Int32)], CommandType='"Text"', CommandTimeout='30']
SELECT n."Id", n."CompanyId", n."CreatedAt", n."CreatedBy", n."Error", n."Payload", n."Recipient", n."RetryCount", n."SentAt", n."Status", n."Subject", n."Type", n."UpdatedAt", n."UpdatedBy"
FROM "NotificationQueues" AS n
WHERE n."Type" = 'Email' AND n."SentAt" IS NULL AND n."RetryCount" < 3
LIMIT @__p_0
2026-06-03 21:16:40.792 +05:30 [DBG] Hangfire.Server.ServerHeartbeatProcess: Server antonyraj:30600:0e85fd10 heartbeat successfully sent
2026-06-03 21:16:40.838 +05:30 [INF] Microsoft.EntityFrameworkCore.Database.Command: Executed DbCommand (1ms) [Parameters=[@__p_0='?' (DbType = Int32)], CommandType='"Text"', CommandTimeout='30']
SELECT n."Id", n."CompanyId", n."CreatedAt", n."CreatedBy", n."Error", n."Payload", n."Recipient", n."RetryCount", n."SentAt", n."Status", n."Subject", n."Type", n."UpdatedAt", n."UpdatedBy"
FROM "NotificationQueues" AS n
WHERE n."Type" = 'WhatsApp' AND n."SentAt" IS NULL AND n."RetryCount" < 3
LIMIT @__p_0
2026-06-03 21:16:41.064 +05:30 [INF] Microsoft.EntityFrameworkCore.Database.Command: Executed DbCommand (17ms) [Parameters=[@__p_0='?' (DbType = Int32)], CommandType='"Text"', CommandTimeout='30']
SELECT n."Id", n."CompanyId", n."CreatedAt", n."CreatedBy", n."Error", n."Payload", n."Recipient", n."RetryCount", n."SentAt", n."Status", n."Subject", n."Type", n."UpdatedAt", n."UpdatedBy"
FROM "NotificationQueues" AS n
WHERE n."Type" = 'Sms' AND n."SentAt" IS NULL AND n."RetryCount" < 3
LIMIT @__p_0
2026-06-03 21:17:00.506 +05:30 [INF] Microsoft.EntityFrameworkCore.Database.Command: Executed DbCommand (1ms) [Parameters=[@__p_0='?' (DbType = Int32)], CommandType='"Text"', CommandTimeout='30']
SELECT n."Id", n."CompanyId", n."CreatedAt", n."CreatedBy", n."Error", n."Payload", n."Recipient", n."RetryCount", n."SentAt", n."Status", n."Subject", n."Type", n."UpdatedAt", n."UpdatedBy"
FROM "NotificationQueues" AS n
WHERE n."Type" = 'Email' AND n."SentAt" IS NULL AND n."RetryCount" < 3
LIMIT @__p_0
2026-06-03 21:17:10.807 +05:30 [DBG] Hangfire.Server.ServerHeartbeatProcess: Server antonyraj:30600:0e85fd10 heartbeat successfully sent
2026-06-03 21:17:10.851 +05:30 [INF] Microsoft.EntityFrameworkCore.Database.Command: Executed DbCommand (1ms) [Parameters=[@__p_0='?' (DbType = Int32)], CommandType='"Text"', CommandTimeout='30']
SELECT n."Id", n."CompanyId", n."CreatedAt", n."CreatedBy", n."Error", n."Payload", n."Recipient", n."RetryCount", n."SentAt", n."Status", n."Subject", n."Type", n."UpdatedAt", n."UpdatedBy"
FROM "NotificationQueues" AS n
WHERE n."Type" = 'WhatsApp' AND n."SentAt" IS NULL AND n."RetryCount" < 3
LIMIT @__p_0
2026-06-03 21:17:11.075 +05:30 [INF] Microsoft.EntityFrameworkCore.Database.Command: Executed DbCommand (1ms) [Parameters=[@__p_0='?' (DbType = Int32)], CommandType='"Text"', CommandTimeout='30']
SELECT n."Id", n."CompanyId", n."CreatedAt", n."CreatedBy", n."Error", n."Payload", n."Recipient", n."RetryCount", n."SentAt", n."Status", n."Subject", n."Type", n."UpdatedAt", n."UpdatedBy"
FROM "NotificationQueues" AS n
WHERE n."Type" = 'Sms' AND n."SentAt" IS NULL AND n."RetryCount" < 3
LIMIT @__p_0
2026-06-03 21:17:30.537 +05:30 [INF] Microsoft.EntityFrameworkCore.Database.Command: Executed DbCommand (2ms) [Parameters=[@__p_0='?' (DbType = Int32)], CommandType='"Text"', CommandTimeout='30']
SELECT n."Id", n."CompanyId", n."CreatedAt", n."CreatedBy", n."Error", n."Payload", n."Recipient", n."RetryCount", n."SentAt", n."Status", n."Subject", n."Type", n."UpdatedAt", n."UpdatedBy"
FROM "NotificationQueues" AS n
WHERE n."Type" = 'Email' AND n."SentAt" IS NULL AND n."RetryCount" < 3
LIMIT @__p_0
2026-06-03 21:17:40.833 +05:30 [DBG] Hangfire.Server.ServerHeartbeatProcess: Server antonyraj:30600:0e85fd10 heartbeat successfully sent
2026-06-03 21:17:40.865 +05:30 [INF] Microsoft.EntityFrameworkCore.Database.Command: Executed DbCommand (1ms) [Parameters=[@__p_0='?' (DbType = Int32)], CommandType='"Text"', CommandTimeout='30']
SELECT n."Id", n."CompanyId", n."CreatedAt", n."CreatedBy", n."Error", n."Payload", n."Recipient", n."RetryCount", n."SentAt", n."Status", n."Subject", n."Type", n."UpdatedAt", n."UpdatedBy"
FROM "NotificationQueues" AS n
WHERE n."Type" = 'WhatsApp' AND n."SentAt" IS NULL AND n."RetryCount" < 3
LIMIT @__p_0
2026-06-03 21:17:41.091 +05:30 [INF] Microsoft.EntityFrameworkCore.Database.Command: Executed DbCommand (1ms) [Parameters=[@__p_0='?' (DbType = Int32)], CommandType='"Text"', CommandTimeout='30']
SELECT n."Id", n."CompanyId", n."CreatedAt", n."CreatedBy", n."Error", n."Payload", n."Recipient", n."RetryCount", n."SentAt", n."Status", n."Subject", n."Type", n."UpdatedAt", n."UpdatedBy"
FROM "NotificationQueues" AS n
WHERE n."Type" = 'Sms' AND n."SentAt" IS NULL AND n."RetryCount" < 3
LIMIT @__p_0
2026-06-03 21:18:00.546 +05:30 [INF] Microsoft.EntityFrameworkCore.Database.Command: Executed DbCommand (1ms) [Parameters=[@__p_0='?' (DbType = Int32)], CommandType='"Text"', CommandTimeout='30']
SELECT n."Id", n."CompanyId", n."CreatedAt", n."CreatedBy", n."Error", n."Payload", n."Recipient", n."RetryCount", n."SentAt", n."Status", n."Subject", n."Type", n."UpdatedAt", n."UpdatedBy"
FROM "NotificationQueues" AS n
WHERE n."Type" = 'Email' AND n."SentAt" IS NULL AND n."RetryCount" < 3
LIMIT @__p_0
2026-06-03 21:18:10.850 +05:30 [DBG] Hangfire.Server.ServerHeartbeatProcess: Server antonyraj:30600:0e85fd10 heartbeat successfully sent
2026-06-03 21:18:10.880 +05:30 [INF] Microsoft.EntityFrameworkCore.Database.Command: Executed DbCommand (1ms) [Parameters=[@__p_0='?' (DbType = Int32)], CommandType='"Text"', CommandTimeout='30']
SELECT n."Id", n."CompanyId", n."CreatedAt", n."CreatedBy", n."Error", n."Payload", n."Recipient", n."RetryCount", n."SentAt", n."Status", n."Subject", n."Type", n."UpdatedAt", n."UpdatedBy"
FROM "NotificationQueues" AS n
WHERE n."Type" = 'WhatsApp' AND n."SentAt" IS NULL AND n."RetryCount" < 3
LIMIT @__p_0
2026-06-03 21:18:11.110 +05:30 [INF] Microsoft.EntityFrameworkCore.Database.Command: Executed DbCommand (1ms) [Parameters=[@__p_0='?' (DbType = Int32)], CommandType='"Text"', CommandTimeout='30']
SELECT n."Id", n."CompanyId", n."CreatedAt", n."CreatedBy", n."Error", n."Payload", n."Recipient", n."RetryCount", n."SentAt", n."Status", n."Subject", n."Type", n."UpdatedAt", n."UpdatedBy"
FROM "NotificationQueues" AS n
WHERE n."Type" = 'Sms' AND n."SentAt" IS NULL AND n."RetryCount" < 3
LIMIT @__p_0
2026-06-03 21:18:30.558 +05:30 [INF] Microsoft.EntityFrameworkCore.Database.Command: Executed DbCommand (1ms) [Parameters=[@__p_0='?' (DbType = Int32)], CommandType='"Text"', CommandTimeout='30']
SELECT n."Id", n."CompanyId", n."CreatedAt", n."CreatedBy", n."Error", n."Payload", n."Recipient", n."RetryCount", n."SentAt", n."Status", n."Subject", n."Type", n."UpdatedAt", n."UpdatedBy"
FROM "NotificationQueues" AS n
WHERE n."Type" = 'Email' AND n."SentAt" IS NULL AND n."RetryCount" < 3
LIMIT @__p_0
2026-06-03 21:18:40.874 +05:30 [DBG] Hangfire.Server.ServerHeartbeatProcess: Server antonyraj:30600:0e85fd10 heartbeat successfully sent
2026-06-03 21:18:40.894 +05:30 [INF] Microsoft.EntityFrameworkCore.Database.Command: Executed DbCommand (2ms) [Parameters=[@__p_0='?' (DbType = Int32)], CommandType='"Text"', CommandTimeout='30']
SELECT n."Id", n."CompanyId", n."CreatedAt", n."CreatedBy", n."Error", n."Payload", n."Recipient", n."RetryCount", n."SentAt", n."Status", n."Subject", n."Type", n."UpdatedAt", n."UpdatedBy"
FROM "NotificationQueues" AS n
WHERE n."Type" = 'WhatsApp' AND n."SentAt" IS NULL AND n."RetryCount" < 3
LIMIT @__p_0
2026-06-03 21:18:41.124 +05:30 [INF] Microsoft.EntityFrameworkCore.Database.Command: Executed DbCommand (2ms) [Parameters=[@__p_0='?' (DbType = Int32)], CommandType='"Text"', CommandTimeout='30']
SELECT n."Id", n."CompanyId", n."CreatedAt", n."CreatedBy", n."Error", n."Payload", n."Recipient", n."RetryCount", n."SentAt", n."Status", n."Subject", n."Type", n."UpdatedAt", n."UpdatedBy"
FROM "NotificationQueues" AS n
WHERE n."Type" = 'Sms' AND n."SentAt" IS NULL AND n."RetryCount" < 3
LIMIT @__p_0
2026-06-03 21:19:00.574 +05:30 [INF] Microsoft.EntityFrameworkCore.Database.Command: Executed DbCommand (1ms) [Parameters=[@__p_0='?' (DbType = Int32)], CommandType='"Text"', CommandTimeout='30']
SELECT n."Id", n."CompanyId", n."CreatedAt", n."CreatedBy", n."Error", n."Payload", n."Recipient", n."RetryCount", n."SentAt", n."Status", n."Subject", n."Type", n."UpdatedAt", n."UpdatedBy"
FROM "NotificationQueues" AS n
WHERE n."Type" = 'Email' AND n."SentAt" IS NULL AND n."RetryCount" < 3
LIMIT @__p_0
2026-06-03 21:19:10.896 +05:30 [DBG] Hangfire.Server.ServerHeartbeatProcess: Server antonyraj:30600:0e85fd10 heartbeat successfully sent
2026-06-03 21:19:10.915 +05:30 [INF] Microsoft.EntityFrameworkCore.Database.Command: Executed DbCommand (1ms) [Parameters=[@__p_0='?' (DbType = Int32)], CommandType='"Text"', CommandTimeout='30']
SELECT n."Id", n."CompanyId", n."CreatedAt", n."CreatedBy", n."Error", n."Payload", n."Recipient", n."RetryCount", n."SentAt", n."Status", n."Subject", n."Type", n."UpdatedAt", n."UpdatedBy"
FROM "NotificationQueues" AS n
WHERE n."Type" = 'WhatsApp' AND n."SentAt" IS NULL AND n."RetryCount" < 3
LIMIT @__p_0
2026-06-03 21:19:11.134 +05:30 [INF] Microsoft.EntityFrameworkCore.Database.Command: Executed DbCommand (1ms) [Parameters=[@__p_0='?' (DbType = Int32)], CommandType='"Text"', CommandTimeout='30']
SELECT n."Id", n."CompanyId", n."CreatedAt", n."CreatedBy", n."Error", n."Payload", n."Recipient", n."RetryCount", n."SentAt", n."Status", n."Subject", n."Type", n."UpdatedAt", n."UpdatedBy"
FROM "NotificationQueues" AS n
WHERE n."Type" = 'Sms' AND n."SentAt" IS NULL AND n."RetryCount" < 3
LIMIT @__p_0
2026-06-03 21:19:30.606 +05:30 [INF] Microsoft.EntityFrameworkCore.Database.Command: Executed DbCommand (2ms) [Parameters=[@__p_0='?' (DbType = Int32)], CommandType='"Text"', CommandTimeout='30']
SELECT n."Id", n."CompanyId", n."CreatedAt", n."CreatedBy", n."Error", n."Payload", n."Recipient", n."RetryCount", n."SentAt", n."Status", n."Subject", n."Type", n."UpdatedAt", n."UpdatedBy"
FROM "NotificationQueues" AS n
WHERE n."Type" = 'Email' AND n."SentAt" IS NULL AND n."RetryCount" < 3
LIMIT @__p_0
2026-06-03 21:19:40.920 +05:30 [INF] Microsoft.EntityFrameworkCore.Database.Command: Executed DbCommand (1ms) [Parameters=[@__p_0='?' (DbType = Int32)], CommandType='"Text"', CommandTimeout='30']
SELECT n."Id", n."CompanyId", n."CreatedAt", n."CreatedBy", n."Error", n."Payload", n."Recipient", n."RetryCount", n."SentAt", n."Status", n."Subject", n."Type", n."UpdatedAt", n."UpdatedBy"
FROM "NotificationQueues" AS n
WHERE n."Type" = 'WhatsApp' AND n."SentAt" IS NULL AND n."RetryCount" < 3
LIMIT @__p_0
2026-06-03 21:19:40.921 +05:30 [DBG] Hangfire.Server.ServerHeartbeatProcess: Server antonyraj:30600:0e85fd10 heartbeat successfully sent
2026-06-03 21:19:41.155 +05:30 [INF] Microsoft.EntityFrameworkCore.Database.Command: Executed DbCommand (1ms) [Parameters=[@__p_0='?' (DbType = Int32)], CommandType='"Text"', CommandTimeout='30']
SELECT n."Id", n."CompanyId", n."CreatedAt", n."CreatedBy", n."Error", n."Payload", n."Recipient", n."RetryCount", n."SentAt", n."Status", n."Subject", n."Type", n."UpdatedAt", n."UpdatedBy"
FROM "NotificationQueues" AS n
WHERE n."Type" = 'Sms' AND n."SentAt" IS NULL AND n."RetryCount" < 3
LIMIT @__p_0
2026-06-03 21:20:00.619 +05:30 [INF] Microsoft.EntityFrameworkCore.Database.Command: Executed DbCommand (1ms) [Parameters=[@__p_0='?' (DbType = Int32)], CommandType='"Text"', CommandTimeout='30']
SELECT n."Id", n."CompanyId", n."CreatedAt", n."CreatedBy", n."Error", n."Payload", n."Recipient", n."RetryCount", n."SentAt", n."Status", n."Subject", n."Type", n."UpdatedAt", n."UpdatedBy"
FROM "NotificationQueues" AS n
WHERE n."Type" = 'Email' AND n."SentAt" IS NULL AND n."RetryCount" < 3
LIMIT @__p_0
2026-06-03 21:20:09.327 +05:30 [DBG] Hangfire.PostgreSql.CountersAggregator: Aggregating records in 'Counter' table...
2026-06-03 21:20:10.943 +05:30 [DBG] Hangfire.Server.ServerHeartbeatProcess: Server antonyraj:30600:0e85fd10 heartbeat successfully sent
2026-06-03 21:20:10.950 +05:30 [INF] Microsoft.EntityFrameworkCore.Database.Command: Executed DbCommand (7ms) [Parameters=[@__p_0='?' (DbType = Int32)], CommandType='"Text"', CommandTimeout='30']
SELECT n."Id", n."CompanyId", n."CreatedAt", n."CreatedBy", n."Error", n."Payload", n."Recipient", n."RetryCount", n."SentAt", n."Status", n."Subject", n."Type", n."UpdatedAt", n."UpdatedBy"
FROM "NotificationQueues" AS n
WHERE n."Type" = 'WhatsApp' AND n."SentAt" IS NULL AND n."RetryCount" < 3
LIMIT @__p_0
2026-06-03 21:20:11.175 +05:30 [INF] Microsoft.EntityFrameworkCore.Database.Command: Executed DbCommand (2ms) [Parameters=[@__p_0='?' (DbType = Int32)], CommandType='"Text"', CommandTimeout='30']
SELECT n."Id", n."CompanyId", n."CreatedAt", n."CreatedBy", n."Error", n."Payload", n."Recipient", n."RetryCount", n."SentAt", n."Status", n."Subject", n."Type", n."UpdatedAt", n."UpdatedBy"
FROM "NotificationQueues" AS n
WHERE n."Type" = 'Sms' AND n."SentAt" IS NULL AND n."RetryCount" < 3
LIMIT @__p_0
2026-06-03 21:20:30.627 +05:30 [INF] Microsoft.EntityFrameworkCore.Database.Command: Executed DbCommand (1ms) [Parameters=[@__p_0='?' (DbType = Int32)], CommandType='"Text"', CommandTimeout='30']
SELECT n."Id", n."CompanyId", n."CreatedAt", n."CreatedBy", n."Error", n."Payload", n."Recipient", n."RetryCount", n."SentAt", n."Status", n."Subject", n."Type", n."UpdatedAt", n."UpdatedBy"
FROM "NotificationQueues" AS n
WHERE n."Type" = 'Email' AND n."SentAt" IS NULL AND n."RetryCount" < 3
LIMIT @__p_0
2026-06-03 21:20:41.012 +05:30 [INF] Microsoft.EntityFrameworkCore.Database.Command: Executed DbCommand (1ms) [Parameters=[@__p_0='?' (DbType = Int32)], CommandType='"Text"', CommandTimeout='30']
SELECT n."Id", n."CompanyId", n."CreatedAt", n."CreatedBy", n."Error", n."Payload", n."Recipient", n."RetryCount", n."SentAt", n."Status", n."Subject", n."Type", n."UpdatedAt", n."UpdatedBy"
FROM "NotificationQueues" AS n
WHERE n."Type" = 'WhatsApp' AND n."SentAt" IS NULL AND n."RetryCount" < 3
LIMIT @__p_0
2026-06-03 21:20:41.014 +05:30 [DBG] Hangfire.Server.ServerHeartbeatProcess: Server antonyraj:30600:0e85fd10 heartbeat successfully sent
2026-06-03 21:20:41.196 +05:30 [INF] Microsoft.EntityFrameworkCore.Database.Command: Executed DbCommand (1ms) [Parameters=[@__p_0='?' (DbType = Int32)], CommandType='"Text"', CommandTimeout='30']
SELECT n."Id", n."CompanyId", n."CreatedAt", n."CreatedBy", n."Error", n."Payload", n."Recipient", n."RetryCount", n."SentAt", n."Status", n."Subject", n."Type", n."UpdatedAt", n."UpdatedBy"
FROM "NotificationQueues" AS n
WHERE n."Type" = 'Sms' AND n."SentAt" IS NULL AND n."RetryCount" < 3
LIMIT @__p_0
2026-06-03 21:21:00.638 +05:30 [INF] Microsoft.EntityFrameworkCore.Database.Command: Executed DbCommand (5ms) [Parameters=[@__p_0='?' (DbType = Int32)], CommandType='"Text"', CommandTimeout='30']
SELECT n."Id", n."CompanyId", n."CreatedAt", n."CreatedBy", n."Error", n."Payload", n."Recipient", n."RetryCount", n."SentAt", n."Status", n."Subject", n."Type", n."UpdatedAt", n."UpdatedBy"
FROM "NotificationQueues" AS n
WHERE n."Type" = 'Email' AND n."SentAt" IS NULL AND n."RetryCount" < 3
LIMIT @__p_0
2026-06-03 21:21:11.019 +05:30 [INF] Microsoft.EntityFrameworkCore.Database.Command: Executed DbCommand (1ms) [Parameters=[@__p_0='?' (DbType = Int32)], CommandType='"Text"', CommandTimeout='30']
SELECT n."Id", n."CompanyId", n."CreatedAt", n."CreatedBy", n."Error", n."Payload", n."Recipient", n."RetryCount", n."SentAt", n."Status", n."Subject", n."Type", n."UpdatedAt", n."UpdatedBy"
FROM "NotificationQueues" AS n
WHERE n."Type" = 'WhatsApp' AND n."SentAt" IS NULL AND n."RetryCount" < 3
LIMIT @__p_0
2026-06-03 21:21:11.037 +05:30 [DBG] Hangfire.Server.ServerHeartbeatProcess: Server antonyraj:30600:0e85fd10 heartbeat successfully sent
2026-06-03 21:21:11.221 +05:30 [INF] Microsoft.EntityFrameworkCore.Database.Command: Executed DbCommand (2ms) [Parameters=[@__p_0='?' (DbType = Int32)], CommandType='"Text"', CommandTimeout='30']
SELECT n."Id", n."CompanyId", n."CreatedAt", n."CreatedBy", n."Error", n."Payload", n."Recipient", n."RetryCount", n."SentAt", n."Status", n."Subject", n."Type", n."UpdatedAt", n."UpdatedBy"
FROM "NotificationQueues" AS n
WHERE n."Type" = 'Sms' AND n."SentAt" IS NULL AND n."RetryCount" < 3
LIMIT @__p_0
2026-06-03 21:21:30.656 +05:30 [INF] Microsoft.EntityFrameworkCore.Database.Command: Executed DbCommand (2ms) [Parameters=[@__p_0='?' (DbType = Int32)], CommandType='"Text"', CommandTimeout='30']
SELECT n."Id", n."CompanyId", n."CreatedAt", n."CreatedBy", n."Error", n."Payload", n."Recipient", n."RetryCount", n."SentAt", n."Status", n."Subject", n."Type", n."UpdatedAt", n."UpdatedBy"
FROM "NotificationQueues" AS n
WHERE n."Type" = 'Email' AND n."SentAt" IS NULL AND n."RetryCount" < 3
LIMIT @__p_0
2026-06-03 21:21:41.033 +05:30 [INF] Microsoft.EntityFrameworkCore.Database.Command: Executed DbCommand (1ms) [Parameters=[@__p_0='?' (DbType = Int32)], CommandType='"Text"', CommandTimeout='30']
SELECT n."Id", n."CompanyId", n."CreatedAt", n."CreatedBy", n."Error", n."Payload", n."Recipient", n."RetryCount", n."SentAt", n."Status", n."Subject", n."Type", n."UpdatedAt", n."UpdatedBy"
FROM "NotificationQueues" AS n
WHERE n."Type" = 'WhatsApp' AND n."SentAt" IS NULL AND n."RetryCount" < 3
LIMIT @__p_0
2026-06-03 21:21:41.058 +05:30 [DBG] Hangfire.Server.ServerHeartbeatProcess: Server antonyraj:30600:0e85fd10 heartbeat successfully sent
2026-06-03 21:21:41.230 +05:30 [INF] Microsoft.EntityFrameworkCore.Database.Command: Executed DbCommand (1ms) [Parameters=[@__p_0='?' (DbType = Int32)], CommandType='"Text"', CommandTimeout='30']
SELECT n."Id", n."CompanyId", n."CreatedAt", n."CreatedBy", n."Error", n."Payload", n."Recipient", n."RetryCount", n."SentAt", n."Status", n."Subject", n."Type", n."UpdatedAt", n."UpdatedBy"
FROM "NotificationQueues" AS n
WHERE n."Type" = 'Sms' AND n."SentAt" IS NULL AND n."RetryCount" < 3
LIMIT @__p_0
2026-06-03 21:22:00.666 +05:30 [INF] Microsoft.EntityFrameworkCore.Database.Command: Executed DbCommand (1ms) [Parameters=[@__p_0='?' (DbType = Int32)], CommandType='"Text"', CommandTimeout='30']
SELECT n."Id", n."CompanyId", n."CreatedAt", n."CreatedBy", n."Error", n."Payload", n."Recipient", n."RetryCount", n."SentAt", n."Status", n."Subject", n."Type", n."UpdatedAt", n."UpdatedBy"
FROM "NotificationQueues" AS n
WHERE n."Type" = 'Email' AND n."SentAt" IS NULL AND n."RetryCount" < 3
LIMIT @__p_0
2026-06-03 21:22:11.045 +05:30 [INF] Microsoft.EntityFrameworkCore.Database.Command: Executed DbCommand (1ms) [Parameters=[@__p_0='?' (DbType = Int32)], CommandType='"Text"', CommandTimeout='30']
SELECT n."Id", n."CompanyId", n."CreatedAt", n."CreatedBy", n."Error", n."Payload", n."Recipient", n."RetryCount", n."SentAt", n."Status", n."Subject", n."Type", n."UpdatedAt", n."UpdatedBy"
FROM "NotificationQueues" AS n
WHERE n."Type" = 'WhatsApp' AND n."SentAt" IS NULL AND n."RetryCount" < 3
LIMIT @__p_0
2026-06-03 21:22:11.077 +05:30 [DBG] Hangfire.Server.ServerHeartbeatProcess: Server antonyraj:30600:0e85fd10 heartbeat successfully sent
2026-06-03 21:22:11.240 +05:30 [INF] Microsoft.EntityFrameworkCore.Database.Command: Executed DbCommand (1ms) [Parameters=[@__p_0='?' (DbType = Int32)], CommandType='"Text"', CommandTimeout='30']
SELECT n."Id", n."CompanyId", n."CreatedAt", n."CreatedBy", n."Error", n."Payload", n."Recipient", n."RetryCount", n."SentAt", n."Status", n."Subject", n."Type", n."UpdatedAt", n."UpdatedBy"
FROM "NotificationQueues" AS n
WHERE n."Type" = 'Sms' AND n."SentAt" IS NULL AND n."RetryCount" < 3
LIMIT @__p_0
2026-06-03 21:22:30.691 +05:30 [INF] Microsoft.EntityFrameworkCore.Database.Command: Executed DbCommand (1ms) [Parameters=[@__p_0='?' (DbType = Int32)], CommandType='"Text"', CommandTimeout='30']
SELECT n."Id", n."CompanyId", n."CreatedAt", n."CreatedBy", n."Error", n."Payload", n."Recipient", n."RetryCount", n."SentAt", n."Status", n."Subject", n."Type", n."UpdatedAt", n."UpdatedBy"
FROM "NotificationQueues" AS n
WHERE n."Type" = 'Email' AND n."SentAt" IS NULL AND n."RetryCount" < 3
LIMIT @__p_0
2026-06-03 21:22:41.055 +05:30 [INF] Microsoft.EntityFrameworkCore.Database.Command: Executed DbCommand (1ms) [Parameters=[@__p_0='?' (DbType = Int32)], CommandType='"Text"', CommandTimeout='30']
SELECT n."Id", n."CompanyId", n."CreatedAt", n."CreatedBy", n."Error", n."Payload", n."Recipient", n."RetryCount", n."SentAt", n."Status", n."Subject", n."Type", n."UpdatedAt", n."UpdatedBy"
FROM "NotificationQueues" AS n
WHERE n."Type" = 'WhatsApp' AND n."SentAt" IS NULL AND n."RetryCount" < 3
LIMIT @__p_0
2026-06-03 21:22:41.078 +05:30 [DBG] Hangfire.Server.ServerHeartbeatProcess: Server antonyraj:30600:0e85fd10 heartbeat successfully sent
2026-06-03 21:22:41.250 +05:30 [INF] Microsoft.EntityFrameworkCore.Database.Command: Executed DbCommand (1ms) [Parameters=[@__p_0='?' (DbType = Int32)], CommandType='"Text"', CommandTimeout='30']
SELECT n."Id", n."CompanyId", n."CreatedAt", n."CreatedBy", n."Error", n."Payload", n."Recipient", n."RetryCount", n."SentAt", n."Status", n."Subject", n."Type", n."UpdatedAt", n."UpdatedBy"
FROM "NotificationQueues" AS n
WHERE n."Type" = 'Sms' AND n."SentAt" IS NULL AND n."RetryCount" < 3
LIMIT @__p_0
2026-06-03 21:23:00.724 +05:30 [INF] Microsoft.EntityFrameworkCore.Database.Command: Executed DbCommand (2ms) [Parameters=[@__p_0='?' (DbType = Int32)], CommandType='"Text"', CommandTimeout='30']
SELECT n."Id", n."CompanyId", n."CreatedAt", n."CreatedBy", n."Error", n."Payload", n."Recipient", n."RetryCount", n."SentAt", n."Status", n."Subject", n."Type", n."UpdatedAt", n."UpdatedBy"
FROM "NotificationQueues" AS n
WHERE n."Type" = 'Email' AND n."SentAt" IS NULL AND n."RetryCount" < 3
LIMIT @__p_0
2026-06-03 21:23:11.077 +05:30 [INF] Microsoft.EntityFrameworkCore.Database.Command: Executed DbCommand (1ms) [Parameters=[@__p_0='?' (DbType = Int32)], CommandType='"Text"', CommandTimeout='30']
SELECT n."Id", n."CompanyId", n."CreatedAt", n."CreatedBy", n."Error", n."Payload", n."Recipient", n."RetryCount", n."SentAt", n."Status", n."Subject", n."Type", n."UpdatedAt", n."UpdatedBy"
FROM "NotificationQueues" AS n
WHERE n."Type" = 'WhatsApp' AND n."SentAt" IS NULL AND n."RetryCount" < 3
LIMIT @__p_0
2026-06-03 21:23:11.100 +05:30 [DBG] Hangfire.Server.ServerHeartbeatProcess: Server antonyraj:30600:0e85fd10 heartbeat successfully sent
2026-06-03 21:23:11.264 +05:30 [INF] Microsoft.EntityFrameworkCore.Database.Command: Executed DbCommand (1ms) [Parameters=[@__p_0='?' (DbType = Int32)], CommandType='"Text"', CommandTimeout='30']
SELECT n."Id", n."CompanyId", n."CreatedAt", n."CreatedBy", n."Error", n."Payload", n."Recipient", n."RetryCount", n."SentAt", n."Status", n."Subject", n."Type", n."UpdatedAt", n."UpdatedBy"
FROM "NotificationQueues" AS n
WHERE n."Type" = 'Sms' AND n."SentAt" IS NULL AND n."RetryCount" < 3
LIMIT @__p_0
2026-06-03 21:23:30.739 +05:30 [INF] Microsoft.EntityFrameworkCore.Database.Command: Executed DbCommand (1ms) [Parameters=[@__p_0='?' (DbType = Int32)], CommandType='"Text"', CommandTimeout='30']
SELECT n."Id", n."CompanyId", n."CreatedAt", n."CreatedBy", n."Error", n."Payload", n."Recipient", n."RetryCount", n."SentAt", n."Status", n."Subject", n."Type", n."UpdatedAt", n."UpdatedBy"
FROM "NotificationQueues" AS n
WHERE n."Type" = 'Email' AND n."SentAt" IS NULL AND n."RetryCount" < 3
LIMIT @__p_0
2026-06-03 21:23:41.087 +05:30 [INF] Microsoft.EntityFrameworkCore.Database.Command: Executed DbCommand (2ms) [Parameters=[@__p_0='?' (DbType = Int32)], CommandType='"Text"', CommandTimeout='30']
SELECT n."Id", n."CompanyId", n."CreatedAt", n."CreatedBy", n."Error", n."Payload", n."Recipient", n."RetryCount", n."SentAt", n."Status", n."Subject", n."Type", n."UpdatedAt", n."UpdatedBy"
FROM "NotificationQueues" AS n
WHERE n."Type" = 'WhatsApp' AND n."SentAt" IS NULL AND n."RetryCount" < 3
LIMIT @__p_0
2026-06-03 21:23:41.111 +05:30 [DBG] Hangfire.Server.ServerHeartbeatProcess: Server antonyraj:30600:0e85fd10 heartbeat successfully sent
2026-06-03 21:23:41.278 +05:30 [INF] Microsoft.EntityFrameworkCore.Database.Command: Executed DbCommand (2ms) [Parameters=[@__p_0='?' (DbType = Int32)], CommandType='"Text"', CommandTimeout='30']
SELECT n."Id", n."CompanyId", n."CreatedAt", n."CreatedBy", n."Error", n."Payload", n."Recipient", n."RetryCount", n."SentAt", n."Status", n."Subject", n."Type", n."UpdatedAt", n."UpdatedBy"
FROM "NotificationQueues" AS n
WHERE n."Type" = 'Sms' AND n."SentAt" IS NULL AND n."RetryCount" < 3
LIMIT @__p_0
2026-06-03 21:24:00.748 +05:30 [INF] Microsoft.EntityFrameworkCore.Database.Command: Executed DbCommand (1ms) [Parameters=[@__p_0='?' (DbType = Int32)], CommandType='"Text"', CommandTimeout='30']
SELECT n."Id", n."CompanyId", n."CreatedAt", n."CreatedBy", n."Error", n."Payload", n."Recipient", n."RetryCount", n."SentAt", n."Status", n."Subject", n."Type", n."UpdatedAt", n."UpdatedBy"
FROM "NotificationQueues" AS n
WHERE n."Type" = 'Email' AND n."SentAt" IS NULL AND n."RetryCount" < 3
LIMIT @__p_0
2026-06-03 21:24:11.118 +05:30 [DBG] Hangfire.Server.ServerHeartbeatProcess: Server antonyraj:30600:0e85fd10 heartbeat successfully sent
2026-06-03 21:24:11.122 +05:30 [INF] Microsoft.EntityFrameworkCore.Database.Command: Executed DbCommand (3ms) [Parameters=[@__p_0='?' (DbType = Int32)], CommandType='"Text"', CommandTimeout='30']
SELECT n."Id", n."CompanyId", n."CreatedAt", n."CreatedBy", n."Error", n."Payload", n."Recipient", n."RetryCount", n."SentAt", n."Status", n."Subject", n."Type", n."UpdatedAt", n."UpdatedBy"
FROM "NotificationQueues" AS n
WHERE n."Type" = 'WhatsApp' AND n."SentAt" IS NULL AND n."RetryCount" < 3
LIMIT @__p_0
2026-06-03 21:24:11.287 +05:30 [INF] Microsoft.EntityFrameworkCore.Database.Command: Executed DbCommand (1ms) [Parameters=[@__p_0='?' (DbType = Int32)], CommandType='"Text"', CommandTimeout='30']
SELECT n."Id", n."CompanyId", n."CreatedAt", n."CreatedBy", n."Error", n."Payload", n."Recipient", n."RetryCount", n."SentAt", n."Status", n."Subject", n."Type", n."UpdatedAt", n."UpdatedBy"
FROM "NotificationQueues" AS n
WHERE n."Type" = 'Sms' AND n."SentAt" IS NULL AND n."RetryCount" < 3
LIMIT @__p_0
2026-06-03 21:24:30.755 +05:30 [INF] Microsoft.EntityFrameworkCore.Database.Command: Executed DbCommand (1ms) [Parameters=[@__p_0='?' (DbType = Int32)], CommandType='"Text"', CommandTimeout='30']
SELECT n."Id", n."CompanyId", n."CreatedAt", n."CreatedBy", n."Error", n."Payload", n."Recipient", n."RetryCount", n."SentAt", n."Status", n."Subject", n."Type", n."UpdatedAt", n."UpdatedBy"
FROM "NotificationQueues" AS n
WHERE n."Type" = 'Email' AND n."SentAt" IS NULL AND n."RetryCount" < 3
LIMIT @__p_0
2026-06-03 21:24:41.152 +05:30 [DBG] Hangfire.Server.ServerHeartbeatProcess: Server antonyraj:30600:0e85fd10 heartbeat successfully sent
2026-06-03 21:24:41.157 +05:30 [INF] Microsoft.EntityFrameworkCore.Database.Command: Executed DbCommand (2ms) [Parameters=[@__p_0='?' (DbType = Int32)], CommandType='"Text"', CommandTimeout='30']
SELECT n."Id", n."CompanyId", n."CreatedAt", n."CreatedBy", n."Error", n."Payload", n."Recipient", n."RetryCount", n."SentAt", n."Status", n."Subject", n."Type", n."UpdatedAt", n."UpdatedBy"
FROM "NotificationQueues" AS n
WHERE n."Type" = 'WhatsApp' AND n."SentAt" IS NULL AND n."RetryCount" < 3
LIMIT @__p_0
2026-06-03 21:24:41.303 +05:30 [INF] Microsoft.EntityFrameworkCore.Database.Command: Executed DbCommand (2ms) [Parameters=[@__p_0='?' (DbType = Int32)], CommandType='"Text"', CommandTimeout='30']
SELECT n."Id", n."CompanyId", n."CreatedAt", n."CreatedBy", n."Error", n."Payload", n."Recipient", n."RetryCount", n."SentAt", n."Status", n."Subject", n."Type", n."UpdatedAt", n."UpdatedBy"
FROM "NotificationQueues" AS n
WHERE n."Type" = 'Sms' AND n."SentAt" IS NULL AND n."RetryCount" < 3
LIMIT @__p_0
2026-06-03 21:25:00.771 +05:30 [INF] Microsoft.EntityFrameworkCore.Database.Command: Executed DbCommand (1ms) [Parameters=[@__p_0='?' (DbType = Int32)], CommandType='"Text"', CommandTimeout='30']
SELECT n."Id", n."CompanyId", n."CreatedAt", n."CreatedBy", n."Error", n."Payload", n."Recipient", n."RetryCount", n."SentAt", n."Status", n."Subject", n."Type", n."UpdatedAt", n."UpdatedBy"
FROM "NotificationQueues" AS n
WHERE n."Type" = 'Email' AND n."SentAt" IS NULL AND n."RetryCount" < 3
LIMIT @__p_0
2026-06-03 21:25:09.374 +05:30 [DBG] Hangfire.PostgreSql.CountersAggregator: Aggregating records in 'Counter' table...
2026-06-03 21:25:11.177 +05:30 [DBG] Hangfire.Server.ServerHeartbeatProcess: Server antonyraj:30600:0e85fd10 heartbeat successfully sent
2026-06-03 21:25:11.181 +05:30 [INF] Microsoft.EntityFrameworkCore.Database.Command: Executed DbCommand (4ms) [Parameters=[@__p_0='?' (DbType = Int32)], CommandType='"Text"', CommandTimeout='30']
SELECT n."Id", n."CompanyId", n."CreatedAt", n."CreatedBy", n."Error", n."Payload", n."Recipient", n."RetryCount", n."SentAt", n."Status", n."Subject", n."Type", n."UpdatedAt", n."UpdatedBy"
FROM "NotificationQueues" AS n
WHERE n."Type" = 'WhatsApp' AND n."SentAt" IS NULL AND n."RetryCount" < 3
LIMIT @__p_0
2026-06-03 21:25:11.320 +05:30 [INF] Microsoft.EntityFrameworkCore.Database.Command: Executed DbCommand (4ms) [Parameters=[@__p_0='?' (DbType = Int32)], CommandType='"Text"', CommandTimeout='30']
SELECT n."Id", n."CompanyId", n."CreatedAt", n."CreatedBy", n."Error", n."Payload", n."Recipient", n."RetryCount", n."SentAt", n."Status", n."Subject", n."Type", n."UpdatedAt", n."UpdatedBy"
FROM "NotificationQueues" AS n
WHERE n."Type" = 'Sms' AND n."SentAt" IS NULL AND n."RetryCount" < 3
LIMIT @__p_0
2026-06-03 21:25:30.780 +05:30 [INF] Microsoft.EntityFrameworkCore.Database.Command: Executed DbCommand (1ms) [Parameters=[@__p_0='?' (DbType = Int32)], CommandType='"Text"', CommandTimeout='30']
SELECT n."Id", n."CompanyId", n."CreatedAt", n."CreatedBy", n."Error", n."Payload", n."Recipient", n."RetryCount", n."SentAt", n."Status", n."Subject", n."Type", n."UpdatedAt", n."UpdatedBy"
FROM "NotificationQueues" AS n
WHERE n."Type" = 'Email' AND n."SentAt" IS NULL AND n."RetryCount" < 3
LIMIT @__p_0
2026-06-03 21:25:41.187 +05:30 [DBG] Hangfire.Server.ServerHeartbeatProcess: Server antonyraj:30600:0e85fd10 heartbeat successfully sent
2026-06-03 21:25:41.211 +05:30 [INF] Microsoft.EntityFrameworkCore.Database.Command: Executed DbCommand (1ms) [Parameters=[@__p_0='?' (DbType = Int32)], CommandType='"Text"', CommandTimeout='30']
SELECT n."Id", n."CompanyId", n."CreatedAt", n."CreatedBy", n."Error", n."Payload", n."Recipient", n."RetryCount", n."SentAt", n."Status", n."Subject", n."Type", n."UpdatedAt", n."UpdatedBy"
FROM "NotificationQueues" AS n
WHERE n."Type" = 'WhatsApp' AND n."SentAt" IS NULL AND n."RetryCount" < 3
LIMIT @__p_0
2026-06-03 21:25:41.332 +05:30 [INF] Microsoft.EntityFrameworkCore.Database.Command: Executed DbCommand (1ms) [Parameters=[@__p_0='?' (DbType = Int32)], CommandType='"Text"', CommandTimeout='30']
SELECT n."Id", n."CompanyId", n."CreatedAt", n."CreatedBy", n."Error", n."Payload", n."Recipient", n."RetryCount", n."SentAt", n."Status", n."Subject", n."Type", n."UpdatedAt", n."UpdatedBy"
FROM "NotificationQueues" AS n
WHERE n."Type" = 'Sms' AND n."SentAt" IS NULL AND n."RetryCount" < 3
LIMIT @__p_0
2026-06-03 21:26:00.802 +05:30 [INF] Microsoft.EntityFrameworkCore.Database.Command: Executed DbCommand (1ms) [Parameters=[@__p_0='?' (DbType = Int32)], CommandType='"Text"', CommandTimeout='30']
SELECT n."Id", n."CompanyId", n."CreatedAt", n."CreatedBy", n."Error", n."Payload", n."Recipient", n."RetryCount", n."SentAt", n."Status", n."Subject", n."Type", n."UpdatedAt", n."UpdatedBy"
FROM "NotificationQueues" AS n
WHERE n."Type" = 'Email' AND n."SentAt" IS NULL AND n."RetryCount" < 3
LIMIT @__p_0
2026-06-03 21:26:11.218 +05:30 [DBG] Hangfire.Server.ServerHeartbeatProcess: Server antonyraj:30600:0e85fd10 heartbeat successfully sent
2026-06-03 21:26:11.227 +05:30 [INF] Microsoft.EntityFrameworkCore.Database.Command: Executed DbCommand (5ms) [Parameters=[@__p_0='?' (DbType = Int32)], CommandType='"Text"', CommandTimeout='30']
SELECT n."Id", n."CompanyId", n."CreatedAt", n."CreatedBy", n."Error", n."Payload", n."Recipient", n."RetryCount", n."SentAt", n."Status", n."Subject", n."Type", n."UpdatedAt", n."UpdatedBy"
FROM "NotificationQueues" AS n
WHERE n."Type" = 'WhatsApp' AND n."SentAt" IS NULL AND n."RetryCount" < 3
LIMIT @__p_0
2026-06-03 21:26:11.347 +05:30 [INF] Microsoft.EntityFrameworkCore.Database.Command: Executed DbCommand (2ms) [Parameters=[@__p_0='?' (DbType = Int32)], CommandType='"Text"', CommandTimeout='30']
SELECT n."Id", n."CompanyId", n."CreatedAt", n."CreatedBy", n."Error", n."Payload", n."Recipient", n."RetryCount", n."SentAt", n."Status", n."Subject", n."Type", n."UpdatedAt", n."UpdatedBy"
FROM "NotificationQueues" AS n
WHERE n."Type" = 'Sms' AND n."SentAt" IS NULL AND n."RetryCount" < 3
LIMIT @__p_0
2026-06-03 21:26:30.812 +05:30 [INF] Microsoft.EntityFrameworkCore.Database.Command: Executed DbCommand (2ms) [Parameters=[@__p_0='?' (DbType = Int32)], CommandType='"Text"', CommandTimeout='30']
SELECT n."Id", n."CompanyId", n."CreatedAt", n."CreatedBy", n."Error", n."Payload", n."Recipient", n."RetryCount", n."SentAt", n."Status", n."Subject", n."Type", n."UpdatedAt", n."UpdatedBy"
FROM "NotificationQueues" AS n
WHERE n."Type" = 'Email' AND n."SentAt" IS NULL AND n."RetryCount" < 3
LIMIT @__p_0
2026-06-03 21:26:41.226 +05:30 [DBG] Hangfire.Server.ServerHeartbeatProcess: Server antonyraj:30600:0e85fd10 heartbeat successfully sent
2026-06-03 21:26:41.241 +05:30 [INF] Microsoft.EntityFrameworkCore.Database.Command: Executed DbCommand (2ms) [Parameters=[@__p_0='?' (DbType = Int32)], CommandType='"Text"', CommandTimeout='30']
SELECT n."Id", n."CompanyId", n."CreatedAt", n."CreatedBy", n."Error", n."Payload", n."Recipient", n."RetryCount", n."SentAt", n."Status", n."Subject", n."Type", n."UpdatedAt", n."UpdatedBy"
FROM "NotificationQueues" AS n
WHERE n."Type" = 'WhatsApp' AND n."SentAt" IS NULL AND n."RetryCount" < 3
LIMIT @__p_0
2026-06-03 21:26:41.368 +05:30 [INF] Microsoft.EntityFrameworkCore.Database.Command: Executed DbCommand (2ms) [Parameters=[@__p_0='?' (DbType = Int32)], CommandType='"Text"', CommandTimeout='30']
SELECT n."Id", n."CompanyId", n."CreatedAt", n."CreatedBy", n."Error", n."Payload", n."Recipient", n."RetryCount", n."SentAt", n."Status", n."Subject", n."Type", n."UpdatedAt", n."UpdatedBy"
FROM "NotificationQueues" AS n
WHERE n."Type" = 'Sms' AND n."SentAt" IS NULL AND n."RetryCount" < 3
LIMIT @__p_0
2026-06-03 21:27:00.829 +05:30 [INF] Microsoft.EntityFrameworkCore.Database.Command: Executed DbCommand (1ms) [Parameters=[@__p_0='?' (DbType = Int32)], CommandType='"Text"', CommandTimeout='30']
SELECT n."Id", n."CompanyId", n."CreatedAt", n."CreatedBy", n."Error", n."Payload", n."Recipient", n."RetryCount", n."SentAt", n."Status", n."Subject", n."Type", n."UpdatedAt", n."UpdatedBy"
FROM "NotificationQueues" AS n
WHERE n."Type" = 'Email' AND n."SentAt" IS NULL AND n."RetryCount" < 3
LIMIT @__p_0
2026-06-03 21:27:11.253 +05:30 [DBG] Hangfire.Server.ServerHeartbeatProcess: Server antonyraj:30600:0e85fd10 heartbeat successfully sent
2026-06-03 21:27:11.255 +05:30 [INF] Microsoft.EntityFrameworkCore.Database.Command: Executed DbCommand (2ms) [Parameters=[@__p_0='?' (DbType = Int32)], CommandType='"Text"', CommandTimeout='30']
SELECT n."Id", n."CompanyId", n."CreatedAt", n."CreatedBy", n."Error", n."Payload", n."Recipient", n."RetryCount", n."SentAt", n."Status", n."Subject", n."Type", n."UpdatedAt", n."UpdatedBy"
FROM "NotificationQueues" AS n
WHERE n."Type" = 'WhatsApp' AND n."SentAt" IS NULL AND n."RetryCount" < 3
LIMIT @__p_0
2026-06-03 21:27:11.384 +05:30 [INF] Microsoft.EntityFrameworkCore.Database.Command: Executed DbCommand (2ms) [Parameters=[@__p_0='?' (DbType = Int32)], CommandType='"Text"', CommandTimeout='30']
SELECT n."Id", n."CompanyId", n."CreatedAt", n."CreatedBy", n."Error", n."Payload", n."Recipient", n."RetryCount", n."SentAt", n."Status", n."Subject", n."Type", n."UpdatedAt", n."UpdatedBy"
FROM "NotificationQueues" AS n
WHERE n."Type" = 'Sms' AND n."SentAt" IS NULL AND n."RetryCount" < 3
LIMIT @__p_0
2026-06-03 21:27:30.837 +05:30 [INF] Microsoft.EntityFrameworkCore.Database.Command: Executed DbCommand (2ms) [Parameters=[@__p_0='?' (DbType = Int32)], CommandType='"Text"', CommandTimeout='30']
SELECT n."Id", n."CompanyId", n."CreatedAt", n."CreatedBy", n."Error", n."Payload", n."Recipient", n."RetryCount", n."SentAt", n."Status", n."Subject", n."Type", n."UpdatedAt", n."UpdatedBy"
FROM "NotificationQueues" AS n
WHERE n."Type" = 'Email' AND n."SentAt" IS NULL AND n."RetryCount" < 3
LIMIT @__p_0
2026-06-03 21:27:41.285 +05:30 [DBG] Hangfire.Server.ServerHeartbeatProcess: Server antonyraj:30600:0e85fd10 heartbeat successfully sent
2026-06-03 21:27:41.291 +05:30 [INF] Microsoft.EntityFrameworkCore.Database.Command: Executed DbCommand (2ms) [Parameters=[@__p_0='?' (DbType = Int32)], CommandType='"Text"', CommandTimeout='30']
SELECT n."Id", n."CompanyId", n."CreatedAt", n."CreatedBy", n."Error", n."Payload", n."Recipient", n."RetryCount", n."SentAt", n."Status", n."Subject", n."Type", n."UpdatedAt", n."UpdatedBy"
FROM "NotificationQueues" AS n
WHERE n."Type" = 'WhatsApp' AND n."SentAt" IS NULL AND n."RetryCount" < 3
LIMIT @__p_0
2026-06-03 21:27:41.412 +05:30 [INF] Microsoft.EntityFrameworkCore.Database.Command: Executed DbCommand (1ms) [Parameters=[@__p_0='?' (DbType = Int32)], CommandType='"Text"', CommandTimeout='30']
SELECT n."Id", n."CompanyId", n."CreatedAt", n."CreatedBy", n."Error", n."Payload", n."Recipient", n."RetryCount", n."SentAt", n."Status", n."Subject", n."Type", n."UpdatedAt", n."UpdatedBy"
FROM "NotificationQueues" AS n
WHERE n."Type" = 'Sms' AND n."SentAt" IS NULL AND n."RetryCount" < 3
LIMIT @__p_0
2026-06-03 21:28:00.867 +05:30 [INF] Microsoft.EntityFrameworkCore.Database.Command: Executed DbCommand (2ms) [Parameters=[@__p_0='?' (DbType = Int32)], CommandType='"Text"', CommandTimeout='30']
SELECT n."Id", n."CompanyId", n."CreatedAt", n."CreatedBy", n."Error", n."Payload", n."Recipient", n."RetryCount", n."SentAt", n."Status", n."Subject", n."Type", n."UpdatedAt", n."UpdatedBy"
FROM "NotificationQueues" AS n
WHERE n."Type" = 'Email' AND n."SentAt" IS NULL AND n."RetryCount" < 3
LIMIT @__p_0
2026-06-03 21:28:11.297 +05:30 [DBG] Hangfire.Server.ServerHeartbeatProcess: Server antonyraj:30600:0e85fd10 heartbeat successfully sent
2026-06-03 21:28:11.311 +05:30 [INF] Microsoft.EntityFrameworkCore.Database.Command: Executed DbCommand (1ms) [Parameters=[@__p_0='?' (DbType = Int32)], CommandType='"Text"', CommandTimeout='30']
SELECT n."Id", n."CompanyId", n."CreatedAt", n."CreatedBy", n."Error", n."Payload", n."Recipient", n."RetryCount", n."SentAt", n."Status", n."Subject", n."Type", n."UpdatedAt", n."UpdatedBy"
FROM "NotificationQueues" AS n
WHERE n."Type" = 'WhatsApp' AND n."SentAt" IS NULL AND n."RetryCount" < 3
LIMIT @__p_0
2026-06-03 21:28:11.422 +05:30 [INF] Microsoft.EntityFrameworkCore.Database.Command: Executed DbCommand (2ms) [Parameters=[@__p_0='?' (DbType = Int32)], CommandType='"Text"', CommandTimeout='30']
SELECT n."Id", n."CompanyId", n."CreatedAt", n."CreatedBy", n."Error", n."Payload", n."Recipient", n."RetryCount", n."SentAt", n."Status", n."Subject", n."Type", n."UpdatedAt", n."UpdatedBy"
FROM "NotificationQueues" AS n
WHERE n."Type" = 'Sms' AND n."SentAt" IS NULL AND n."RetryCount" < 3
LIMIT @__p_0
2026-06-03 21:28:30.887 +05:30 [INF] Microsoft.EntityFrameworkCore.Database.Command: Executed DbCommand (1ms) [Parameters=[@__p_0='?' (DbType = Int32)], CommandType='"Text"', CommandTimeout='30']
SELECT n."Id", n."CompanyId", n."CreatedAt", n."CreatedBy", n."Error", n."Payload", n."Recipient", n."RetryCount", n."SentAt", n."Status", n."Subject", n."Type", n."UpdatedAt", n."UpdatedBy"
FROM "NotificationQueues" AS n
WHERE n."Type" = 'Email' AND n."SentAt" IS NULL AND n."RetryCount" < 3
LIMIT @__p_0
2026-06-03 21:28:41.312 +05:30 [DBG] Hangfire.Server.ServerHeartbeatProcess: Server antonyraj:30600:0e85fd10 heartbeat successfully sent
2026-06-03 21:28:41.327 +05:30 [INF] Microsoft.EntityFrameworkCore.Database.Command: Executed DbCommand (2ms) [Parameters=[@__p_0='?' (DbType = Int32)], CommandType='"Text"', CommandTimeout='30']
SELECT n."Id", n."CompanyId", n."CreatedAt", n."CreatedBy", n."Error", n."Payload", n."Recipient", n."RetryCount", n."SentAt", n."Status", n."Subject", n."Type", n."UpdatedAt", n."UpdatedBy"
FROM "NotificationQueues" AS n
WHERE n."Type" = 'WhatsApp' AND n."SentAt" IS NULL AND n."RetryCount" < 3
LIMIT @__p_0
2026-06-03 21:28:41.439 +05:30 [INF] Microsoft.EntityFrameworkCore.Database.Command: Executed DbCommand (2ms) [Parameters=[@__p_0='?' (DbType = Int32)], CommandType='"Text"', CommandTimeout='30']
SELECT n."Id", n."CompanyId", n."CreatedAt", n."CreatedBy", n."Error", n."Payload", n."Recipient", n."RetryCount", n."SentAt", n."Status", n."Subject", n."Type", n."UpdatedAt", n."UpdatedBy"
FROM "NotificationQueues" AS n
WHERE n."Type" = 'Sms' AND n."SentAt" IS NULL AND n."RetryCount" < 3
LIMIT @__p_0
2026-06-03 21:29:00.910 +05:30 [INF] Microsoft.EntityFrameworkCore.Database.Command: Executed DbCommand (3ms) [Parameters=[@__p_0='?' (DbType = Int32)], CommandType='"Text"', CommandTimeout='30']
SELECT n."Id", n."CompanyId", n."CreatedAt", n."CreatedBy", n."Error", n."Payload", n."Recipient", n."RetryCount", n."SentAt", n."Status", n."Subject", n."Type", n."UpdatedAt", n."UpdatedBy"
FROM "NotificationQueues" AS n
WHERE n."Type" = 'Email' AND n."SentAt" IS NULL AND n."RetryCount" < 3
LIMIT @__p_0
2026-06-03 21:29:11.332 +05:30 [DBG] Hangfire.Server.ServerHeartbeatProcess: Server antonyraj:30600:0e85fd10 heartbeat successfully sent
2026-06-03 21:29:11.344 +05:30 [INF] Microsoft.EntityFrameworkCore.Database.Command: Executed DbCommand (1ms) [Parameters=[@__p_0='?' (DbType = Int32)], CommandType='"Text"', CommandTimeout='30']
SELECT n."Id", n."CompanyId", n."CreatedAt", n."CreatedBy", n."Error", n."Payload", n."Recipient", n."RetryCount", n."SentAt", n."Status", n."Subject", n."Type", n."UpdatedAt", n."UpdatedBy"
FROM "NotificationQueues" AS n
WHERE n."Type" = 'WhatsApp' AND n."SentAt" IS NULL AND n."RetryCount" < 3
LIMIT @__p_0
2026-06-03 21:29:11.443 +05:30 [INF] Microsoft.EntityFrameworkCore.Database.Command: Executed DbCommand (1ms) [Parameters=[@__p_0='?' (DbType = Int32)], CommandType='"Text"', CommandTimeout='30']
SELECT n."Id", n."CompanyId", n."CreatedAt", n."CreatedBy", n."Error", n."Payload", n."Recipient", n."RetryCount", n."SentAt", n."Status", n."Subject", n."Type", n."UpdatedAt", n."UpdatedBy"
FROM "NotificationQueues" AS n
WHERE n."Type" = 'Sms' AND n."SentAt" IS NULL AND n."RetryCount" < 3
LIMIT @__p_0
2026-06-03 21:29:30.937 +05:30 [INF] Microsoft.EntityFrameworkCore.Database.Command: Executed DbCommand (2ms) [Parameters=[@__p_0='?' (DbType = Int32)], CommandType='"Text"', CommandTimeout='30']
SELECT n."Id", n."CompanyId", n."CreatedAt", n."CreatedBy", n."Error", n."Payload", n."Recipient", n."RetryCount", n."SentAt", n."Status", n."Subject", n."Type", n."UpdatedAt", n."UpdatedBy"
FROM "NotificationQueues" AS n
WHERE n."Type" = 'Email' AND n."SentAt" IS NULL AND n."RetryCount" < 3
LIMIT @__p_0
2026-06-03 21:29:41.337 +05:30 [DBG] Hangfire.Server.ServerHeartbeatProcess: Server antonyraj:30600:0e85fd10 heartbeat successfully sent
2026-06-03 21:29:41.366 +05:30 [INF] Microsoft.EntityFrameworkCore.Database.Command: Executed DbCommand (2ms) [Parameters=[@__p_0='?' (DbType = Int32)], CommandType='"Text"', CommandTimeout='30']
SELECT n."Id", n."CompanyId", n."CreatedAt", n."CreatedBy", n."Error", n."Payload", n."Recipient", n."RetryCount", n."SentAt", n."Status", n."Subject", n."Type", n."UpdatedAt", n."UpdatedBy"
FROM "NotificationQueues" AS n
WHERE n."Type" = 'WhatsApp' AND n."SentAt" IS NULL AND n."RetryCount" < 3
LIMIT @__p_0
2026-06-03 21:29:41.453 +05:30 [INF] Microsoft.EntityFrameworkCore.Database.Command: Executed DbCommand (2ms) [Parameters=[@__p_0='?' (DbType = Int32)], CommandType='"Text"', CommandTimeout='30']
SELECT n."Id", n."CompanyId", n."CreatedAt", n."CreatedBy", n."Error", n."Payload", n."Recipient", n."RetryCount", n."SentAt", n."Status", n."Subject", n."Type", n."UpdatedAt", n."UpdatedBy"
FROM "NotificationQueues" AS n
WHERE n."Type" = 'Sms' AND n."SentAt" IS NULL AND n."RetryCount" < 3
LIMIT @__p_0
2026-06-03 21:30:00.956 +05:30 [INF] Microsoft.EntityFrameworkCore.Database.Command: Executed DbCommand (5ms) [Parameters=[@__p_0='?' (DbType = Int32)], CommandType='"Text"', CommandTimeout='30']
SELECT n."Id", n."CompanyId", n."CreatedAt", n."CreatedBy", n."Error", n."Payload", n."Recipient", n."RetryCount", n."SentAt", n."Status", n."Subject", n."Type", n."UpdatedAt", n."UpdatedBy"
FROM "NotificationQueues" AS n
WHERE n."Type" = 'Email' AND n."SentAt" IS NULL AND n."RetryCount" < 3
LIMIT @__p_0
2026-06-03 21:30:09.397 +05:30 [DBG] Hangfire.PostgreSql.CountersAggregator: Aggregating records in 'Counter' table...
2026-06-03 21:30:11.351 +05:30 [DBG] Hangfire.Server.ServerHeartbeatProcess: Server antonyraj:30600:0e85fd10 heartbeat successfully sent
2026-06-03 21:30:11.378 +05:30 [INF] Microsoft.EntityFrameworkCore.Database.Command: Executed DbCommand (4ms) [Parameters=[@__p_0='?' (DbType = Int32)], CommandType='"Text"', CommandTimeout='30']
SELECT n."Id", n."CompanyId", n."CreatedAt", n."CreatedBy", n."Error", n."Payload", n."Recipient", n."RetryCount", n."SentAt", n."Status", n."Subject", n."Type", n."UpdatedAt", n."UpdatedBy"
FROM "NotificationQueues" AS n
WHERE n."Type" = 'WhatsApp' AND n."SentAt" IS NULL AND n."RetryCount" < 3
LIMIT @__p_0
2026-06-03 21:30:11.471 +05:30 [INF] Microsoft.EntityFrameworkCore.Database.Command: Executed DbCommand (5ms) [Parameters=[@__p_0='?' (DbType = Int32)], CommandType='"Text"', CommandTimeout='30']
SELECT n."Id", n."CompanyId", n."CreatedAt", n."CreatedBy", n."Error", n."Payload", n."Recipient", n."RetryCount", n."SentAt", n."Status", n."Subject", n."Type", n."UpdatedAt", n."UpdatedBy"
FROM "NotificationQueues" AS n
WHERE n."Type" = 'Sms' AND n."SentAt" IS NULL AND n."RetryCount" < 3
LIMIT @__p_0
2026-06-03 21:30:30.978 +05:30 [INF] Microsoft.EntityFrameworkCore.Database.Command: Executed DbCommand (9ms) [Parameters=[@__p_0='?' (DbType = Int32)], CommandType='"Text"', CommandTimeout='30']
SELECT n."Id", n."CompanyId", n."CreatedAt", n."CreatedBy", n."Error", n."Payload", n."Recipient", n."RetryCount", n."SentAt", n."Status", n."Subject", n."Type", n."UpdatedAt", n."UpdatedBy"
FROM "NotificationQueues" AS n
WHERE n."Type" = 'Email' AND n."SentAt" IS NULL AND n."RetryCount" < 3
LIMIT @__p_0
2026-06-03 21:30:41.374 +05:30 [DBG] Hangfire.Server.ServerHeartbeatProcess: Server antonyraj:30600:0e85fd10 heartbeat successfully sent
2026-06-03 21:30:41.393 +05:30 [INF] Microsoft.EntityFrameworkCore.Database.Command: Executed DbCommand (2ms) [Parameters=[@__p_0='?' (DbType = Int32)], CommandType='"Text"', CommandTimeout='30']
SELECT n."Id", n."CompanyId", n."CreatedAt", n."CreatedBy", n."Error", n."Payload", n."Recipient", n."RetryCount", n."SentAt", n."Status", n."Subject", n."Type", n."UpdatedAt", n."UpdatedBy"
FROM "NotificationQueues" AS n
WHERE n."Type" = 'WhatsApp' AND n."SentAt" IS NULL AND n."RetryCount" < 3
LIMIT @__p_0
2026-06-03 21:30:41.481 +05:30 [INF] Microsoft.EntityFrameworkCore.Database.Command: Executed DbCommand (2ms) [Parameters=[@__p_0='?' (DbType = Int32)], CommandType='"Text"', CommandTimeout='30']
SELECT n."Id", n."CompanyId", n."CreatedAt", n."CreatedBy", n."Error", n."Payload", n."Recipient", n."RetryCount", n."SentAt", n."Status", n."Subject", n."Type", n."UpdatedAt", n."UpdatedBy"
FROM "NotificationQueues" AS n
WHERE n."Type" = 'Sms' AND n."SentAt" IS NULL AND n."RetryCount" < 3
LIMIT @__p_0
2026-06-03 21:31:00.989 +05:30 [INF] Microsoft.EntityFrameworkCore.Database.Command: Executed DbCommand (2ms) [Parameters=[@__p_0='?' (DbType = Int32)], CommandType='"Text"', CommandTimeout='30']
SELECT n."Id", n."CompanyId", n."CreatedAt", n."CreatedBy", n."Error", n."Payload", n."Recipient", n."RetryCount", n."SentAt", n."Status", n."Subject", n."Type", n."UpdatedAt", n."UpdatedBy"
FROM "NotificationQueues" AS n
WHERE n."Type" = 'Email' AND n."SentAt" IS NULL AND n."RetryCount" < 3
LIMIT @__p_0
2026-06-03 21:31:11.391 +05:30 [DBG] Hangfire.Server.ServerHeartbeatProcess: Server antonyraj:30600:0e85fd10 heartbeat successfully sent
2026-06-03 21:31:11.403 +05:30 [INF] Microsoft.EntityFrameworkCore.Database.Command: Executed DbCommand (1ms) [Parameters=[@__p_0='?' (DbType = Int32)], CommandType='"Text"', CommandTimeout='30']
SELECT n."Id", n."CompanyId", n."CreatedAt", n."CreatedBy", n."Error", n."Payload", n."Recipient", n."RetryCount", n."SentAt", n."Status", n."Subject", n."Type", n."UpdatedAt", n."UpdatedBy"
FROM "NotificationQueues" AS n
WHERE n."Type" = 'WhatsApp' AND n."SentAt" IS NULL AND n."RetryCount" < 3
LIMIT @__p_0
2026-06-03 21:31:11.502 +05:30 [INF] Microsoft.EntityFrameworkCore.Database.Command: Executed DbCommand (2ms) [Parameters=[@__p_0='?' (DbType = Int32)], CommandType='"Text"', CommandTimeout='30']
SELECT n."Id", n."CompanyId", n."CreatedAt", n."CreatedBy", n."Error", n."Payload", n."Recipient", n."RetryCount", n."SentAt", n."Status", n."Subject", n."Type", n."UpdatedAt", n."UpdatedBy"
FROM "NotificationQueues" AS n
WHERE n."Type" = 'Sms' AND n."SentAt" IS NULL AND n."RetryCount" < 3
LIMIT @__p_0
2026-06-03 21:31:31.015 +05:30 [INF] Microsoft.EntityFrameworkCore.Database.Command: Executed DbCommand (1ms) [Parameters=[@__p_0='?' (DbType = Int32)], CommandType='"Text"', CommandTimeout='30']
SELECT n."Id", n."CompanyId", n."CreatedAt", n."CreatedBy", n."Error", n."Payload", n."Recipient", n."RetryCount", n."SentAt", n."Status", n."Subject", n."Type", n."UpdatedAt", n."UpdatedBy"
FROM "NotificationQueues" AS n
WHERE n."Type" = 'Email' AND n."SentAt" IS NULL AND n."RetryCount" < 3
LIMIT @__p_0
2026-06-03 21:31:41.401 +05:30 [DBG] Hangfire.Server.ServerHeartbeatProcess: Server antonyraj:30600:0e85fd10 heartbeat successfully sent
2026-06-03 21:31:41.428 +05:30 [INF] Microsoft.EntityFrameworkCore.Database.Command: Executed DbCommand (7ms) [Parameters=[@__p_0='?' (DbType = Int32)], CommandType='"Text"', CommandTimeout='30']
SELECT n."Id", n."CompanyId", n."CreatedAt", n."CreatedBy", n."Error", n."Payload", n."Recipient", n."RetryCount", n."SentAt", n."Status", n."Subject", n."Type", n."UpdatedAt", n."UpdatedBy"
FROM "NotificationQueues" AS n
WHERE n."Type" = 'WhatsApp' AND n."SentAt" IS NULL AND n."RetryCount" < 3
LIMIT @__p_0
2026-06-03 21:31:41.524 +05:30 [INF] Microsoft.EntityFrameworkCore.Database.Command: Executed DbCommand (2ms) [Parameters=[@__p_0='?' (DbType = Int32)], CommandType='"Text"', CommandTimeout='30']
SELECT n."Id", n."CompanyId", n."CreatedAt", n."CreatedBy", n."Error", n."Payload", n."Recipient", n."RetryCount", n."SentAt", n."Status", n."Subject", n."Type", n."UpdatedAt", n."UpdatedBy"
FROM "NotificationQueues" AS n
WHERE n."Type" = 'Sms' AND n."SentAt" IS NULL AND n."RetryCount" < 3
LIMIT @__p_0
2026-06-03 21:32:01.041 +05:30 [INF] Microsoft.EntityFrameworkCore.Database.Command: Executed DbCommand (1ms) [Parameters=[@__p_0='?' (DbType = Int32)], CommandType='"Text"', CommandTimeout='30']
SELECT n."Id", n."CompanyId", n."CreatedAt", n."CreatedBy", n."Error", n."Payload", n."Recipient", n."RetryCount", n."SentAt", n."Status", n."Subject", n."Type", n."UpdatedAt", n."UpdatedBy"
FROM "NotificationQueues" AS n
WHERE n."Type" = 'Email' AND n."SentAt" IS NULL AND n."RetryCount" < 3
LIMIT @__p_0
2026-06-03 21:32:11.418 +05:30 [DBG] Hangfire.Server.ServerHeartbeatProcess: Server antonyraj:30600:0e85fd10 heartbeat successfully sent
2026-06-03 21:32:11.452 +05:30 [INF] Microsoft.EntityFrameworkCore.Database.Command: Executed DbCommand (1ms) [Parameters=[@__p_0='?' (DbType = Int32)], CommandType='"Text"', CommandTimeout='30']
SELECT n."Id", n."CompanyId", n."CreatedAt", n."CreatedBy", n."Error", n."Payload", n."Recipient", n."RetryCount", n."SentAt", n."Status", n."Subject", n."Type", n."UpdatedAt", n."UpdatedBy"
FROM "NotificationQueues" AS n
WHERE n."Type" = 'WhatsApp' AND n."SentAt" IS NULL AND n."RetryCount" < 3
LIMIT @__p_0
2026-06-03 21:32:11.534 +05:30 [INF] Microsoft.EntityFrameworkCore.Database.Command: Executed DbCommand (2ms) [Parameters=[@__p_0='?' (DbType = Int32)], CommandType='"Text"', CommandTimeout='30']
SELECT n."Id", n."CompanyId", n."CreatedAt", n."CreatedBy", n."Error", n."Payload", n."Recipient", n."RetryCount", n."SentAt", n."Status", n."Subject", n."Type", n."UpdatedAt", n."UpdatedBy"
FROM "NotificationQueues" AS n
WHERE n."Type" = 'Sms' AND n."SentAt" IS NULL AND n."RetryCount" < 3
LIMIT @__p_0
2026-06-03 21:32:31.047 +05:30 [INF] Microsoft.EntityFrameworkCore.Database.Command: Executed DbCommand (2ms) [Parameters=[@__p_0='?' (DbType = Int32)], CommandType='"Text"', CommandTimeout='30']
SELECT n."Id", n."CompanyId", n."CreatedAt", n."CreatedBy", n."Error", n."Payload", n."Recipient", n."RetryCount", n."SentAt", n."Status", n."Subject", n."Type", n."UpdatedAt", n."UpdatedBy"
FROM "NotificationQueues" AS n
WHERE n."Type" = 'Email' AND n."SentAt" IS NULL AND n."RetryCount" < 3
LIMIT @__p_0
2026-06-03 21:32:41.424 +05:30 [DBG] Hangfire.Server.ServerHeartbeatProcess: Server antonyraj:30600:0e85fd10 heartbeat successfully sent
2026-06-03 21:32:41.463 +05:30 [INF] Microsoft.EntityFrameworkCore.Database.Command: Executed DbCommand (1ms) [Parameters=[@__p_0='?' (DbType = Int32)], CommandType='"Text"', CommandTimeout='30']
SELECT n."Id", n."CompanyId", n."CreatedAt", n."CreatedBy", n."Error", n."Payload", n."Recipient", n."RetryCount", n."SentAt", n."Status", n."Subject", n."Type", n."UpdatedAt", n."UpdatedBy"
FROM "NotificationQueues" AS n
WHERE n."Type" = 'WhatsApp' AND n."SentAt" IS NULL AND n."RetryCount" < 3
LIMIT @__p_0
2026-06-03 21:32:41.538 +05:30 [INF] Microsoft.EntityFrameworkCore.Database.Command: Executed DbCommand (2ms) [Parameters=[@__p_0='?' (DbType = Int32)], CommandType='"Text"', CommandTimeout='30']
SELECT n."Id", n."CompanyId", n."CreatedAt", n."CreatedBy", n."Error", n."Payload", n."Recipient", n."RetryCount", n."SentAt", n."Status", n."Subject", n."Type", n."UpdatedAt", n."UpdatedBy"
FROM "NotificationQueues" AS n
WHERE n."Type" = 'Sms' AND n."SentAt" IS NULL AND n."RetryCount" < 3
LIMIT @__p_0
2026-06-03 21:33:01.067 +05:30 [INF] Microsoft.EntityFrameworkCore.Database.Command: Executed DbCommand (1ms) [Parameters=[@__p_0='?' (DbType = Int32)], CommandType='"Text"', CommandTimeout='30']
SELECT n."Id", n."CompanyId", n."CreatedAt", n."CreatedBy", n."Error", n."Payload", n."Recipient", n."RetryCount", n."SentAt", n."Status", n."Subject", n."Type", n."UpdatedAt", n."UpdatedBy"
FROM "NotificationQueues" AS n
WHERE n."Type" = 'Email' AND n."SentAt" IS NULL AND n."RetryCount" < 3
LIMIT @__p_0
2026-06-03 21:33:11.429 +05:30 [DBG] Hangfire.Server.ServerHeartbeatProcess: Server antonyraj:30600:0e85fd10 heartbeat successfully sent
2026-06-03 21:33:11.477 +05:30 [INF] Microsoft.EntityFrameworkCore.Database.Command: Executed DbCommand (2ms) [Parameters=[@__p_0='?' (DbType = Int32)], CommandType='"Text"', CommandTimeout='30']
SELECT n."Id", n."CompanyId", n."CreatedAt", n."CreatedBy", n."Error", n."Payload", n."Recipient", n."RetryCount", n."SentAt", n."Status", n."Subject", n."Type", n."UpdatedAt", n."UpdatedBy"
FROM "NotificationQueues" AS n
WHERE n."Type" = 'WhatsApp' AND n."SentAt" IS NULL AND n."RetryCount" < 3
LIMIT @__p_0
2026-06-03 21:33:11.544 +05:30 [INF] Microsoft.EntityFrameworkCore.Database.Command: Executed DbCommand (2ms) [Parameters=[@__p_0='?' (DbType = Int32)], CommandType='"Text"', CommandTimeout='30']
SELECT n."Id", n."CompanyId", n."CreatedAt", n."CreatedBy", n."Error", n."Payload", n."Recipient", n."RetryCount", n."SentAt", n."Status", n."Subject", n."Type", n."UpdatedAt", n."UpdatedBy"
FROM "NotificationQueues" AS n
WHERE n."Type" = 'Sms' AND n."SentAt" IS NULL AND n."RetryCount" < 3
LIMIT @__p_0
2026-06-03 21:33:31.087 +05:30 [INF] Microsoft.EntityFrameworkCore.Database.Command: Executed DbCommand (2ms) [Parameters=[@__p_0='?' (DbType = Int32)], CommandType='"Text"', CommandTimeout='30']
SELECT n."Id", n."CompanyId", n."CreatedAt", n."CreatedBy", n."Error", n."Payload", n."Recipient", n."RetryCount", n."SentAt", n."Status", n."Subject", n."Type", n."UpdatedAt", n."UpdatedBy"
FROM "NotificationQueues" AS n
WHERE n."Type" = 'Email' AND n."SentAt" IS NULL AND n."RetryCount" < 3
LIMIT @__p_0
2026-06-03 21:33:41.440 +05:30 [DBG] Hangfire.Server.ServerHeartbeatProcess: Server antonyraj:30600:0e85fd10 heartbeat successfully sent
2026-06-03 21:33:41.487 +05:30 [INF] Microsoft.EntityFrameworkCore.Database.Command: Executed DbCommand (1ms) [Parameters=[@__p_0='?' (DbType = Int32)], CommandType='"Text"', CommandTimeout='30']
SELECT n."Id", n."CompanyId", n."CreatedAt", n."CreatedBy", n."Error", n."Payload", n."Recipient", n."RetryCount", n."SentAt", n."Status", n."Subject", n."Type", n."UpdatedAt", n."UpdatedBy"
FROM "NotificationQueues" AS n
WHERE n."Type" = 'WhatsApp' AND n."SentAt" IS NULL AND n."RetryCount" < 3
LIMIT @__p_0
2026-06-03 21:33:41.547 +05:30 [INF] Microsoft.EntityFrameworkCore.Database.Command: Executed DbCommand (1ms) [Parameters=[@__p_0='?' (DbType = Int32)], CommandType='"Text"', CommandTimeout='30']
SELECT n."Id", n."CompanyId", n."CreatedAt", n."CreatedBy", n."Error", n."Payload", n."Recipient", n."RetryCount", n."SentAt", n."Status", n."Subject", n."Type", n."UpdatedAt", n."UpdatedBy"
FROM "NotificationQueues" AS n
WHERE n."Type" = 'Sms' AND n."SentAt" IS NULL AND n."RetryCount" < 3
LIMIT @__p_0
2026-06-03 21:34:01.124 +05:30 [INF] Microsoft.EntityFrameworkCore.Database.Command: Executed DbCommand (1ms) [Parameters=[@__p_0='?' (DbType = Int32)], CommandType='"Text"', CommandTimeout='30']
SELECT n."Id", n."CompanyId", n."CreatedAt", n."CreatedBy", n."Error", n."Payload", n."Recipient", n."RetryCount", n."SentAt", n."Status", n."Subject", n."Type", n."UpdatedAt", n."UpdatedBy"
FROM "NotificationQueues" AS n
WHERE n."Type" = 'Email' AND n."SentAt" IS NULL AND n."RetryCount" < 3
LIMIT @__p_0
2026-06-03 21:34:11.474 +05:30 [DBG] Hangfire.Server.ServerHeartbeatProcess: Server antonyraj:30600:0e85fd10 heartbeat successfully sent
2026-06-03 21:34:11.504 +05:30 [INF] Microsoft.EntityFrameworkCore.Database.Command: Executed DbCommand (2ms) [Parameters=[@__p_0='?' (DbType = Int32)], CommandType='"Text"', CommandTimeout='30']
SELECT n."Id", n."CompanyId", n."CreatedAt", n."CreatedBy", n."Error", n."Payload", n."Recipient", n."RetryCount", n."SentAt", n."Status", n."Subject", n."Type", n."UpdatedAt", n."UpdatedBy"
FROM "NotificationQueues" AS n
WHERE n."Type" = 'WhatsApp' AND n."SentAt" IS NULL AND n."RetryCount" < 3
LIMIT @__p_0
2026-06-03 21:34:11.572 +05:30 [INF] Microsoft.EntityFrameworkCore.Database.Command: Executed DbCommand (1ms) [Parameters=[@__p_0='?' (DbType = Int32)], CommandType='"Text"', CommandTimeout='30']
SELECT n."Id", n."CompanyId", n."CreatedAt", n."CreatedBy", n."Error", n."Payload", n."Recipient", n."RetryCount", n."SentAt", n."Status", n."Subject", n."Type", n."UpdatedAt", n."UpdatedBy"
FROM "NotificationQueues" AS n
WHERE n."Type" = 'Sms' AND n."SentAt" IS NULL AND n."RetryCount" < 3
LIMIT @__p_0
2026-06-03 21:34:31.156 +05:30 [INF] Microsoft.EntityFrameworkCore.Database.Command: Executed DbCommand (2ms) [Parameters=[@__p_0='?' (DbType = Int32)], CommandType='"Text"', CommandTimeout='30']
SELECT n."Id", n."CompanyId", n."CreatedAt", n."CreatedBy", n."Error", n."Payload", n."Recipient", n."RetryCount", n."SentAt", n."Status", n."Subject", n."Type", n."UpdatedAt", n."UpdatedBy"
FROM "NotificationQueues" AS n
WHERE n."Type" = 'Email' AND n."SentAt" IS NULL AND n."RetryCount" < 3
LIMIT @__p_0
2026-06-03 21:34:41.488 +05:30 [DBG] Hangfire.Server.ServerHeartbeatProcess: Server antonyraj:30600:0e85fd10 heartbeat successfully sent
2026-06-03 21:34:41.521 +05:30 [INF] Microsoft.EntityFrameworkCore.Database.Command: Executed DbCommand (1ms) [Parameters=[@__p_0='?' (DbType = Int32)], CommandType='"Text"', CommandTimeout='30']
SELECT n."Id", n."CompanyId", n."CreatedAt", n."CreatedBy", n."Error", n."Payload", n."Recipient", n."RetryCount", n."SentAt", n."Status", n."Subject", n."Type", n."UpdatedAt", n."UpdatedBy"
FROM "NotificationQueues" AS n
WHERE n."Type" = 'WhatsApp' AND n."SentAt" IS NULL AND n."RetryCount" < 3
LIMIT @__p_0
2026-06-03 21:34:41.577 +05:30 [INF] Microsoft.EntityFrameworkCore.Database.Command: Executed DbCommand (1ms) [Parameters=[@__p_0='?' (DbType = Int32)], CommandType='"Text"', CommandTimeout='30']
SELECT n."Id", n."CompanyId", n."CreatedAt", n."CreatedBy", n."Error", n."Payload", n."Recipient", n."RetryCount", n."SentAt", n."Status", n."Subject", n."Type", n."UpdatedAt", n."UpdatedBy"
FROM "NotificationQueues" AS n
WHERE n."Type" = 'Sms' AND n."SentAt" IS NULL AND n."RetryCount" < 3
LIMIT @__p_0
2026-06-03 21:35:01.172 +05:30 [INF] Microsoft.EntityFrameworkCore.Database.Command: Executed DbCommand (1ms) [Parameters=[@__p_0='?' (DbType = Int32)], CommandType='"Text"', CommandTimeout='30']
SELECT n."Id", n."CompanyId", n."CreatedAt", n."CreatedBy", n."Error", n."Payload", n."Recipient", n."RetryCount", n."SentAt", n."Status", n."Subject", n."Type", n."UpdatedAt", n."UpdatedBy"
FROM "NotificationQueues" AS n
WHERE n."Type" = 'Email' AND n."SentAt" IS NULL AND n."RetryCount" < 3
LIMIT @__p_0
2026-06-03 21:35:09.548 +05:30 [DBG] Hangfire.PostgreSql.CountersAggregator: Aggregating records in 'Counter' table...
2026-06-03 21:35:11.498 +05:30 [DBG] Hangfire.Server.ServerHeartbeatProcess: Server antonyraj:30600:0e85fd10 heartbeat successfully sent
2026-06-03 21:35:11.542 +05:30 [INF] Microsoft.EntityFrameworkCore.Database.Command: Executed DbCommand (3ms) [Parameters=[@__p_0='?' (DbType = Int32)], CommandType='"Text"', CommandTimeout='30']
SELECT n."Id", n."CompanyId", n."CreatedAt", n."CreatedBy", n."Error", n."Payload", n."Recipient", n."RetryCount", n."SentAt", n."Status", n."Subject", n."Type", n."UpdatedAt", n."UpdatedBy"
FROM "NotificationQueues" AS n
WHERE n."Type" = 'WhatsApp' AND n."SentAt" IS NULL AND n."RetryCount" < 3
LIMIT @__p_0
2026-06-03 21:35:11.585 +05:30 [INF] Microsoft.EntityFrameworkCore.Database.Command: Executed DbCommand (1ms) [Parameters=[@__p_0='?' (DbType = Int32)], CommandType='"Text"', CommandTimeout='30']
SELECT n."Id", n."CompanyId", n."CreatedAt", n."CreatedBy", n."Error", n."Payload", n."Recipient", n."RetryCount", n."SentAt", n."Status", n."Subject", n."Type", n."UpdatedAt", n."UpdatedBy"
FROM "NotificationQueues" AS n
WHERE n."Type" = 'Sms' AND n."SentAt" IS NULL AND n."RetryCount" < 3
LIMIT @__p_0
2026-06-03 21:35:31.176 +05:30 [INF] Microsoft.EntityFrameworkCore.Database.Command: Executed DbCommand (3ms) [Parameters=[@__p_0='?' (DbType = Int32)], CommandType='"Text"', CommandTimeout='30']
SELECT n."Id", n."CompanyId", n."CreatedAt", n."CreatedBy", n."Error", n."Payload", n."Recipient", n."RetryCount", n."SentAt", n."Status", n."Subject", n."Type", n."UpdatedAt", n."UpdatedBy"
FROM "NotificationQueues" AS n
WHERE n."Type" = 'Email' AND n."SentAt" IS NULL AND n."RetryCount" < 3
LIMIT @__p_0
2026-06-03 21:35:41.502 +05:30 [DBG] Hangfire.Server.ServerHeartbeatProcess: Server antonyraj:30600:0e85fd10 heartbeat successfully sent
2026-06-03 21:35:41.556 +05:30 [INF] Microsoft.EntityFrameworkCore.Database.Command: Executed DbCommand (1ms) [Parameters=[@__p_0='?' (DbType = Int32)], CommandType='"Text"', CommandTimeout='30']
SELECT n."Id", n."CompanyId", n."CreatedAt", n."CreatedBy", n."Error", n."Payload", n."Recipient", n."RetryCount", n."SentAt", n."Status", n."Subject", n."Type", n."UpdatedAt", n."UpdatedBy"
FROM "NotificationQueues" AS n
WHERE n."Type" = 'WhatsApp' AND n."SentAt" IS NULL AND n."RetryCount" < 3
LIMIT @__p_0
2026-06-03 21:35:41.595 +05:30 [INF] Microsoft.EntityFrameworkCore.Database.Command: Executed DbCommand (1ms) [Parameters=[@__p_0='?' (DbType = Int32)], CommandType='"Text"', CommandTimeout='30']
SELECT n."Id", n."CompanyId", n."CreatedAt", n."CreatedBy", n."Error", n."Payload", n."Recipient", n."RetryCount", n."SentAt", n."Status", n."Subject", n."Type", n."UpdatedAt", n."UpdatedBy"
FROM "NotificationQueues" AS n
WHERE n."Type" = 'Sms' AND n."SentAt" IS NULL AND n."RetryCount" < 3
LIMIT @__p_0
2026-06-03 21:36:01.207 +05:30 [INF] Microsoft.EntityFrameworkCore.Database.Command: Executed DbCommand (2ms) [Parameters=[@__p_0='?' (DbType = Int32)], CommandType='"Text"', CommandTimeout='30']
SELECT n."Id", n."CompanyId", n."CreatedAt", n."CreatedBy", n."Error", n."Payload", n."Recipient", n."RetryCount", n."SentAt", n."Status", n."Subject", n."Type", n."UpdatedAt", n."UpdatedBy"
FROM "NotificationQueues" AS n
WHERE n."Type" = 'Email' AND n."SentAt" IS NULL AND n."RetryCount" < 3
LIMIT @__p_0
2026-06-03 21:36:11.518 +05:30 [DBG] Hangfire.Server.ServerHeartbeatProcess: Server antonyraj:30600:0e85fd10 heartbeat successfully sent
2026-06-03 21:36:11.576 +05:30 [INF] Microsoft.EntityFrameworkCore.Database.Command: Executed DbCommand (1ms) [Parameters=[@__p_0='?' (DbType = Int32)], CommandType='"Text"', CommandTimeout='30']
SELECT n."Id", n."CompanyId", n."CreatedAt", n."CreatedBy", n."Error", n."Payload", n."Recipient", n."RetryCount", n."SentAt", n."Status", n."Subject", n."Type", n."UpdatedAt", n."UpdatedBy"
FROM "NotificationQueues" AS n
WHERE n."Type" = 'WhatsApp' AND n."SentAt" IS NULL AND n."RetryCount" < 3
LIMIT @__p_0
2026-06-03 21:36:11.606 +05:30 [INF] Microsoft.EntityFrameworkCore.Database.Command: Executed DbCommand (1ms) [Parameters=[@__p_0='?' (DbType = Int32)], CommandType='"Text"', CommandTimeout='30']
SELECT n."Id", n."CompanyId", n."CreatedAt", n."CreatedBy", n."Error", n."Payload", n."Recipient", n."RetryCount", n."SentAt", n."Status", n."Subject", n."Type", n."UpdatedAt", n."UpdatedBy"
FROM "NotificationQueues" AS n
WHERE n."Type" = 'Sms' AND n."SentAt" IS NULL AND n."RetryCount" < 3
LIMIT @__p_0
2026-06-03 21:36:31.216 +05:30 [INF] Microsoft.EntityFrameworkCore.Database.Command: Executed DbCommand (2ms) [Parameters=[@__p_0='?' (DbType = Int32)], CommandType='"Text"', CommandTimeout='30']
SELECT n."Id", n."CompanyId", n."CreatedAt", n."CreatedBy", n."Error", n."Payload", n."Recipient", n."RetryCount", n."SentAt", n."Status", n."Subject", n."Type", n."UpdatedAt", n."UpdatedBy"
FROM "NotificationQueues" AS n
WHERE n."Type" = 'Email' AND n."SentAt" IS NULL AND n."RetryCount" < 3
LIMIT @__p_0
2026-06-03 21:36:41.548 +05:30 [DBG] Hangfire.Server.ServerHeartbeatProcess: Server antonyraj:30600:0e85fd10 heartbeat successfully sent
2026-06-03 21:36:41.589 +05:30 [INF] Microsoft.EntityFrameworkCore.Database.Command: Executed DbCommand (1ms) [Parameters=[@__p_0='?' (DbType = Int32)], CommandType='"Text"', CommandTimeout='30']
SELECT n."Id", n."CompanyId", n."CreatedAt", n."CreatedBy", n."Error", n."Payload", n."Recipient", n."RetryCount", n."SentAt", n."Status", n."Subject", n."Type", n."UpdatedAt", n."UpdatedBy"
FROM "NotificationQueues" AS n
WHERE n."Type" = 'WhatsApp' AND n."SentAt" IS NULL AND n."RetryCount" < 3
LIMIT @__p_0
2026-06-03 21:36:41.620 +05:30 [INF] Microsoft.EntityFrameworkCore.Database.Command: Executed DbCommand (1ms) [Parameters=[@__p_0='?' (DbType = Int32)], CommandType='"Text"', CommandTimeout='30']
SELECT n."Id", n."CompanyId", n."CreatedAt", n."CreatedBy", n."Error", n."Payload", n."Recipient", n."RetryCount", n."SentAt", n."Status", n."Subject", n."Type", n."UpdatedAt", n."UpdatedBy"
FROM "NotificationQueues" AS n
WHERE n."Type" = 'Sms' AND n."SentAt" IS NULL AND n."RetryCount" < 3
LIMIT @__p_0
2026-06-03 21:37:01.231 +05:30 [INF] Microsoft.EntityFrameworkCore.Database.Command: Executed DbCommand (1ms) [Parameters=[@__p_0='?' (DbType = Int32)], CommandType='"Text"', CommandTimeout='30']
SELECT n."Id", n."CompanyId", n."CreatedAt", n."CreatedBy", n."Error", n."Payload", n."Recipient", n."RetryCount", n."SentAt", n."Status", n."Subject", n."Type", n."UpdatedAt", n."UpdatedBy"
FROM "NotificationQueues" AS n
WHERE n."Type" = 'Email' AND n."SentAt" IS NULL AND n."RetryCount" < 3
LIMIT @__p_0
2026-06-03 21:37:11.559 +05:30 [DBG] Hangfire.Server.ServerHeartbeatProcess: Server antonyraj:30600:0e85fd10 heartbeat successfully sent
2026-06-03 21:37:11.601 +05:30 [INF] Microsoft.EntityFrameworkCore.Database.Command: Executed DbCommand (1ms) [Parameters=[@__p_0='?' (DbType = Int32)], CommandType='"Text"', CommandTimeout='30']
SELECT n."Id", n."CompanyId", n."CreatedAt", n."CreatedBy", n."Error", n."Payload", n."Recipient", n."RetryCount", n."SentAt", n."Status", n."Subject", n."Type", n."UpdatedAt", n."UpdatedBy"
FROM "NotificationQueues" AS n
WHERE n."Type" = 'WhatsApp' AND n."SentAt" IS NULL AND n."RetryCount" < 3
LIMIT @__p_0
2026-06-03 21:37:11.638 +05:30 [INF] Microsoft.EntityFrameworkCore.Database.Command: Executed DbCommand (1ms) [Parameters=[@__p_0='?' (DbType = Int32)], CommandType='"Text"', CommandTimeout='30']
SELECT n."Id", n."CompanyId", n."CreatedAt", n."CreatedBy", n."Error", n."Payload", n."Recipient", n."RetryCount", n."SentAt", n."Status", n."Subject", n."Type", n."UpdatedAt", n."UpdatedBy"
FROM "NotificationQueues" AS n
WHERE n."Type" = 'Sms' AND n."SentAt" IS NULL AND n."RetryCount" < 3
LIMIT @__p_0
2026-06-03 21:37:31.248 +05:30 [INF] Microsoft.EntityFrameworkCore.Database.Command: Executed DbCommand (2ms) [Parameters=[@__p_0='?' (DbType = Int32)], CommandType='"Text"', CommandTimeout='30']
SELECT n."Id", n."CompanyId", n."CreatedAt", n."CreatedBy", n."Error", n."Payload", n."Recipient", n."RetryCount", n."SentAt", n."Status", n."Subject", n."Type", n."UpdatedAt", n."UpdatedBy"
FROM "NotificationQueues" AS n
WHERE n."Type" = 'Email' AND n."SentAt" IS NULL AND n."RetryCount" < 3
LIMIT @__p_0
2026-06-03 21:37:41.563 +05:30 [DBG] Hangfire.Server.ServerHeartbeatProcess: Server antonyraj:30600:0e85fd10 heartbeat successfully sent
2026-06-03 21:37:41.610 +05:30 [INF] Microsoft.EntityFrameworkCore.Database.Command: Executed DbCommand (1ms) [Parameters=[@__p_0='?' (DbType = Int32)], CommandType='"Text"', CommandTimeout='30']
SELECT n."Id", n."CompanyId", n."CreatedAt", n."CreatedBy", n."Error", n."Payload", n."Recipient", n."RetryCount", n."SentAt", n."Status", n."Subject", n."Type", n."UpdatedAt", n."UpdatedBy"
FROM "NotificationQueues" AS n
WHERE n."Type" = 'WhatsApp' AND n."SentAt" IS NULL AND n."RetryCount" < 3
LIMIT @__p_0
2026-06-03 21:37:41.643 +05:30 [INF] Microsoft.EntityFrameworkCore.Database.Command: Executed DbCommand (1ms) [Parameters=[@__p_0='?' (DbType = Int32)], CommandType='"Text"', CommandTimeout='30']
SELECT n."Id", n."CompanyId", n."CreatedAt", n."CreatedBy", n."Error", n."Payload", n."Recipient", n."RetryCount", n."SentAt", n."Status", n."Subject", n."Type", n."UpdatedAt", n."UpdatedBy"
FROM "NotificationQueues" AS n
WHERE n."Type" = 'Sms' AND n."SentAt" IS NULL AND n."RetryCount" < 3
LIMIT @__p_0
2026-06-03 21:38:01.283 +05:30 [INF] Microsoft.EntityFrameworkCore.Database.Command: Executed DbCommand (1ms) [Parameters=[@__p_0='?' (DbType = Int32)], CommandType='"Text"', CommandTimeout='30']
SELECT n."Id", n."CompanyId", n."CreatedAt", n."CreatedBy", n."Error", n."Payload", n."Recipient", n."RetryCount", n."SentAt", n."Status", n."Subject", n."Type", n."UpdatedAt", n."UpdatedBy"
FROM "NotificationQueues" AS n
WHERE n."Type" = 'Email' AND n."SentAt" IS NULL AND n."RetryCount" < 3
LIMIT @__p_0
2026-06-03 21:38:11.587 +05:30 [DBG] Hangfire.Server.ServerHeartbeatProcess: Server antonyraj:30600:0e85fd10 heartbeat successfully sent
2026-06-03 21:38:11.623 +05:30 [INF] Microsoft.EntityFrameworkCore.Database.Command: Executed DbCommand (1ms) [Parameters=[@__p_0='?' (DbType = Int32)], CommandType='"Text"', CommandTimeout='30']
SELECT n."Id", n."CompanyId", n."CreatedAt", n."CreatedBy", n."Error", n."Payload", n."Recipient", n."RetryCount", n."SentAt", n."Status", n."Subject", n."Type", n."UpdatedAt", n."UpdatedBy"
FROM "NotificationQueues" AS n
WHERE n."Type" = 'WhatsApp' AND n."SentAt" IS NULL AND n."RetryCount" < 3
LIMIT @__p_0
2026-06-03 21:38:11.655 +05:30 [INF] Microsoft.EntityFrameworkCore.Database.Command: Executed DbCommand (1ms) [Parameters=[@__p_0='?' (DbType = Int32)], CommandType='"Text"', CommandTimeout='30']
SELECT n."Id", n."CompanyId", n."CreatedAt", n."CreatedBy", n."Error", n."Payload", n."Recipient", n."RetryCount", n."SentAt", n."Status", n."Subject", n."Type", n."UpdatedAt", n."UpdatedBy"
FROM "NotificationQueues" AS n
WHERE n."Type" = 'Sms' AND n."SentAt" IS NULL AND n."RetryCount" < 3
LIMIT @__p_0
2026-06-03 21:38:31.319 +05:30 [INF] Microsoft.EntityFrameworkCore.Database.Command: Executed DbCommand (1ms) [Parameters=[@__p_0='?' (DbType = Int32)], CommandType='"Text"', CommandTimeout='30']
SELECT n."Id", n."CompanyId", n."CreatedAt", n."CreatedBy", n."Error", n."Payload", n."Recipient", n."RetryCount", n."SentAt", n."Status", n."Subject", n."Type", n."UpdatedAt", n."UpdatedBy"
FROM "NotificationQueues" AS n
WHERE n."Type" = 'Email' AND n."SentAt" IS NULL AND n."RetryCount" < 3
LIMIT @__p_0
2026-06-03 21:38:41.620 +05:30 [DBG] Hangfire.Server.ServerHeartbeatProcess: Server antonyraj:30600:0e85fd10 heartbeat successfully sent
2026-06-03 21:38:41.637 +05:30 [INF] Microsoft.EntityFrameworkCore.Database.Command: Executed DbCommand (1ms) [Parameters=[@__p_0='?' (DbType = Int32)], CommandType='"Text"', CommandTimeout='30']
SELECT n."Id", n."CompanyId", n."CreatedAt", n."CreatedBy", n."Error", n."Payload", n."Recipient", n."RetryCount", n."SentAt", n."Status", n."Subject", n."Type", n."UpdatedAt", n."UpdatedBy"
FROM "NotificationQueues" AS n
WHERE n."Type" = 'WhatsApp' AND n."SentAt" IS NULL AND n."RetryCount" < 3
LIMIT @__p_0
2026-06-03 21:38:41.671 +05:30 [INF] Microsoft.EntityFrameworkCore.Database.Command: Executed DbCommand (1ms) [Parameters=[@__p_0='?' (DbType = Int32)], CommandType='"Text"', CommandTimeout='30']
SELECT n."Id", n."CompanyId", n."CreatedAt", n."CreatedBy", n."Error", n."Payload", n."Recipient", n."RetryCount", n."SentAt", n."Status", n."Subject", n."Type", n."UpdatedAt", n."UpdatedBy"
FROM "NotificationQueues" AS n
WHERE n."Type" = 'Sms' AND n."SentAt" IS NULL AND n."RetryCount" < 3
LIMIT @__p_0
2026-06-03 21:39:01.333 +05:30 [INF] Microsoft.EntityFrameworkCore.Database.Command: Executed DbCommand (1ms) [Parameters=[@__p_0='?' (DbType = Int32)], CommandType='"Text"', CommandTimeout='30']
SELECT n."Id", n."CompanyId", n."CreatedAt", n."CreatedBy", n."Error", n."Payload", n."Recipient", n."RetryCount", n."SentAt", n."Status", n."Subject", n."Type", n."UpdatedAt", n."UpdatedBy"
FROM "NotificationQueues" AS n
WHERE n."Type" = 'Email' AND n."SentAt" IS NULL AND n."RetryCount" < 3
LIMIT @__p_0
2026-06-03 21:39:11.633 +05:30 [DBG] Hangfire.Server.ServerHeartbeatProcess: Server antonyraj:30600:0e85fd10 heartbeat successfully sent
2026-06-03 21:39:11.651 +05:30 [INF] Microsoft.EntityFrameworkCore.Database.Command: Executed DbCommand (1ms) [Parameters=[@__p_0='?' (DbType = Int32)], CommandType='"Text"', CommandTimeout='30']
SELECT n."Id", n."CompanyId", n."CreatedAt", n."CreatedBy", n."Error", n."Payload", n."Recipient", n."RetryCount", n."SentAt", n."Status", n."Subject", n."Type", n."UpdatedAt", n."UpdatedBy"
FROM "NotificationQueues" AS n
WHERE n."Type" = 'WhatsApp' AND n."SentAt" IS NULL AND n."RetryCount" < 3
LIMIT @__p_0
2026-06-03 21:39:11.675 +05:30 [INF] Microsoft.EntityFrameworkCore.Database.Command: Executed DbCommand (1ms) [Parameters=[@__p_0='?' (DbType = Int32)], CommandType='"Text"', CommandTimeout='30']
SELECT n."Id", n."CompanyId", n."CreatedAt", n."CreatedBy", n."Error", n."Payload", n."Recipient", n."RetryCount", n."SentAt", n."Status", n."Subject", n."Type", n."UpdatedAt", n."UpdatedBy"
FROM "NotificationQueues" AS n
WHERE n."Type" = 'Sms' AND n."SentAt" IS NULL AND n."RetryCount" < 3
LIMIT @__p_0
2026-06-03 21:39:31.343 +05:30 [INF] Microsoft.EntityFrameworkCore.Database.Command: Executed DbCommand (1ms) [Parameters=[@__p_0='?' (DbType = Int32)], CommandType='"Text"', CommandTimeout='30']
SELECT n."Id", n."CompanyId", n."CreatedAt", n."CreatedBy", n."Error", n."Payload", n."Recipient", n."RetryCount", n."SentAt", n."Status", n."Subject", n."Type", n."UpdatedAt", n."UpdatedBy"
FROM "NotificationQueues" AS n
WHERE n."Type" = 'Email' AND n."SentAt" IS NULL AND n."RetryCount" < 3
LIMIT @__p_0
2026-06-03 21:39:41.640 +05:30 [DBG] Hangfire.Server.ServerHeartbeatProcess: Server antonyraj:30600:0e85fd10 heartbeat successfully sent
2026-06-03 21:39:41.660 +05:30 [INF] Microsoft.EntityFrameworkCore.Database.Command: Executed DbCommand (1ms) [Parameters=[@__p_0='?' (DbType = Int32)], CommandType='"Text"', CommandTimeout='30']
SELECT n."Id", n."CompanyId", n."CreatedAt", n."CreatedBy", n."Error", n."Payload", n."Recipient", n."RetryCount", n."SentAt", n."Status", n."Subject", n."Type", n."UpdatedAt", n."UpdatedBy"
FROM "NotificationQueues" AS n
WHERE n."Type" = 'WhatsApp' AND n."SentAt" IS NULL AND n."RetryCount" < 3
LIMIT @__p_0
2026-06-03 21:39:41.683 +05:30 [INF] Microsoft.EntityFrameworkCore.Database.Command: Executed DbCommand (1ms) [Parameters=[@__p_0='?' (DbType = Int32)], CommandType='"Text"', CommandTimeout='30']
SELECT n."Id", n."CompanyId", n."CreatedAt", n."CreatedBy", n."Error", n."Payload", n."Recipient", n."RetryCount", n."SentAt", n."Status", n."Subject", n."Type", n."UpdatedAt", n."UpdatedBy"
FROM "NotificationQueues" AS n
WHERE n."Type" = 'Sms' AND n."SentAt" IS NULL AND n."RetryCount" < 3
LIMIT @__p_0
2026-06-03 21:40:01.367 +05:30 [INF] Microsoft.EntityFrameworkCore.Database.Command: Executed DbCommand (1ms) [Parameters=[@__p_0='?' (DbType = Int32)], CommandType='"Text"', CommandTimeout='30']
SELECT n."Id", n."CompanyId", n."CreatedAt", n."CreatedBy", n."Error", n."Payload", n."Recipient", n."RetryCount", n."SentAt", n."Status", n."Subject", n."Type", n."UpdatedAt", n."UpdatedBy"
FROM "NotificationQueues" AS n
WHERE n."Type" = 'Email' AND n."SentAt" IS NULL AND n."RetryCount" < 3
LIMIT @__p_0
2026-06-03 21:40:09.592 +05:30 [DBG] Hangfire.PostgreSql.CountersAggregator: Aggregating records in 'Counter' table...
2026-06-03 21:40:09.936 +05:30 [INF] Microsoft.EntityFrameworkCore.Database.Command: Executed DbCommand (15ms) [Parameters=[], CommandType='"Text"', CommandTimeout='30']
SELECT s."Id", s."CompanyId", s."CreatedAt", s."CreatedBy", s."EmailRecipients", s."IsActive", s."LastTriggeredAt", s."NotifyRoles", s."ProductId", s."SendEmail", s."SendSms", s."SendWhatsApp", s."SmsRecipients", s."Threshold", s."Unit", s."UpdatedAt", s."UpdatedBy", s."WarehouseId", s."WhatsAppRecipients"
FROM "StockAlertRules" AS s
WHERE s."IsActive" AND s."IsActive"
2026-06-03 21:40:11.703 +05:30 [DBG] Hangfire.Server.ServerHeartbeatProcess: Server antonyraj:30600:0e85fd10 heartbeat successfully sent
2026-06-03 21:40:11.772 +05:30 [INF] Microsoft.EntityFrameworkCore.Database.Command: Executed DbCommand (3ms) [Parameters=[@__p_0='?' (DbType = Int32)], CommandType='"Text"', CommandTimeout='30']
SELECT n."Id", n."CompanyId", n."CreatedAt", n."CreatedBy", n."Error", n."Payload", n."Recipient", n."RetryCount", n."SentAt", n."Status", n."Subject", n."Type", n."UpdatedAt", n."UpdatedBy"
FROM "NotificationQueues" AS n
WHERE n."Type" = 'WhatsApp' AND n."SentAt" IS NULL AND n."RetryCount" < 3
LIMIT @__p_0
2026-06-03 21:40:11.776 +05:30 [INF] Microsoft.EntityFrameworkCore.Database.Command: Executed DbCommand (2ms) [Parameters=[@__p_0='?' (DbType = Int32)], CommandType='"Text"', CommandTimeout='30']
SELECT n."Id", n."CompanyId", n."CreatedAt", n."CreatedBy", n."Error", n."Payload", n."Recipient", n."RetryCount", n."SentAt", n."Status", n."Subject", n."Type", n."UpdatedAt", n."UpdatedBy"
FROM "NotificationQueues" AS n
WHERE n."Type" = 'Sms' AND n."SentAt" IS NULL AND n."RetryCount" < 3
LIMIT @__p_0
2026-06-03 21:40:31.381 +05:30 [INF] Microsoft.EntityFrameworkCore.Database.Command: Executed DbCommand (5ms) [Parameters=[@__p_0='?' (DbType = Int32)], CommandType='"Text"', CommandTimeout='30']
SELECT n."Id", n."CompanyId", n."CreatedAt", n."CreatedBy", n."Error", n."Payload", n."Recipient", n."RetryCount", n."SentAt", n."Status", n."Subject", n."Type", n."UpdatedAt", n."UpdatedBy"
FROM "NotificationQueues" AS n
WHERE n."Type" = 'Email' AND n."SentAt" IS NULL AND n."RetryCount" < 3
LIMIT @__p_0
2026-06-03 21:40:41.714 +05:30 [DBG] Hangfire.Server.ServerHeartbeatProcess: Server antonyraj:30600:0e85fd10 heartbeat successfully sent
2026-06-03 21:40:41.783 +05:30 [INF] Microsoft.EntityFrameworkCore.Database.Command: Executed DbCommand (1ms) [Parameters=[@__p_0='?' (DbType = Int32)], CommandType='"Text"', CommandTimeout='30']
SELECT n."Id", n."CompanyId", n."CreatedAt", n."CreatedBy", n."Error", n."Payload", n."Recipient", n."RetryCount", n."SentAt", n."Status", n."Subject", n."Type", n."UpdatedAt", n."UpdatedBy"
FROM "NotificationQueues" AS n
WHERE n."Type" = 'WhatsApp' AND n."SentAt" IS NULL AND n."RetryCount" < 3
LIMIT @__p_0
2026-06-03 21:40:41.783 +05:30 [INF] Microsoft.EntityFrameworkCore.Database.Command: Executed DbCommand (1ms) [Parameters=[@__p_0='?' (DbType = Int32)], CommandType='"Text"', CommandTimeout='30']
SELECT n."Id", n."CompanyId", n."CreatedAt", n."CreatedBy", n."Error", n."Payload", n."Recipient", n."RetryCount", n."SentAt", n."Status", n."Subject", n."Type", n."UpdatedAt", n."UpdatedBy"
FROM "NotificationQueues" AS n
WHERE n."Type" = 'Sms' AND n."SentAt" IS NULL AND n."RetryCount" < 3
LIMIT @__p_0
2026-06-03 21:41:01.398 +05:30 [INF] Microsoft.EntityFrameworkCore.Database.Command: Executed DbCommand (1ms) [Parameters=[@__p_0='?' (DbType = Int32)], CommandType='"Text"', CommandTimeout='30']
SELECT n."Id", n."CompanyId", n."CreatedAt", n."CreatedBy", n."Error", n."Payload", n."Recipient", n."RetryCount", n."SentAt", n."Status", n."Subject", n."Type", n."UpdatedAt", n."UpdatedBy"
FROM "NotificationQueues" AS n
WHERE n."Type" = 'Email' AND n."SentAt" IS NULL AND n."RetryCount" < 3
LIMIT @__p_0
2026-06-03 21:41:11.741 +05:30 [DBG] Hangfire.Server.ServerHeartbeatProcess: Server antonyraj:30600:0e85fd10 heartbeat successfully sent
2026-06-03 21:41:11.789 +05:30 [INF] Microsoft.EntityFrameworkCore.Database.Command: Executed DbCommand (1ms) [Parameters=[@__p_0='?' (DbType = Int32)], CommandType='"Text"', CommandTimeout='30']
SELECT n."Id", n."CompanyId", n."CreatedAt", n."CreatedBy", n."Error", n."Payload", n."Recipient", n."RetryCount", n."SentAt", n."Status", n."Subject", n."Type", n."UpdatedAt", n."UpdatedBy"
FROM "NotificationQueues" AS n
WHERE n."Type" = 'Sms' AND n."SentAt" IS NULL AND n."RetryCount" < 3
LIMIT @__p_0
2026-06-03 21:41:11.790 +05:30 [INF] Microsoft.EntityFrameworkCore.Database.Command: Executed DbCommand (1ms) [Parameters=[@__p_0='?' (DbType = Int32)], CommandType='"Text"', CommandTimeout='30']
SELECT n."Id", n."CompanyId", n."CreatedAt", n."CreatedBy", n."Error", n."Payload", n."Recipient", n."RetryCount", n."SentAt", n."Status", n."Subject", n."Type", n."UpdatedAt", n."UpdatedBy"
FROM "NotificationQueues" AS n
WHERE n."Type" = 'WhatsApp' AND n."SentAt" IS NULL AND n."RetryCount" < 3
LIMIT @__p_0
2026-06-03 21:41:31.407 +05:30 [INF] Microsoft.EntityFrameworkCore.Database.Command: Executed DbCommand (2ms) [Parameters=[@__p_0='?' (DbType = Int32)], CommandType='"Text"', CommandTimeout='30']
SELECT n."Id", n."CompanyId", n."CreatedAt", n."CreatedBy", n."Error", n."Payload", n."Recipient", n."RetryCount", n."SentAt", n."Status", n."Subject", n."Type", n."UpdatedAt", n."UpdatedBy"
FROM "NotificationQueues" AS n
WHERE n."Type" = 'Email' AND n."SentAt" IS NULL AND n."RetryCount" < 3
LIMIT @__p_0
2026-06-03 21:41:41.753 +05:30 [DBG] Hangfire.Server.ServerHeartbeatProcess: Server antonyraj:30600:0e85fd10 heartbeat successfully sent
2026-06-03 21:41:41.801 +05:30 [INF] Microsoft.EntityFrameworkCore.Database.Command: Executed DbCommand (1ms) [Parameters=[@__p_0='?' (DbType = Int32)], CommandType='"Text"', CommandTimeout='30']
SELECT n."Id", n."CompanyId", n."CreatedAt", n."CreatedBy", n."Error", n."Payload", n."Recipient", n."RetryCount", n."SentAt", n."Status", n."Subject", n."Type", n."UpdatedAt", n."UpdatedBy"
FROM "NotificationQueues" AS n
WHERE n."Type" = 'Sms' AND n."SentAt" IS NULL AND n."RetryCount" < 3
LIMIT @__p_0
2026-06-03 21:41:41.801 +05:30 [INF] Microsoft.EntityFrameworkCore.Database.Command: Executed DbCommand (1ms) [Parameters=[@__p_0='?' (DbType = Int32)], CommandType='"Text"', CommandTimeout='30']
SELECT n."Id", n."CompanyId", n."CreatedAt", n."CreatedBy", n."Error", n."Payload", n."Recipient", n."RetryCount", n."SentAt", n."Status", n."Subject", n."Type", n."UpdatedAt", n."UpdatedBy"
FROM "NotificationQueues" AS n
WHERE n."Type" = 'WhatsApp' AND n."SentAt" IS NULL AND n."RetryCount" < 3
LIMIT @__p_0
2026-06-03 21:42:01.428 +05:30 [INF] Microsoft.EntityFrameworkCore.Database.Command: Executed DbCommand (1ms) [Parameters=[@__p_0='?' (DbType = Int32)], CommandType='"Text"', CommandTimeout='30']
SELECT n."Id", n."CompanyId", n."CreatedAt", n."CreatedBy", n."Error", n."Payload", n."Recipient", n."RetryCount", n."SentAt", n."Status", n."Subject", n."Type", n."UpdatedAt", n."UpdatedBy"
FROM "NotificationQueues" AS n
WHERE n."Type" = 'Email' AND n."SentAt" IS NULL AND n."RetryCount" < 3
LIMIT @__p_0
2026-06-03 21:42:11.776 +05:30 [DBG] Hangfire.Server.ServerHeartbeatProcess: Server antonyraj:30600:0e85fd10 heartbeat successfully sent
2026-06-03 21:42:11.810 +05:30 [INF] Microsoft.EntityFrameworkCore.Database.Command: Executed DbCommand (1ms) [Parameters=[@__p_0='?' (DbType = Int32)], CommandType='"Text"', CommandTimeout='30']
SELECT n."Id", n."CompanyId", n."CreatedAt", n."CreatedBy", n."Error", n."Payload", n."Recipient", n."RetryCount", n."SentAt", n."Status", n."Subject", n."Type", n."UpdatedAt", n."UpdatedBy"
FROM "NotificationQueues" AS n
WHERE n."Type" = 'Sms' AND n."SentAt" IS NULL AND n."RetryCount" < 3
LIMIT @__p_0
2026-06-03 21:42:11.810 +05:30 [INF] Microsoft.EntityFrameworkCore.Database.Command: Executed DbCommand (1ms) [Parameters=[@__p_0='?' (DbType = Int32)], CommandType='"Text"', CommandTimeout='30']
SELECT n."Id", n."CompanyId", n."CreatedAt", n."CreatedBy", n."Error", n."Payload", n."Recipient", n."RetryCount", n."SentAt", n."Status", n."Subject", n."Type", n."UpdatedAt", n."UpdatedBy"
FROM "NotificationQueues" AS n
WHERE n."Type" = 'WhatsApp' AND n."SentAt" IS NULL AND n."RetryCount" < 3
LIMIT @__p_0
2026-06-03 21:42:31.452 +05:30 [INF] Microsoft.EntityFrameworkCore.Database.Command: Executed DbCommand (1ms) [Parameters=[@__p_0='?' (DbType = Int32)], CommandType='"Text"', CommandTimeout='30']
SELECT n."Id", n."CompanyId", n."CreatedAt", n."CreatedBy", n."Error", n."Payload", n."Recipient", n."RetryCount", n."SentAt", n."Status", n."Subject", n."Type", n."UpdatedAt", n."UpdatedBy"
FROM "NotificationQueues" AS n
WHERE n."Type" = 'Email' AND n."SentAt" IS NULL AND n."RetryCount" < 3
LIMIT @__p_0
2026-06-03 21:42:41.803 +05:30 [DBG] Hangfire.Server.ServerHeartbeatProcess: Server antonyraj:30600:0e85fd10 heartbeat successfully sent
2026-06-03 21:42:41.822 +05:30 [INF] Microsoft.EntityFrameworkCore.Database.Command: Executed DbCommand (1ms) [Parameters=[@__p_0='?' (DbType = Int32)], CommandType='"Text"', CommandTimeout='30']
SELECT n."Id", n."CompanyId", n."CreatedAt", n."CreatedBy", n."Error", n."Payload", n."Recipient", n."RetryCount", n."SentAt", n."Status", n."Subject", n."Type", n."UpdatedAt", n."UpdatedBy"
FROM "NotificationQueues" AS n
WHERE n."Type" = 'Sms' AND n."SentAt" IS NULL AND n."RetryCount" < 3
LIMIT @__p_0
2026-06-03 21:42:41.822 +05:30 [INF] Microsoft.EntityFrameworkCore.Database.Command: Executed DbCommand (1ms) [Parameters=[@__p_0='?' (DbType = Int32)], CommandType='"Text"', CommandTimeout='30']
SELECT n."Id", n."CompanyId", n."CreatedAt", n."CreatedBy", n."Error", n."Payload", n."Recipient", n."RetryCount", n."SentAt", n."Status", n."Subject", n."Type", n."UpdatedAt", n."UpdatedBy"
FROM "NotificationQueues" AS n
WHERE n."Type" = 'WhatsApp' AND n."SentAt" IS NULL AND n."RetryCount" < 3
LIMIT @__p_0
2026-06-03 21:43:01.463 +05:30 [INF] Microsoft.EntityFrameworkCore.Database.Command: Executed DbCommand (2ms) [Parameters=[@__p_0='?' (DbType = Int32)], CommandType='"Text"', CommandTimeout='30']
SELECT n."Id", n."CompanyId", n."CreatedAt", n."CreatedBy", n."Error", n."Payload", n."Recipient", n."RetryCount", n."SentAt", n."Status", n."Subject", n."Type", n."UpdatedAt", n."UpdatedBy"
FROM "NotificationQueues" AS n
WHERE n."Type" = 'Email' AND n."SentAt" IS NULL AND n."RetryCount" < 3
LIMIT @__p_0
2026-06-03 21:43:11.831 +05:30 [DBG] Hangfire.Server.ServerHeartbeatProcess: Server antonyraj:30600:0e85fd10 heartbeat successfully sent
2026-06-03 21:43:11.834 +05:30 [INF] Microsoft.EntityFrameworkCore.Database.Command: Executed DbCommand (2ms) [Parameters=[@__p_0='?' (DbType = Int32)], CommandType='"Text"', CommandTimeout='30']
SELECT n."Id", n."CompanyId", n."CreatedAt", n."CreatedBy", n."Error", n."Payload", n."Recipient", n."RetryCount", n."SentAt", n."Status", n."Subject", n."Type", n."UpdatedAt", n."UpdatedBy"
FROM "NotificationQueues" AS n
WHERE n."Type" = 'Sms' AND n."SentAt" IS NULL AND n."RetryCount" < 3
LIMIT @__p_0
2026-06-03 21:43:11.836 +05:30 [INF] Microsoft.EntityFrameworkCore.Database.Command: Executed DbCommand (1ms) [Parameters=[@__p_0='?' (DbType = Int32)], CommandType='"Text"', CommandTimeout='30']
SELECT n."Id", n."CompanyId", n."CreatedAt", n."CreatedBy", n."Error", n."Payload", n."Recipient", n."RetryCount", n."SentAt", n."Status", n."Subject", n."Type", n."UpdatedAt", n."UpdatedBy"
FROM "NotificationQueues" AS n
WHERE n."Type" = 'WhatsApp' AND n."SentAt" IS NULL AND n."RetryCount" < 3
LIMIT @__p_0
2026-06-03 21:43:31.492 +05:30 [INF] Microsoft.EntityFrameworkCore.Database.Command: Executed DbCommand (1ms) [Parameters=[@__p_0='?' (DbType = Int32)], CommandType='"Text"', CommandTimeout='30']
SELECT n."Id", n."CompanyId", n."CreatedAt", n."CreatedBy", n."Error", n."Payload", n."Recipient", n."RetryCount", n."SentAt", n."Status", n."Subject", n."Type", n."UpdatedAt", n."UpdatedBy"
FROM "NotificationQueues" AS n
WHERE n."Type" = 'Email' AND n."SentAt" IS NULL AND n."RetryCount" < 3
LIMIT @__p_0
2026-06-03 21:43:41.854 +05:30 [DBG] Hangfire.Server.ServerHeartbeatProcess: Server antonyraj:30600:0e85fd10 heartbeat successfully sent
2026-06-03 21:43:41.876 +05:30 [INF] Microsoft.EntityFrameworkCore.Database.Command: Executed DbCommand (1ms) [Parameters=[@__p_0='?' (DbType = Int32)], CommandType='"Text"', CommandTimeout='30']
SELECT n."Id", n."CompanyId", n."CreatedAt", n."CreatedBy", n."Error", n."Payload", n."Recipient", n."RetryCount", n."SentAt", n."Status", n."Subject", n."Type", n."UpdatedAt", n."UpdatedBy"
FROM "NotificationQueues" AS n
WHERE n."Type" = 'WhatsApp' AND n."SentAt" IS NULL AND n."RetryCount" < 3
LIMIT @__p_0
2026-06-03 21:43:41.876 +05:30 [INF] Microsoft.EntityFrameworkCore.Database.Command: Executed DbCommand (1ms) [Parameters=[@__p_0='?' (DbType = Int32)], CommandType='"Text"', CommandTimeout='30']
SELECT n."Id", n."CompanyId", n."CreatedAt", n."CreatedBy", n."Error", n."Payload", n."Recipient", n."RetryCount", n."SentAt", n."Status", n."Subject", n."Type", n."UpdatedAt", n."UpdatedBy"
FROM "NotificationQueues" AS n
WHERE n."Type" = 'Sms' AND n."SentAt" IS NULL AND n."RetryCount" < 3
LIMIT @__p_0
2026-06-03 21:44:01.506 +05:30 [INF] Microsoft.EntityFrameworkCore.Database.Command: Executed DbCommand (1ms) [Parameters=[@__p_0='?' (DbType = Int32)], CommandType='"Text"', CommandTimeout='30']
SELECT n."Id", n."CompanyId", n."CreatedAt", n."CreatedBy", n."Error", n."Payload", n."Recipient", n."RetryCount", n."SentAt", n."Status", n."Subject", n."Type", n."UpdatedAt", n."UpdatedBy"
FROM "NotificationQueues" AS n
WHERE n."Type" = 'Email' AND n."SentAt" IS NULL AND n."RetryCount" < 3
LIMIT @__p_0
2026-06-03 21:44:11.867 +05:30 [DBG] Hangfire.Server.ServerHeartbeatProcess: Server antonyraj:30600:0e85fd10 heartbeat successfully sent
2026-06-03 21:44:11.900 +05:30 [INF] Microsoft.EntityFrameworkCore.Database.Command: Executed DbCommand (1ms) [Parameters=[@__p_0='?' (DbType = Int32)], CommandType='"Text"', CommandTimeout='30']
SELECT n."Id", n."CompanyId", n."CreatedAt", n."CreatedBy", n."Error", n."Payload", n."Recipient", n."RetryCount", n."SentAt", n."Status", n."Subject", n."Type", n."UpdatedAt", n."UpdatedBy"
FROM "NotificationQueues" AS n
WHERE n."Type" = 'Sms' AND n."SentAt" IS NULL AND n."RetryCount" < 3
LIMIT @__p_0
2026-06-03 21:44:11.900 +05:30 [INF] Microsoft.EntityFrameworkCore.Database.Command: Executed DbCommand (1ms) [Parameters=[@__p_0='?' (DbType = Int32)], CommandType='"Text"', CommandTimeout='30']
SELECT n."Id", n."CompanyId", n."CreatedAt", n."CreatedBy", n."Error", n."Payload", n."Recipient", n."RetryCount", n."SentAt", n."Status", n."Subject", n."Type", n."UpdatedAt", n."UpdatedBy"
FROM "NotificationQueues" AS n
WHERE n."Type" = 'WhatsApp' AND n."SentAt" IS NULL AND n."RetryCount" < 3
LIMIT @__p_0
2026-06-03 21:44:31.517 +05:30 [INF] Microsoft.EntityFrameworkCore.Database.Command: Executed DbCommand (1ms) [Parameters=[@__p_0='?' (DbType = Int32)], CommandType='"Text"', CommandTimeout='30']
SELECT n."Id", n."CompanyId", n."CreatedAt", n."CreatedBy", n."Error", n."Payload", n."Recipient", n."RetryCount", n."SentAt", n."Status", n."Subject", n."Type", n."UpdatedAt", n."UpdatedBy"
FROM "NotificationQueues" AS n
WHERE n."Type" = 'Email' AND n."SentAt" IS NULL AND n."RetryCount" < 3
LIMIT @__p_0
2026-06-03 21:44:41.881 +05:30 [DBG] Hangfire.Server.ServerHeartbeatProcess: Server antonyraj:30600:0e85fd10 heartbeat successfully sent
2026-06-03 21:44:41.916 +05:30 [INF] Microsoft.EntityFrameworkCore.Database.Command: Executed DbCommand (1ms) [Parameters=[@__p_0='?' (DbType = Int32)], CommandType='"Text"', CommandTimeout='30']
SELECT n."Id", n."CompanyId", n."CreatedAt", n."CreatedBy", n."Error", n."Payload", n."Recipient", n."RetryCount", n."SentAt", n."Status", n."Subject", n."Type", n."UpdatedAt", n."UpdatedBy"
FROM "NotificationQueues" AS n
WHERE n."Type" = 'Sms' AND n."SentAt" IS NULL AND n."RetryCount" < 3
LIMIT @__p_0
2026-06-03 21:44:41.916 +05:30 [INF] Microsoft.EntityFrameworkCore.Database.Command: Executed DbCommand (1ms) [Parameters=[@__p_0='?' (DbType = Int32)], CommandType='"Text"', CommandTimeout='30']
SELECT n."Id", n."CompanyId", n."CreatedAt", n."CreatedBy", n."Error", n."Payload", n."Recipient", n."RetryCount", n."SentAt", n."Status", n."Subject", n."Type", n."UpdatedAt", n."UpdatedBy"
FROM "NotificationQueues" AS n
WHERE n."Type" = 'WhatsApp' AND n."SentAt" IS NULL AND n."RetryCount" < 3
LIMIT @__p_0
2026-06-03 21:45:01.528 +05:30 [INF] Microsoft.EntityFrameworkCore.Database.Command: Executed DbCommand (2ms) [Parameters=[@__p_0='?' (DbType = Int32)], CommandType='"Text"', CommandTimeout='30']
SELECT n."Id", n."CompanyId", n."CreatedAt", n."CreatedBy", n."Error", n."Payload", n."Recipient", n."RetryCount", n."SentAt", n."Status", n."Subject", n."Type", n."UpdatedAt", n."UpdatedBy"
FROM "NotificationQueues" AS n
WHERE n."Type" = 'Email' AND n."SentAt" IS NULL AND n."RetryCount" < 3
LIMIT @__p_0
2026-06-03 21:45:09.702 +05:30 [DBG] Hangfire.PostgreSql.CountersAggregator: Aggregating records in 'Counter' table...
2026-06-03 21:45:11.891 +05:30 [DBG] Hangfire.Server.ServerHeartbeatProcess: Server antonyraj:30600:0e85fd10 heartbeat successfully sent
2026-06-03 21:45:11.925 +05:30 [INF] Microsoft.EntityFrameworkCore.Database.Command: Executed DbCommand (1ms) [Parameters=[@__p_0='?' (DbType = Int32)], CommandType='"Text"', CommandTimeout='30']
SELECT n."Id", n."CompanyId", n."CreatedAt", n."CreatedBy", n."Error", n."Payload", n."Recipient", n."RetryCount", n."SentAt", n."Status", n."Subject", n."Type", n."UpdatedAt", n."UpdatedBy"
FROM "NotificationQueues" AS n
WHERE n."Type" = 'Sms' AND n."SentAt" IS NULL AND n."RetryCount" < 3
LIMIT @__p_0
2026-06-03 21:45:11.928 +05:30 [INF] Microsoft.EntityFrameworkCore.Database.Command: Executed DbCommand (0ms) [Parameters=[@__p_0='?' (DbType = Int32)], CommandType='"Text"', CommandTimeout='30']
SELECT n."Id", n."CompanyId", n."CreatedAt", n."CreatedBy", n."Error", n."Payload", n."Recipient", n."RetryCount", n."SentAt", n."Status", n."Subject", n."Type", n."UpdatedAt", n."UpdatedBy"
FROM "NotificationQueues" AS n
WHERE n."Type" = 'WhatsApp' AND n."SentAt" IS NULL AND n."RetryCount" < 3
LIMIT @__p_0
2026-06-03 21:45:31.558 +05:30 [INF] Microsoft.EntityFrameworkCore.Database.Command: Executed DbCommand (2ms) [Parameters=[@__p_0='?' (DbType = Int32)], CommandType='"Text"', CommandTimeout='30']
SELECT n."Id", n."CompanyId", n."CreatedAt", n."CreatedBy", n."Error", n."Payload", n."Recipient", n."RetryCount", n."SentAt", n."Status", n."Subject", n."Type", n."UpdatedAt", n."UpdatedBy"
FROM "NotificationQueues" AS n
WHERE n."Type" = 'Email' AND n."SentAt" IS NULL AND n."RetryCount" < 3
LIMIT @__p_0
2026-06-03 21:45:41.906 +05:30 [DBG] Hangfire.Server.ServerHeartbeatProcess: Server antonyraj:30600:0e85fd10 heartbeat successfully sent
2026-06-03 21:45:41.949 +05:30 [INF] Microsoft.EntityFrameworkCore.Database.Command: Executed DbCommand (2ms) [Parameters=[@__p_0='?' (DbType = Int32)], CommandType='"Text"', CommandTimeout='30']
SELECT n."Id", n."CompanyId", n."CreatedAt", n."CreatedBy", n."Error", n."Payload", n."Recipient", n."RetryCount", n."SentAt", n."Status", n."Subject", n."Type", n."UpdatedAt", n."UpdatedBy"
FROM "NotificationQueues" AS n
WHERE n."Type" = 'WhatsApp' AND n."SentAt" IS NULL AND n."RetryCount" < 3
LIMIT @__p_0
2026-06-03 21:45:41.949 +05:30 [INF] Microsoft.EntityFrameworkCore.Database.Command: Executed DbCommand (1ms) [Parameters=[@__p_0='?' (DbType = Int32)], CommandType='"Text"', CommandTimeout='30']
SELECT n."Id", n."CompanyId", n."CreatedAt", n."CreatedBy", n."Error", n."Payload", n."Recipient", n."RetryCount", n."SentAt", n."Status", n."Subject", n."Type", n."UpdatedAt", n."UpdatedBy"
FROM "NotificationQueues" AS n
WHERE n."Type" = 'Sms' AND n."SentAt" IS NULL AND n."RetryCount" < 3
LIMIT @__p_0
2026-06-03 21:46:01.587 +05:30 [INF] Microsoft.EntityFrameworkCore.Database.Command: Executed DbCommand (7ms) [Parameters=[@__p_0='?' (DbType = Int32)], CommandType='"Text"', CommandTimeout='30']
SELECT n."Id", n."CompanyId", n."CreatedAt", n."CreatedBy", n."Error", n."Payload", n."Recipient", n."RetryCount", n."SentAt", n."Status", n."Subject", n."Type", n."UpdatedAt", n."UpdatedBy"
FROM "NotificationQueues" AS n
WHERE n."Type" = 'Email' AND n."SentAt" IS NULL AND n."RetryCount" < 3
LIMIT @__p_0
2026-06-03 21:46:11.922 +05:30 [DBG] Hangfire.Server.ServerHeartbeatProcess: Server antonyraj:30600:0e85fd10 heartbeat successfully sent
2026-06-03 21:46:11.964 +05:30 [INF] Microsoft.EntityFrameworkCore.Database.Command: Executed DbCommand (1ms) [Parameters=[@__p_0='?' (DbType = Int32)], CommandType='"Text"', CommandTimeout='30']
SELECT n."Id", n."CompanyId", n."CreatedAt", n."CreatedBy", n."Error", n."Payload", n."Recipient", n."RetryCount", n."SentAt", n."Status", n."Subject", n."Type", n."UpdatedAt", n."UpdatedBy"
FROM "NotificationQueues" AS n
WHERE n."Type" = 'Sms' AND n."SentAt" IS NULL AND n."RetryCount" < 3
LIMIT @__p_0
2026-06-03 21:46:11.965 +05:30 [INF] Microsoft.EntityFrameworkCore.Database.Command: Executed DbCommand (2ms) [Parameters=[@__p_0='?' (DbType = Int32)], CommandType='"Text"', CommandTimeout='30']
SELECT n."Id", n."CompanyId", n."CreatedAt", n."CreatedBy", n."Error", n."Payload", n."Recipient", n."RetryCount", n."SentAt", n."Status", n."Subject", n."Type", n."UpdatedAt", n."UpdatedBy"
FROM "NotificationQueues" AS n
WHERE n."Type" = 'WhatsApp' AND n."SentAt" IS NULL AND n."RetryCount" < 3
LIMIT @__p_0
2026-06-03 21:46:31.617 +05:30 [INF] Microsoft.EntityFrameworkCore.Database.Command: Executed DbCommand (1ms) [Parameters=[@__p_0='?' (DbType = Int32)], CommandType='"Text"', CommandTimeout='30']
SELECT n."Id", n."CompanyId", n."CreatedAt", n."CreatedBy", n."Error", n."Payload", n."Recipient", n."RetryCount", n."SentAt", n."Status", n."Subject", n."Type", n."UpdatedAt", n."UpdatedBy"
FROM "NotificationQueues" AS n
WHERE n."Type" = 'Email' AND n."SentAt" IS NULL AND n."RetryCount" < 3
LIMIT @__p_0
2026-06-03 21:46:41.931 +05:30 [DBG] Hangfire.Server.ServerHeartbeatProcess: Server antonyraj:30600:0e85fd10 heartbeat successfully sent
2026-06-03 21:46:41.973 +05:30 [INF] Microsoft.EntityFrameworkCore.Database.Command: Executed DbCommand (1ms) [Parameters=[@__p_0='?' (DbType = Int32)], CommandType='"Text"', CommandTimeout='30']
SELECT n."Id", n."CompanyId", n."CreatedAt", n."CreatedBy", n."Error", n."Payload", n."Recipient", n."RetryCount", n."SentAt", n."Status", n."Subject", n."Type", n."UpdatedAt", n."UpdatedBy"
FROM "NotificationQueues" AS n
WHERE n."Type" = 'Sms' AND n."SentAt" IS NULL AND n."RetryCount" < 3
LIMIT @__p_0
2026-06-03 21:46:41.989 +05:30 [INF] Microsoft.EntityFrameworkCore.Database.Command: Executed DbCommand (1ms) [Parameters=[@__p_0='?' (DbType = Int32)], CommandType='"Text"', CommandTimeout='30']
SELECT n."Id", n."CompanyId", n."CreatedAt", n."CreatedBy", n."Error", n."Payload", n."Recipient", n."RetryCount", n."SentAt", n."Status", n."Subject", n."Type", n."UpdatedAt", n."UpdatedBy"
FROM "NotificationQueues" AS n
WHERE n."Type" = 'WhatsApp' AND n."SentAt" IS NULL AND n."RetryCount" < 3
LIMIT @__p_0
2026-06-03 21:47:01.626 +05:30 [INF] Microsoft.EntityFrameworkCore.Database.Command: Executed DbCommand (1ms) [Parameters=[@__p_0='?' (DbType = Int32)], CommandType='"Text"', CommandTimeout='30']
SELECT n."Id", n."CompanyId", n."CreatedAt", n."CreatedBy", n."Error", n."Payload", n."Recipient", n."RetryCount", n."SentAt", n."Status", n."Subject", n."Type", n."UpdatedAt", n."UpdatedBy"
FROM "NotificationQueues" AS n
WHERE n."Type" = 'Email' AND n."SentAt" IS NULL AND n."RetryCount" < 3
LIMIT @__p_0
2026-06-03 21:47:11.933 +05:30 [DBG] Hangfire.Server.ServerHeartbeatProcess: Server antonyraj:30600:0e85fd10 heartbeat successfully sent
2026-06-03 21:47:11.983 +05:30 [INF] Microsoft.EntityFrameworkCore.Database.Command: Executed DbCommand (1ms) [Parameters=[@__p_0='?' (DbType = Int32)], CommandType='"Text"', CommandTimeout='30']
SELECT n."Id", n."CompanyId", n."CreatedAt", n."CreatedBy", n."Error", n."Payload", n."Recipient", n."RetryCount", n."SentAt", n."Status", n."Subject", n."Type", n."UpdatedAt", n."UpdatedBy"
FROM "NotificationQueues" AS n
WHERE n."Type" = 'Sms' AND n."SentAt" IS NULL AND n."RetryCount" < 3
LIMIT @__p_0
2026-06-03 21:47:12.000 +05:30 [INF] Microsoft.EntityFrameworkCore.Database.Command: Executed DbCommand (1ms) [Parameters=[@__p_0='?' (DbType = Int32)], CommandType='"Text"', CommandTimeout='30']
SELECT n."Id", n."CompanyId", n."CreatedAt", n."CreatedBy", n."Error", n."Payload", n."Recipient", n."RetryCount", n."SentAt", n."Status", n."Subject", n."Type", n."UpdatedAt", n."UpdatedBy"
FROM "NotificationQueues" AS n
WHERE n."Type" = 'WhatsApp' AND n."SentAt" IS NULL AND n."RetryCount" < 3
LIMIT @__p_0
2026-06-03 21:47:31.651 +05:30 [INF] Microsoft.EntityFrameworkCore.Database.Command: Executed DbCommand (2ms) [Parameters=[@__p_0='?' (DbType = Int32)], CommandType='"Text"', CommandTimeout='30']
SELECT n."Id", n."CompanyId", n."CreatedAt", n."CreatedBy", n."Error", n."Payload", n."Recipient", n."RetryCount", n."SentAt", n."Status", n."Subject", n."Type", n."UpdatedAt", n."UpdatedBy"
FROM "NotificationQueues" AS n
WHERE n."Type" = 'Email' AND n."SentAt" IS NULL AND n."RetryCount" < 3
LIMIT @__p_0
2026-06-03 21:47:41.962 +05:30 [DBG] Hangfire.Server.ServerHeartbeatProcess: Server antonyraj:30600:0e85fd10 heartbeat successfully sent
2026-06-03 21:47:41.995 +05:30 [INF] Microsoft.EntityFrameworkCore.Database.Command: Executed DbCommand (1ms) [Parameters=[@__p_0='?' (DbType = Int32)], CommandType='"Text"', CommandTimeout='30']
SELECT n."Id", n."CompanyId", n."CreatedAt", n."CreatedBy", n."Error", n."Payload", n."Recipient", n."RetryCount", n."SentAt", n."Status", n."Subject", n."Type", n."UpdatedAt", n."UpdatedBy"
FROM "NotificationQueues" AS n
WHERE n."Type" = 'Sms' AND n."SentAt" IS NULL AND n."RetryCount" < 3
LIMIT @__p_0
2026-06-03 21:47:42.007 +05:30 [INF] Microsoft.EntityFrameworkCore.Database.Command: Executed DbCommand (1ms) [Parameters=[@__p_0='?' (DbType = Int32)], CommandType='"Text"', CommandTimeout='30']
SELECT n."Id", n."CompanyId", n."CreatedAt", n."CreatedBy", n."Error", n."Payload", n."Recipient", n."RetryCount", n."SentAt", n."Status", n."Subject", n."Type", n."UpdatedAt", n."UpdatedBy"
FROM "NotificationQueues" AS n
WHERE n."Type" = 'WhatsApp' AND n."SentAt" IS NULL AND n."RetryCount" < 3
LIMIT @__p_0
2026-06-03 21:48:01.671 +05:30 [INF] Microsoft.EntityFrameworkCore.Database.Command: Executed DbCommand (2ms) [Parameters=[@__p_0='?' (DbType = Int32)], CommandType='"Text"', CommandTimeout='30']
SELECT n."Id", n."CompanyId", n."CreatedAt", n."CreatedBy", n."Error", n."Payload", n."Recipient", n."RetryCount", n."SentAt", n."Status", n."Subject", n."Type", n."UpdatedAt", n."UpdatedBy"
FROM "NotificationQueues" AS n
WHERE n."Type" = 'Email' AND n."SentAt" IS NULL AND n."RetryCount" < 3
LIMIT @__p_0
2026-06-03 21:48:11.986 +05:30 [DBG] Hangfire.Server.ServerHeartbeatProcess: Server antonyraj:30600:0e85fd10 heartbeat successfully sent
2026-06-03 21:48:12.006 +05:30 [INF] Microsoft.EntityFrameworkCore.Database.Command: Executed DbCommand (1ms) [Parameters=[@__p_0='?' (DbType = Int32)], CommandType='"Text"', CommandTimeout='30']
SELECT n."Id", n."CompanyId", n."CreatedAt", n."CreatedBy", n."Error", n."Payload", n."Recipient", n."RetryCount", n."SentAt", n."Status", n."Subject", n."Type", n."UpdatedAt", n."UpdatedBy"
FROM "NotificationQueues" AS n
WHERE n."Type" = 'Sms' AND n."SentAt" IS NULL AND n."RetryCount" < 3
LIMIT @__p_0
2026-06-03 21:48:12.028 +05:30 [INF] Microsoft.EntityFrameworkCore.Database.Command: Executed DbCommand (4ms) [Parameters=[@__p_0='?' (DbType = Int32)], CommandType='"Text"', CommandTimeout='30']
SELECT n."Id", n."CompanyId", n."CreatedAt", n."CreatedBy", n."Error", n."Payload", n."Recipient", n."RetryCount", n."SentAt", n."Status", n."Subject", n."Type", n."UpdatedAt", n."UpdatedBy"
FROM "NotificationQueues" AS n
WHERE n."Type" = 'WhatsApp' AND n."SentAt" IS NULL AND n."RetryCount" < 3
LIMIT @__p_0
2026-06-03 21:48:31.682 +05:30 [INF] Microsoft.EntityFrameworkCore.Database.Command: Executed DbCommand (1ms) [Parameters=[@__p_0='?' (DbType = Int32)], CommandType='"Text"', CommandTimeout='30']
SELECT n."Id", n."CompanyId", n."CreatedAt", n."CreatedBy", n."Error", n."Payload", n."Recipient", n."RetryCount", n."SentAt", n."Status", n."Subject", n."Type", n."UpdatedAt", n."UpdatedBy"
FROM "NotificationQueues" AS n
WHERE n."Type" = 'Email' AND n."SentAt" IS NULL AND n."RetryCount" < 3
LIMIT @__p_0
2026-06-03 21:48:42.013 +05:30 [DBG] Hangfire.Server.ServerHeartbeatProcess: Server antonyraj:30600:0e85fd10 heartbeat successfully sent
2026-06-03 21:48:42.067 +05:30 [INF] Microsoft.EntityFrameworkCore.Database.Command: Executed DbCommand (2ms) [Parameters=[@__p_0='?' (DbType = Int32)], CommandType='"Text"', CommandTimeout='30']
SELECT n."Id", n."CompanyId", n."CreatedAt", n."CreatedBy", n."Error", n."Payload", n."Recipient", n."RetryCount", n."SentAt", n."Status", n."Subject", n."Type", n."UpdatedAt", n."UpdatedBy"
FROM "NotificationQueues" AS n
WHERE n."Type" = 'Sms' AND n."SentAt" IS NULL AND n."RetryCount" < 3
LIMIT @__p_0
2026-06-03 21:48:42.071 +05:30 [INF] Microsoft.EntityFrameworkCore.Database.Command: Executed DbCommand (3ms) [Parameters=[@__p_0='?' (DbType = Int32)], CommandType='"Text"', CommandTimeout='30']
SELECT n."Id", n."CompanyId", n."CreatedAt", n."CreatedBy", n."Error", n."Payload", n."Recipient", n."RetryCount", n."SentAt", n."Status", n."Subject", n."Type", n."UpdatedAt", n."UpdatedBy"
FROM "NotificationQueues" AS n
WHERE n."Type" = 'WhatsApp' AND n."SentAt" IS NULL AND n."RetryCount" < 3
LIMIT @__p_0
2026-06-03 21:49:01.701 +05:30 [INF] Microsoft.EntityFrameworkCore.Database.Command: Executed DbCommand (1ms) [Parameters=[@__p_0='?' (DbType = Int32)], CommandType='"Text"', CommandTimeout='30']
SELECT n."Id", n."CompanyId", n."CreatedAt", n."CreatedBy", n."Error", n."Payload", n."Recipient", n."RetryCount", n."SentAt", n."Status", n."Subject", n."Type", n."UpdatedAt", n."UpdatedBy"
FROM "NotificationQueues" AS n
WHERE n."Type" = 'Email' AND n."SentAt" IS NULL AND n."RetryCount" < 3
LIMIT @__p_0
2026-06-03 21:49:12.042 +05:30 [DBG] Hangfire.Server.ServerHeartbeatProcess: Server antonyraj:30600:0e85fd10 heartbeat successfully sent
2026-06-03 21:49:12.090 +05:30 [INF] Microsoft.EntityFrameworkCore.Database.Command: Executed DbCommand (1ms) [Parameters=[@__p_0='?' (DbType = Int32)], CommandType='"Text"', CommandTimeout='30']
SELECT n."Id", n."CompanyId", n."CreatedAt", n."CreatedBy", n."Error", n."Payload", n."Recipient", n."RetryCount", n."SentAt", n."Status", n."Subject", n."Type", n."UpdatedAt", n."UpdatedBy"
FROM "NotificationQueues" AS n
WHERE n."Type" = 'Sms' AND n."SentAt" IS NULL AND n."RetryCount" < 3
LIMIT @__p_0
2026-06-03 21:49:12.106 +05:30 [INF] Microsoft.EntityFrameworkCore.Database.Command: Executed DbCommand (1ms) [Parameters=[@__p_0='?' (DbType = Int32)], CommandType='"Text"', CommandTimeout='30']
SELECT n."Id", n."CompanyId", n."CreatedAt", n."CreatedBy", n."Error", n."Payload", n."Recipient", n."RetryCount", n."SentAt", n."Status", n."Subject", n."Type", n."UpdatedAt", n."UpdatedBy"
FROM "NotificationQueues" AS n
WHERE n."Type" = 'WhatsApp' AND n."SentAt" IS NULL AND n."RetryCount" < 3
LIMIT @__p_0
2026-06-03 21:49:31.715 +05:30 [INF] Microsoft.EntityFrameworkCore.Database.Command: Executed DbCommand (1ms) [Parameters=[@__p_0='?' (DbType = Int32)], CommandType='"Text"', CommandTimeout='30']
SELECT n."Id", n."CompanyId", n."CreatedAt", n."CreatedBy", n."Error", n."Payload", n."Recipient", n."RetryCount", n."SentAt", n."Status", n."Subject", n."Type", n."UpdatedAt", n."UpdatedBy"
FROM "NotificationQueues" AS n
WHERE n."Type" = 'Email' AND n."SentAt" IS NULL AND n."RetryCount" < 3
LIMIT @__p_0
2026-06-03 21:49:42.072 +05:30 [DBG] Hangfire.Server.ServerHeartbeatProcess: Server antonyraj:30600:0e85fd10 heartbeat successfully sent
2026-06-03 21:49:42.106 +05:30 [INF] Microsoft.EntityFrameworkCore.Database.Command: Executed DbCommand (1ms) [Parameters=[@__p_0='?' (DbType = Int32)], CommandType='"Text"', CommandTimeout='30']
SELECT n."Id", n."CompanyId", n."CreatedAt", n."CreatedBy", n."Error", n."Payload", n."Recipient", n."RetryCount", n."SentAt", n."Status", n."Subject", n."Type", n."UpdatedAt", n."UpdatedBy"
FROM "NotificationQueues" AS n
WHERE n."Type" = 'Sms' AND n."SentAt" IS NULL AND n."RetryCount" < 3
LIMIT @__p_0
2026-06-03 21:49:42.113 +05:30 [INF] Microsoft.EntityFrameworkCore.Database.Command: Executed DbCommand (1ms) [Parameters=[@__p_0='?' (DbType = Int32)], CommandType='"Text"', CommandTimeout='30']
SELECT n."Id", n."CompanyId", n."CreatedAt", n."CreatedBy", n."Error", n."Payload", n."Recipient", n."RetryCount", n."SentAt", n."Status", n."Subject", n."Type", n."UpdatedAt", n."UpdatedBy"
FROM "NotificationQueues" AS n
WHERE n."Type" = 'WhatsApp' AND n."SentAt" IS NULL AND n."RetryCount" < 3
LIMIT @__p_0
2026-06-03 21:50:01.749 +05:30 [INF] Microsoft.EntityFrameworkCore.Database.Command: Executed DbCommand (2ms) [Parameters=[@__p_0='?' (DbType = Int32)], CommandType='"Text"', CommandTimeout='30']
SELECT n."Id", n."CompanyId", n."CreatedAt", n."CreatedBy", n."Error", n."Payload", n."Recipient", n."RetryCount", n."SentAt", n."Status", n."Subject", n."Type", n."UpdatedAt", n."UpdatedBy"
FROM "NotificationQueues" AS n
WHERE n."Type" = 'Email' AND n."SentAt" IS NULL AND n."RetryCount" < 3
LIMIT @__p_0
2026-06-03 21:50:09.791 +05:30 [DBG] Hangfire.PostgreSql.CountersAggregator: Aggregating records in 'Counter' table...
2026-06-03 21:50:12.100 +05:30 [DBG] Hangfire.Server.ServerHeartbeatProcess: Server antonyraj:30600:0e85fd10 heartbeat successfully sent
2026-06-03 21:50:12.115 +05:30 [INF] Microsoft.EntityFrameworkCore.Database.Command: Executed DbCommand (1ms) [Parameters=[@__p_0='?' (DbType = Int32)], CommandType='"Text"', CommandTimeout='30']
SELECT n."Id", n."CompanyId", n."CreatedAt", n."CreatedBy", n."Error", n."Payload", n."Recipient", n."RetryCount", n."SentAt", n."Status", n."Subject", n."Type", n."UpdatedAt", n."UpdatedBy"
FROM "NotificationQueues" AS n
WHERE n."Type" = 'Sms' AND n."SentAt" IS NULL AND n."RetryCount" < 3
LIMIT @__p_0
2026-06-03 21:50:12.129 +05:30 [INF] Microsoft.EntityFrameworkCore.Database.Command: Executed DbCommand (1ms) [Parameters=[@__p_0='?' (DbType = Int32)], CommandType='"Text"', CommandTimeout='30']
SELECT n."Id", n."CompanyId", n."CreatedAt", n."CreatedBy", n."Error", n."Payload", n."Recipient", n."RetryCount", n."SentAt", n."Status", n."Subject", n."Type", n."UpdatedAt", n."UpdatedBy"
FROM "NotificationQueues" AS n
WHERE n."Type" = 'WhatsApp' AND n."SentAt" IS NULL AND n."RetryCount" < 3
LIMIT @__p_0
2026-06-03 21:50:31.778 +05:30 [INF] Microsoft.EntityFrameworkCore.Database.Command: Executed DbCommand (3ms) [Parameters=[@__p_0='?' (DbType = Int32)], CommandType='"Text"', CommandTimeout='30']
SELECT n."Id", n."CompanyId", n."CreatedAt", n."CreatedBy", n."Error", n."Payload", n."Recipient", n."RetryCount", n."SentAt", n."Status", n."Subject", n."Type", n."UpdatedAt", n."UpdatedBy"
FROM "NotificationQueues" AS n
WHERE n."Type" = 'Email' AND n."SentAt" IS NULL AND n."RetryCount" < 3
LIMIT @__p_0
2026-06-03 21:50:42.123 +05:30 [DBG] Hangfire.Server.ServerHeartbeatProcess: Server antonyraj:30600:0e85fd10 heartbeat successfully sent
2026-06-03 21:50:42.133 +05:30 [INF] Microsoft.EntityFrameworkCore.Database.Command: Executed DbCommand (1ms) [Parameters=[@__p_0='?' (DbType = Int32)], CommandType='"Text"', CommandTimeout='30']
SELECT n."Id", n."CompanyId", n."CreatedAt", n."CreatedBy", n."Error", n."Payload", n."Recipient", n."RetryCount", n."SentAt", n."Status", n."Subject", n."Type", n."UpdatedAt", n."UpdatedBy"
FROM "NotificationQueues" AS n
WHERE n."Type" = 'Sms' AND n."SentAt" IS NULL AND n."RetryCount" < 3
LIMIT @__p_0
2026-06-03 21:50:42.144 +05:30 [INF] Microsoft.EntityFrameworkCore.Database.Command: Executed DbCommand (3ms) [Parameters=[@__p_0='?' (DbType = Int32)], CommandType='"Text"', CommandTimeout='30']
SELECT n."Id", n."CompanyId", n."CreatedAt", n."CreatedBy", n."Error", n."Payload", n."Recipient", n."RetryCount", n."SentAt", n."Status", n."Subject", n."Type", n."UpdatedAt", n."UpdatedBy"
FROM "NotificationQueues" AS n
WHERE n."Type" = 'WhatsApp' AND n."SentAt" IS NULL AND n."RetryCount" < 3
LIMIT @__p_0
2026-06-03 21:51:01.786 +05:30 [INF] Microsoft.EntityFrameworkCore.Database.Command: Executed DbCommand (1ms) [Parameters=[@__p_0='?' (DbType = Int32)], CommandType='"Text"', CommandTimeout='30']
SELECT n."Id", n."CompanyId", n."CreatedAt", n."CreatedBy", n."Error", n."Payload", n."Recipient", n."RetryCount", n."SentAt", n."Status", n."Subject", n."Type", n."UpdatedAt", n."UpdatedBy"
FROM "NotificationQueues" AS n
WHERE n."Type" = 'Email' AND n."SentAt" IS NULL AND n."RetryCount" < 3
LIMIT @__p_0
2026-06-03 21:51:12.149 +05:30 [DBG] Hangfire.Server.ServerHeartbeatProcess: Server antonyraj:30600:0e85fd10 heartbeat successfully sent
2026-06-03 21:51:12.150 +05:30 [INF] Microsoft.EntityFrameworkCore.Database.Command: Executed DbCommand (2ms) [Parameters=[@__p_0='?' (DbType = Int32)], CommandType='"Text"', CommandTimeout='30']
SELECT n."Id", n."CompanyId", n."CreatedAt", n."CreatedBy", n."Error", n."Payload", n."Recipient", n."RetryCount", n."SentAt", n."Status", n."Subject", n."Type", n."UpdatedAt", n."UpdatedBy"
FROM "NotificationQueues" AS n
WHERE n."Type" = 'Sms' AND n."SentAt" IS NULL AND n."RetryCount" < 3
LIMIT @__p_0
2026-06-03 21:51:12.150 +05:30 [INF] Microsoft.EntityFrameworkCore.Database.Command: Executed DbCommand (1ms) [Parameters=[@__p_0='?' (DbType = Int32)], CommandType='"Text"', CommandTimeout='30']
SELECT n."Id", n."CompanyId", n."CreatedAt", n."CreatedBy", n."Error", n."Payload", n."Recipient", n."RetryCount", n."SentAt", n."Status", n."Subject", n."Type", n."UpdatedAt", n."UpdatedBy"
FROM "NotificationQueues" AS n
WHERE n."Type" = 'WhatsApp' AND n."SentAt" IS NULL AND n."RetryCount" < 3
LIMIT @__p_0
2026-06-03 21:51:31.812 +05:30 [INF] Microsoft.EntityFrameworkCore.Database.Command: Executed DbCommand (2ms) [Parameters=[@__p_0='?' (DbType = Int32)], CommandType='"Text"', CommandTimeout='30']
SELECT n."Id", n."CompanyId", n."CreatedAt", n."CreatedBy", n."Error", n."Payload", n."Recipient", n."RetryCount", n."SentAt", n."Status", n."Subject", n."Type", n."UpdatedAt", n."UpdatedBy"
FROM "NotificationQueues" AS n
WHERE n."Type" = 'Email' AND n."SentAt" IS NULL AND n."RetryCount" < 3
LIMIT @__p_0
2026-06-03 21:51:42.165 +05:30 [INF] Microsoft.EntityFrameworkCore.Database.Command: Executed DbCommand (1ms) [Parameters=[@__p_0='?' (DbType = Int32)], CommandType='"Text"', CommandTimeout='30']
SELECT n."Id", n."CompanyId", n."CreatedAt", n."CreatedBy", n."Error", n."Payload", n."Recipient", n."RetryCount", n."SentAt", n."Status", n."Subject", n."Type", n."UpdatedAt", n."UpdatedBy"
FROM "NotificationQueues" AS n
WHERE n."Type" = 'WhatsApp' AND n."SentAt" IS NULL AND n."RetryCount" < 3
LIMIT @__p_0
2026-06-03 21:51:42.180 +05:30 [DBG] Hangfire.Server.ServerHeartbeatProcess: Server antonyraj:30600:0e85fd10 heartbeat successfully sent
2026-06-03 21:51:42.181 +05:30 [INF] Microsoft.EntityFrameworkCore.Database.Command: Executed DbCommand (2ms) [Parameters=[@__p_0='?' (DbType = Int32)], CommandType='"Text"', CommandTimeout='30']
SELECT n."Id", n."CompanyId", n."CreatedAt", n."CreatedBy", n."Error", n."Payload", n."Recipient", n."RetryCount", n."SentAt", n."Status", n."Subject", n."Type", n."UpdatedAt", n."UpdatedBy"
FROM "NotificationQueues" AS n
WHERE n."Type" = 'Sms' AND n."SentAt" IS NULL AND n."RetryCount" < 3
LIMIT @__p_0
2026-06-03 21:52:01.827 +05:30 [INF] Microsoft.EntityFrameworkCore.Database.Command: Executed DbCommand (1ms) [Parameters=[@__p_0='?' (DbType = Int32)], CommandType='"Text"', CommandTimeout='30']
SELECT n."Id", n."CompanyId", n."CreatedAt", n."CreatedBy", n."Error", n."Payload", n."Recipient", n."RetryCount", n."SentAt", n."Status", n."Subject", n."Type", n."UpdatedAt", n."UpdatedBy"
FROM "NotificationQueues" AS n
WHERE n."Type" = 'Email' AND n."SentAt" IS NULL AND n."RetryCount" < 3
LIMIT @__p_0
2026-06-03 21:52:12.196 +05:30 [INF] Microsoft.EntityFrameworkCore.Database.Command: Executed DbCommand (1ms) [Parameters=[@__p_0='?' (DbType = Int32)], CommandType='"Text"', CommandTimeout='30']
SELECT n."Id", n."CompanyId", n."CreatedAt", n."CreatedBy", n."Error", n."Payload", n."Recipient", n."RetryCount", n."SentAt", n."Status", n."Subject", n."Type", n."UpdatedAt", n."UpdatedBy"
FROM "NotificationQueues" AS n
WHERE n."Type" = 'Sms' AND n."SentAt" IS NULL AND n."RetryCount" < 3
LIMIT @__p_0
2026-06-03 21:52:12.197 +05:30 [INF] Microsoft.EntityFrameworkCore.Database.Command: Executed DbCommand (1ms) [Parameters=[@__p_0='?' (DbType = Int32)], CommandType='"Text"', CommandTimeout='30']
SELECT n."Id", n."CompanyId", n."CreatedAt", n."CreatedBy", n."Error", n."Payload", n."Recipient", n."RetryCount", n."SentAt", n."Status", n."Subject", n."Type", n."UpdatedAt", n."UpdatedBy"
FROM "NotificationQueues" AS n
WHERE n."Type" = 'WhatsApp' AND n."SentAt" IS NULL AND n."RetryCount" < 3
LIMIT @__p_0
2026-06-03 21:52:12.212 +05:30 [DBG] Hangfire.Server.ServerHeartbeatProcess: Server antonyraj:30600:0e85fd10 heartbeat successfully sent
2026-06-03 21:52:31.834 +05:30 [INF] Microsoft.EntityFrameworkCore.Database.Command: Executed DbCommand (1ms) [Parameters=[@__p_0='?' (DbType = Int32)], CommandType='"Text"', CommandTimeout='30']
SELECT n."Id", n."CompanyId", n."CreatedAt", n."CreatedBy", n."Error", n."Payload", n."Recipient", n."RetryCount", n."SentAt", n."Status", n."Subject", n."Type", n."UpdatedAt", n."UpdatedBy"
FROM "NotificationQueues" AS n
WHERE n."Type" = 'Email' AND n."SentAt" IS NULL AND n."RetryCount" < 3
LIMIT @__p_0
2026-06-03 21:52:42.236 +05:30 [DBG] Hangfire.Server.ServerHeartbeatProcess: Server antonyraj:30600:0e85fd10 heartbeat successfully sent
2026-06-03 21:52:42.239 +05:30 [INF] Microsoft.EntityFrameworkCore.Database.Command: Executed DbCommand (3ms) [Parameters=[@__p_0='?' (DbType = Int32)], CommandType='"Text"', CommandTimeout='30']
SELECT n."Id", n."CompanyId", n."CreatedAt", n."CreatedBy", n."Error", n."Payload", n."Recipient", n."RetryCount", n."SentAt", n."Status", n."Subject", n."Type", n."UpdatedAt", n."UpdatedBy"
FROM "NotificationQueues" AS n
WHERE n."Type" = 'WhatsApp' AND n."SentAt" IS NULL AND n."RetryCount" < 3
LIMIT @__p_0
2026-06-03 21:52:42.239 +05:30 [INF] Microsoft.EntityFrameworkCore.Database.Command: Executed DbCommand (4ms) [Parameters=[@__p_0='?' (DbType = Int32)], CommandType='"Text"', CommandTimeout='30']
SELECT n."Id", n."CompanyId", n."CreatedAt", n."CreatedBy", n."Error", n."Payload", n."Recipient", n."RetryCount", n."SentAt", n."Status", n."Subject", n."Type", n."UpdatedAt", n."UpdatedBy"
FROM "NotificationQueues" AS n
WHERE n."Type" = 'Sms' AND n."SentAt" IS NULL AND n."RetryCount" < 3
LIMIT @__p_0
2026-06-03 21:53:01.860 +05:30 [INF] Microsoft.EntityFrameworkCore.Database.Command: Executed DbCommand (1ms) [Parameters=[@__p_0='?' (DbType = Int32)], CommandType='"Text"', CommandTimeout='30']
SELECT n."Id", n."CompanyId", n."CreatedAt", n."CreatedBy", n."Error", n."Payload", n."Recipient", n."RetryCount", n."SentAt", n."Status", n."Subject", n."Type", n."UpdatedAt", n."UpdatedBy"
FROM "NotificationQueues" AS n
WHERE n."Type" = 'Email' AND n."SentAt" IS NULL AND n."RetryCount" < 3
LIMIT @__p_0
2026-06-03 21:53:12.246 +05:30 [DBG] Hangfire.Server.ServerHeartbeatProcess: Server antonyraj:30600:0e85fd10 heartbeat successfully sent
2026-06-03 21:53:12.247 +05:30 [INF] Microsoft.EntityFrameworkCore.Database.Command: Executed DbCommand (1ms) [Parameters=[@__p_0='?' (DbType = Int32)], CommandType='"Text"', CommandTimeout='30']
SELECT n."Id", n."CompanyId", n."CreatedAt", n."CreatedBy", n."Error", n."Payload", n."Recipient", n."RetryCount", n."SentAt", n."Status", n."Subject", n."Type", n."UpdatedAt", n."UpdatedBy"
FROM "NotificationQueues" AS n
WHERE n."Type" = 'WhatsApp' AND n."SentAt" IS NULL AND n."RetryCount" < 3
LIMIT @__p_0
2026-06-03 21:53:12.255 +05:30 [INF] Microsoft.EntityFrameworkCore.Database.Command: Executed DbCommand (1ms) [Parameters=[@__p_0='?' (DbType = Int32)], CommandType='"Text"', CommandTimeout='30']
SELECT n."Id", n."CompanyId", n."CreatedAt", n."CreatedBy", n."Error", n."Payload", n."Recipient", n."RetryCount", n."SentAt", n."Status", n."Subject", n."Type", n."UpdatedAt", n."UpdatedBy"
FROM "NotificationQueues" AS n
WHERE n."Type" = 'Sms' AND n."SentAt" IS NULL AND n."RetryCount" < 3
LIMIT @__p_0
2026-06-03 21:53:31.868 +05:30 [INF] Microsoft.EntityFrameworkCore.Database.Command: Executed DbCommand (2ms) [Parameters=[@__p_0='?' (DbType = Int32)], CommandType='"Text"', CommandTimeout='30']
SELECT n."Id", n."CompanyId", n."CreatedAt", n."CreatedBy", n."Error", n."Payload", n."Recipient", n."RetryCount", n."SentAt", n."Status", n."Subject", n."Type", n."UpdatedAt", n."UpdatedBy"
FROM "NotificationQueues" AS n
WHERE n."Type" = 'Email' AND n."SentAt" IS NULL AND n."RetryCount" < 3
LIMIT @__p_0
2026-06-03 21:53:42.258 +05:30 [INF] Microsoft.EntityFrameworkCore.Database.Command: Executed DbCommand (1ms) [Parameters=[@__p_0='?' (DbType = Int32)], CommandType='"Text"', CommandTimeout='30']
SELECT n."Id", n."CompanyId", n."CreatedAt", n."CreatedBy", n."Error", n."Payload", n."Recipient", n."RetryCount", n."SentAt", n."Status", n."Subject", n."Type", n."UpdatedAt", n."UpdatedBy"
FROM "NotificationQueues" AS n
WHERE n."Type" = 'WhatsApp' AND n."SentAt" IS NULL AND n."RetryCount" < 3
LIMIT @__p_0
2026-06-03 21:53:42.259 +05:30 [DBG] Hangfire.Server.ServerHeartbeatProcess: Server antonyraj:30600:0e85fd10 heartbeat successfully sent
2026-06-03 21:53:42.274 +05:30 [INF] Microsoft.EntityFrameworkCore.Database.Command: Executed DbCommand (1ms) [Parameters=[@__p_0='?' (DbType = Int32)], CommandType='"Text"', CommandTimeout='30']
SELECT n."Id", n."CompanyId", n."CreatedAt", n."CreatedBy", n."Error", n."Payload", n."Recipient", n."RetryCount", n."SentAt", n."Status", n."Subject", n."Type", n."UpdatedAt", n."UpdatedBy"
FROM "NotificationQueues" AS n
WHERE n."Type" = 'Sms' AND n."SentAt" IS NULL AND n."RetryCount" < 3
LIMIT @__p_0
2026-06-03 21:54:01.907 +05:30 [INF] Microsoft.EntityFrameworkCore.Database.Command: Executed DbCommand (1ms) [Parameters=[@__p_0='?' (DbType = Int32)], CommandType='"Text"', CommandTimeout='30']
SELECT n."Id", n."CompanyId", n."CreatedAt", n."CreatedBy", n."Error", n."Payload", n."Recipient", n."RetryCount", n."SentAt", n."Status", n."Subject", n."Type", n."UpdatedAt", n."UpdatedBy"
FROM "NotificationQueues" AS n
WHERE n."Type" = 'Email' AND n."SentAt" IS NULL AND n."RetryCount" < 3
LIMIT @__p_0
2026-06-03 21:54:12.280 +05:30 [DBG] Hangfire.Server.ServerHeartbeatProcess: Server antonyraj:30600:0e85fd10 heartbeat successfully sent
2026-06-03 21:54:12.283 +05:30 [INF] Microsoft.EntityFrameworkCore.Database.Command: Executed DbCommand (1ms) [Parameters=[@__p_0='?' (DbType = Int32)], CommandType='"Text"', CommandTimeout='30']
SELECT n."Id", n."CompanyId", n."CreatedAt", n."CreatedBy", n."Error", n."Payload", n."Recipient", n."RetryCount", n."SentAt", n."Status", n."Subject", n."Type", n."UpdatedAt", n."UpdatedBy"
FROM "NotificationQueues" AS n
WHERE n."Type" = 'WhatsApp' AND n."SentAt" IS NULL AND n."RetryCount" < 3
LIMIT @__p_0
2026-06-03 21:54:12.285 +05:30 [INF] Microsoft.EntityFrameworkCore.Database.Command: Executed DbCommand (1ms) [Parameters=[@__p_0='?' (DbType = Int32)], CommandType='"Text"', CommandTimeout='30']
SELECT n."Id", n."CompanyId", n."CreatedAt", n."CreatedBy", n."Error", n."Payload", n."Recipient", n."RetryCount", n."SentAt", n."Status", n."Subject", n."Type", n."UpdatedAt", n."UpdatedBy"
FROM "NotificationQueues" AS n
WHERE n."Type" = 'Sms' AND n."SentAt" IS NULL AND n."RetryCount" < 3
LIMIT @__p_0
2026-06-03 21:54:31.927 +05:30 [INF] Microsoft.EntityFrameworkCore.Database.Command: Executed DbCommand (2ms) [Parameters=[@__p_0='?' (DbType = Int32)], CommandType='"Text"', CommandTimeout='30']
SELECT n."Id", n."CompanyId", n."CreatedAt", n."CreatedBy", n."Error", n."Payload", n."Recipient", n."RetryCount", n."SentAt", n."Status", n."Subject", n."Type", n."UpdatedAt", n."UpdatedBy"
FROM "NotificationQueues" AS n
WHERE n."Type" = 'Email' AND n."SentAt" IS NULL AND n."RetryCount" < 3
LIMIT @__p_0
2026-06-03 21:54:42.302 +05:30 [DBG] Hangfire.Server.ServerHeartbeatProcess: Server antonyraj:30600:0e85fd10 heartbeat successfully sent
2026-06-03 21:54:42.308 +05:30 [INF] Microsoft.EntityFrameworkCore.Database.Command: Executed DbCommand (3ms) [Parameters=[@__p_0='?' (DbType = Int32)], CommandType='"Text"', CommandTimeout='30']
SELECT n."Id", n."CompanyId", n."CreatedAt", n."CreatedBy", n."Error", n."Payload", n."Recipient", n."RetryCount", n."SentAt", n."Status", n."Subject", n."Type", n."UpdatedAt", n."UpdatedBy"
FROM "NotificationQueues" AS n
WHERE n."Type" = 'Sms' AND n."SentAt" IS NULL AND n."RetryCount" < 3
LIMIT @__p_0
2026-06-03 21:54:42.319 +05:30 [INF] Microsoft.EntityFrameworkCore.Database.Command: Executed DbCommand (8ms) [Parameters=[@__p_0='?' (DbType = Int32)], CommandType='"Text"', CommandTimeout='30']
SELECT n."Id", n."CompanyId", n."CreatedAt", n."CreatedBy", n."Error", n."Payload", n."Recipient", n."RetryCount", n."SentAt", n."Status", n."Subject", n."Type", n."UpdatedAt", n."UpdatedBy"
FROM "NotificationQueues" AS n
WHERE n."Type" = 'WhatsApp' AND n."SentAt" IS NULL AND n."RetryCount" < 3
LIMIT @__p_0
2026-06-03 21:55:01.939 +05:30 [INF] Microsoft.EntityFrameworkCore.Database.Command: Executed DbCommand (1ms) [Parameters=[@__p_0='?' (DbType = Int32)], CommandType='"Text"', CommandTimeout='30']
SELECT n."Id", n."CompanyId", n."CreatedAt", n."CreatedBy", n."Error", n."Payload", n."Recipient", n."RetryCount", n."SentAt", n."Status", n."Subject", n."Type", n."UpdatedAt", n."UpdatedBy"
FROM "NotificationQueues" AS n
WHERE n."Type" = 'Email' AND n."SentAt" IS NULL AND n."RetryCount" < 3
LIMIT @__p_0
2026-06-03 21:55:09.915 +05:30 [DBG] Hangfire.PostgreSql.CountersAggregator: Aggregating records in 'Counter' table...
2026-06-03 21:55:12.328 +05:30 [DBG] Hangfire.Server.ServerHeartbeatProcess: Server antonyraj:30600:0e85fd10 heartbeat successfully sent
2026-06-03 21:55:12.383 +05:30 [INF] Microsoft.EntityFrameworkCore.Database.Command: Executed DbCommand (17ms) [Parameters=[@__p_0='?' (DbType = Int32)], CommandType='"Text"', CommandTimeout='30']
SELECT n."Id", n."CompanyId", n."CreatedAt", n."CreatedBy", n."Error", n."Payload", n."Recipient", n."RetryCount", n."SentAt", n."Status", n."Subject", n."Type", n."UpdatedAt", n."UpdatedBy"
FROM "NotificationQueues" AS n
WHERE n."Type" = 'Sms' AND n."SentAt" IS NULL AND n."RetryCount" < 3
LIMIT @__p_0
2026-06-03 21:55:12.392 +05:30 [INF] Microsoft.EntityFrameworkCore.Database.Command: Executed DbCommand (23ms) [Parameters=[@__p_0='?' (DbType = Int32)], CommandType='"Text"', CommandTimeout='30']
SELECT n."Id", n."CompanyId", n."CreatedAt", n."CreatedBy", n."Error", n."Payload", n."Recipient", n."RetryCount", n."SentAt", n."Status", n."Subject", n."Type", n."UpdatedAt", n."UpdatedBy"
FROM "NotificationQueues" AS n
WHERE n."Type" = 'WhatsApp' AND n."SentAt" IS NULL AND n."RetryCount" < 3
LIMIT @__p_0
2026-06-03 21:55:31.972 +05:30 [INF] Microsoft.EntityFrameworkCore.Database.Command: Executed DbCommand (4ms) [Parameters=[@__p_0='?' (DbType = Int32)], CommandType='"Text"', CommandTimeout='30']
SELECT n."Id", n."CompanyId", n."CreatedAt", n."CreatedBy", n."Error", n."Payload", n."Recipient", n."RetryCount", n."SentAt", n."Status", n."Subject", n."Type", n."UpdatedAt", n."UpdatedBy"
FROM "NotificationQueues" AS n
WHERE n."Type" = 'Email' AND n."SentAt" IS NULL AND n."RetryCount" < 3
LIMIT @__p_0
2026-06-03 21:55:42.429 +05:30 [DBG] Hangfire.Server.ServerHeartbeatProcess: Server antonyraj:30600:0e85fd10 heartbeat successfully sent
2026-06-03 21:55:42.462 +05:30 [INF] Microsoft.EntityFrameworkCore.Database.Command: Executed DbCommand (1ms) [Parameters=[@__p_0='?' (DbType = Int32)], CommandType='"Text"', CommandTimeout='30']
SELECT n."Id", n."CompanyId", n."CreatedAt", n."CreatedBy", n."Error", n."Payload", n."Recipient", n."RetryCount", n."SentAt", n."Status", n."Subject", n."Type", n."UpdatedAt", n."UpdatedBy"
FROM "NotificationQueues" AS n
WHERE n."Type" = 'WhatsApp' AND n."SentAt" IS NULL AND n."RetryCount" < 3
LIMIT @__p_0
2026-06-03 21:55:42.464 +05:30 [INF] Microsoft.EntityFrameworkCore.Database.Command: Executed DbCommand (4ms) [Parameters=[@__p_0='?' (DbType = Int32)], CommandType='"Text"', CommandTimeout='30']
SELECT n."Id", n."CompanyId", n."CreatedAt", n."CreatedBy", n."Error", n."Payload", n."Recipient", n."RetryCount", n."SentAt", n."Status", n."Subject", n."Type", n."UpdatedAt", n."UpdatedBy"
FROM "NotificationQueues" AS n
WHERE n."Type" = 'Sms' AND n."SentAt" IS NULL AND n."RetryCount" < 3
LIMIT @__p_0
2026-06-03 21:56:02.003 +05:30 [INF] Microsoft.EntityFrameworkCore.Database.Command: Executed DbCommand (1ms) [Parameters=[@__p_0='?' (DbType = Int32)], CommandType='"Text"', CommandTimeout='30']
SELECT n."Id", n."CompanyId", n."CreatedAt", n."CreatedBy", n."Error", n."Payload", n."Recipient", n."RetryCount", n."SentAt", n."Status", n."Subject", n."Type", n."UpdatedAt", n."UpdatedBy"
FROM "NotificationQueues" AS n
WHERE n."Type" = 'Email' AND n."SentAt" IS NULL AND n."RetryCount" < 3
LIMIT @__p_0
2026-06-03 21:56:12.434 +05:30 [DBG] Hangfire.Server.ServerHeartbeatProcess: Server antonyraj:30600:0e85fd10 heartbeat successfully sent
2026-06-03 21:56:12.487 +05:30 [INF] Microsoft.EntityFrameworkCore.Database.Command: Executed DbCommand (2ms) [Parameters=[@__p_0='?' (DbType = Int32)], CommandType='"Text"', CommandTimeout='30']
SELECT n."Id", n."CompanyId", n."CreatedAt", n."CreatedBy", n."Error", n."Payload", n."Recipient", n."RetryCount", n."SentAt", n."Status", n."Subject", n."Type", n."UpdatedAt", n."UpdatedBy"
FROM "NotificationQueues" AS n
WHERE n."Type" = 'Sms' AND n."SentAt" IS NULL AND n."RetryCount" < 3
LIMIT @__p_0
2026-06-03 21:56:12.487 +05:30 [INF] Microsoft.EntityFrameworkCore.Database.Command: Executed DbCommand (2ms) [Parameters=[@__p_0='?' (DbType = Int32)], CommandType='"Text"', CommandTimeout='30']
SELECT n."Id", n."CompanyId", n."CreatedAt", n."CreatedBy", n."Error", n."Payload", n."Recipient", n."RetryCount", n."SentAt", n."Status", n."Subject", n."Type", n."UpdatedAt", n."UpdatedBy"
FROM "NotificationQueues" AS n
WHERE n."Type" = 'WhatsApp' AND n."SentAt" IS NULL AND n."RetryCount" < 3
LIMIT @__p_0
2026-06-03 21:56:32.020 +05:30 [INF] Microsoft.EntityFrameworkCore.Database.Command: Executed DbCommand (1ms) [Parameters=[@__p_0='?' (DbType = Int32)], CommandType='"Text"', CommandTimeout='30']
SELECT n."Id", n."CompanyId", n."CreatedAt", n."CreatedBy", n."Error", n."Payload", n."Recipient", n."RetryCount", n."SentAt", n."Status", n."Subject", n."Type", n."UpdatedAt", n."UpdatedBy"
FROM "NotificationQueues" AS n
WHERE n."Type" = 'Email' AND n."SentAt" IS NULL AND n."RetryCount" < 3
LIMIT @__p_0
2026-06-03 21:56:42.451 +05:30 [DBG] Hangfire.Server.ServerHeartbeatProcess: Server antonyraj:30600:0e85fd10 heartbeat successfully sent
2026-06-03 21:56:42.509 +05:30 [INF] Microsoft.EntityFrameworkCore.Database.Command: Executed DbCommand (1ms) [Parameters=[@__p_0='?' (DbType = Int32)], CommandType='"Text"', CommandTimeout='30']
SELECT n."Id", n."CompanyId", n."CreatedAt", n."CreatedBy", n."Error", n."Payload", n."Recipient", n."RetryCount", n."SentAt", n."Status", n."Subject", n."Type", n."UpdatedAt", n."UpdatedBy"
FROM "NotificationQueues" AS n
WHERE n."Type" = 'WhatsApp' AND n."SentAt" IS NULL AND n."RetryCount" < 3
LIMIT @__p_0
2026-06-03 21:56:42.509 +05:30 [INF] Microsoft.EntityFrameworkCore.Database.Command: Executed DbCommand (2ms) [Parameters=[@__p_0='?' (DbType = Int32)], CommandType='"Text"', CommandTimeout='30']
SELECT n."Id", n."CompanyId", n."CreatedAt", n."CreatedBy", n."Error", n."Payload", n."Recipient", n."RetryCount", n."SentAt", n."Status", n."Subject", n."Type", n."UpdatedAt", n."UpdatedBy"
FROM "NotificationQueues" AS n
WHERE n."Type" = 'Sms' AND n."SentAt" IS NULL AND n."RetryCount" < 3
LIMIT @__p_0
2026-06-03 21:57:02.066 +05:30 [INF] Microsoft.EntityFrameworkCore.Database.Command: Executed DbCommand (19ms) [Parameters=[@__p_0='?' (DbType = Int32)], CommandType='"Text"', CommandTimeout='30']
SELECT n."Id", n."CompanyId", n."CreatedAt", n."CreatedBy", n."Error", n."Payload", n."Recipient", n."RetryCount", n."SentAt", n."Status", n."Subject", n."Type", n."UpdatedAt", n."UpdatedBy"
FROM "NotificationQueues" AS n
WHERE n."Type" = 'Email' AND n."SentAt" IS NULL AND n."RetryCount" < 3
LIMIT @__p_0
2026-06-03 21:57:12.468 +05:30 [DBG] Hangfire.Server.ServerHeartbeatProcess: Server antonyraj:30600:0e85fd10 heartbeat successfully sent
2026-06-03 21:57:12.529 +05:30 [INF] Microsoft.EntityFrameworkCore.Database.Command: Executed DbCommand (1ms) [Parameters=[@__p_0='?' (DbType = Int32)], CommandType='"Text"', CommandTimeout='30']
SELECT n."Id", n."CompanyId", n."CreatedAt", n."CreatedBy", n."Error", n."Payload", n."Recipient", n."RetryCount", n."SentAt", n."Status", n."Subject", n."Type", n."UpdatedAt", n."UpdatedBy"
FROM "NotificationQueues" AS n
WHERE n."Type" = 'Sms' AND n."SentAt" IS NULL AND n."RetryCount" < 3
LIMIT @__p_0
2026-06-03 21:57:12.529 +05:30 [INF] Microsoft.EntityFrameworkCore.Database.Command: Executed DbCommand (1ms) [Parameters=[@__p_0='?' (DbType = Int32)], CommandType='"Text"', CommandTimeout='30']
SELECT n."Id", n."CompanyId", n."CreatedAt", n."CreatedBy", n."Error", n."Payload", n."Recipient", n."RetryCount", n."SentAt", n."Status", n."Subject", n."Type", n."UpdatedAt", n."UpdatedBy"
FROM "NotificationQueues" AS n
WHERE n."Type" = 'WhatsApp' AND n."SentAt" IS NULL AND n."RetryCount" < 3
LIMIT @__p_0
2026-06-03 21:57:32.097 +05:30 [INF] Microsoft.EntityFrameworkCore.Database.Command: Executed DbCommand (22ms) [Parameters=[@__p_0='?' (DbType = Int32)], CommandType='"Text"', CommandTimeout='30']
SELECT n."Id", n."CompanyId", n."CreatedAt", n."CreatedBy", n."Error", n."Payload", n."Recipient", n."RetryCount", n."SentAt", n."Status", n."Subject", n."Type", n."UpdatedAt", n."UpdatedBy"
FROM "NotificationQueues" AS n
WHERE n."Type" = 'Email' AND n."SentAt" IS NULL AND n."RetryCount" < 3
LIMIT @__p_0
2026-06-03 21:57:42.497 +05:30 [DBG] Hangfire.Server.ServerHeartbeatProcess: Server antonyraj:30600:0e85fd10 heartbeat successfully sent
2026-06-03 21:57:42.535 +05:30 [INF] Microsoft.EntityFrameworkCore.Database.Command: Executed DbCommand (1ms) [Parameters=[@__p_0='?' (DbType = Int32)], CommandType='"Text"', CommandTimeout='30']
SELECT n."Id", n."CompanyId", n."CreatedAt", n."CreatedBy", n."Error", n."Payload", n."Recipient", n."RetryCount", n."SentAt", n."Status", n."Subject", n."Type", n."UpdatedAt", n."UpdatedBy"
FROM "NotificationQueues" AS n
WHERE n."Type" = 'Sms' AND n."SentAt" IS NULL AND n."RetryCount" < 3
LIMIT @__p_0
2026-06-03 21:57:42.551 +05:30 [INF] Microsoft.EntityFrameworkCore.Database.Command: Executed DbCommand (1ms) [Parameters=[@__p_0='?' (DbType = Int32)], CommandType='"Text"', CommandTimeout='30']
SELECT n."Id", n."CompanyId", n."CreatedAt", n."CreatedBy", n."Error", n."Payload", n."Recipient", n."RetryCount", n."SentAt", n."Status", n."Subject", n."Type", n."UpdatedAt", n."UpdatedBy"
FROM "NotificationQueues" AS n
WHERE n."Type" = 'WhatsApp' AND n."SentAt" IS NULL AND n."RetryCount" < 3
LIMIT @__p_0
2026-06-03 21:58:02.107 +05:30 [INF] Microsoft.EntityFrameworkCore.Database.Command: Executed DbCommand (2ms) [Parameters=[@__p_0='?' (DbType = Int32)], CommandType='"Text"', CommandTimeout='30']
SELECT n."Id", n."CompanyId", n."CreatedAt", n."CreatedBy", n."Error", n."Payload", n."Recipient", n."RetryCount", n."SentAt", n."Status", n."Subject", n."Type", n."UpdatedAt", n."UpdatedBy"
FROM "NotificationQueues" AS n
WHERE n."Type" = 'Email' AND n."SentAt" IS NULL AND n."RetryCount" < 3
LIMIT @__p_0
2026-06-03 21:58:12.525 +05:30 [DBG] Hangfire.Server.ServerHeartbeatProcess: Server antonyraj:30600:0e85fd10 heartbeat successfully sent
2026-06-03 21:58:12.550 +05:30 [INF] Microsoft.EntityFrameworkCore.Database.Command: Executed DbCommand (1ms) [Parameters=[@__p_0='?' (DbType = Int32)], CommandType='"Text"', CommandTimeout='30']
SELECT n."Id", n."CompanyId", n."CreatedAt", n."CreatedBy", n."Error", n."Payload", n."Recipient", n."RetryCount", n."SentAt", n."Status", n."Subject", n."Type", n."UpdatedAt", n."UpdatedBy"
FROM "NotificationQueues" AS n
WHERE n."Type" = 'Sms' AND n."SentAt" IS NULL AND n."RetryCount" < 3
LIMIT @__p_0
2026-06-03 21:58:12.557 +05:30 [INF] Microsoft.EntityFrameworkCore.Database.Command: Executed DbCommand (1ms) [Parameters=[@__p_0='?' (DbType = Int32)], CommandType='"Text"', CommandTimeout='30']
SELECT n."Id", n."CompanyId", n."CreatedAt", n."CreatedBy", n."Error", n."Payload", n."Recipient", n."RetryCount", n."SentAt", n."Status", n."Subject", n."Type", n."UpdatedAt", n."UpdatedBy"
FROM "NotificationQueues" AS n
WHERE n."Type" = 'WhatsApp' AND n."SentAt" IS NULL AND n."RetryCount" < 3
LIMIT @__p_0
2026-06-03 21:58:32.118 +05:30 [INF] Microsoft.EntityFrameworkCore.Database.Command: Executed DbCommand (1ms) [Parameters=[@__p_0='?' (DbType = Int32)], CommandType='"Text"', CommandTimeout='30']
SELECT n."Id", n."CompanyId", n."CreatedAt", n."CreatedBy", n."Error", n."Payload", n."Recipient", n."RetryCount", n."SentAt", n."Status", n."Subject", n."Type", n."UpdatedAt", n."UpdatedBy"
FROM "NotificationQueues" AS n
WHERE n."Type" = 'Email' AND n."SentAt" IS NULL AND n."RetryCount" < 3
LIMIT @__p_0
2026-06-03 21:58:42.551 +05:30 [DBG] Hangfire.Server.ServerHeartbeatProcess: Server antonyraj:30600:0e85fd10 heartbeat successfully sent
2026-06-03 21:58:42.565 +05:30 [INF] Microsoft.EntityFrameworkCore.Database.Command: Executed DbCommand (1ms) [Parameters=[@__p_0='?' (DbType = Int32)], CommandType='"Text"', CommandTimeout='30']
SELECT n."Id", n."CompanyId", n."CreatedAt", n."CreatedBy", n."Error", n."Payload", n."Recipient", n."RetryCount", n."SentAt", n."Status", n."Subject", n."Type", n."UpdatedAt", n."UpdatedBy"
FROM "NotificationQueues" AS n
WHERE n."Type" = 'WhatsApp' AND n."SentAt" IS NULL AND n."RetryCount" < 3
LIMIT @__p_0
2026-06-03 21:58:42.568 +05:30 [INF] Microsoft.EntityFrameworkCore.Database.Command: Executed DbCommand (5ms) [Parameters=[@__p_0='?' (DbType = Int32)], CommandType='"Text"', CommandTimeout='30']
SELECT n."Id", n."CompanyId", n."CreatedAt", n."CreatedBy", n."Error", n."Payload", n."Recipient", n."RetryCount", n."SentAt", n."Status", n."Subject", n."Type", n."UpdatedAt", n."UpdatedBy"
FROM "NotificationQueues" AS n
WHERE n."Type" = 'Sms' AND n."SentAt" IS NULL AND n."RetryCount" < 3
LIMIT @__p_0
2026-06-03 21:59:02.133 +05:30 [INF] Microsoft.EntityFrameworkCore.Database.Command: Executed DbCommand (1ms) [Parameters=[@__p_0='?' (DbType = Int32)], CommandType='"Text"', CommandTimeout='30']
SELECT n."Id", n."CompanyId", n."CreatedAt", n."CreatedBy", n."Error", n."Payload", n."Recipient", n."RetryCount", n."SentAt", n."Status", n."Subject", n."Type", n."UpdatedAt", n."UpdatedBy"
FROM "NotificationQueues" AS n
WHERE n."Type" = 'Email' AND n."SentAt" IS NULL AND n."RetryCount" < 3
LIMIT @__p_0
2026-06-03 21:59:12.579 +05:30 [DBG] Hangfire.Server.ServerHeartbeatProcess: Server antonyraj:30600:0e85fd10 heartbeat successfully sent
2026-06-03 21:59:12.582 +05:30 [INF] Microsoft.EntityFrameworkCore.Database.Command: Executed DbCommand (1ms) [Parameters=[@__p_0='?' (DbType = Int32)], CommandType='"Text"', CommandTimeout='30']
SELECT n."Id", n."CompanyId", n."CreatedAt", n."CreatedBy", n."Error", n."Payload", n."Recipient", n."RetryCount", n."SentAt", n."Status", n."Subject", n."Type", n."UpdatedAt", n."UpdatedBy"
FROM "NotificationQueues" AS n
WHERE n."Type" = 'WhatsApp' AND n."SentAt" IS NULL AND n."RetryCount" < 3
LIMIT @__p_0
2026-06-03 21:59:12.582 +05:30 [INF] Microsoft.EntityFrameworkCore.Database.Command: Executed DbCommand (1ms) [Parameters=[@__p_0='?' (DbType = Int32)], CommandType='"Text"', CommandTimeout='30']
SELECT n."Id", n."CompanyId", n."CreatedAt", n."CreatedBy", n."Error", n."Payload", n."Recipient", n."RetryCount", n."SentAt", n."Status", n."Subject", n."Type", n."UpdatedAt", n."UpdatedBy"
FROM "NotificationQueues" AS n
WHERE n."Type" = 'Sms' AND n."SentAt" IS NULL AND n."RetryCount" < 3
LIMIT @__p_0
2026-06-03 21:59:32.155 +05:30 [INF] Microsoft.EntityFrameworkCore.Database.Command: Executed DbCommand (2ms) [Parameters=[@__p_0='?' (DbType = Int32)], CommandType='"Text"', CommandTimeout='30']
SELECT n."Id", n."CompanyId", n."CreatedAt", n."CreatedBy", n."Error", n."Payload", n."Recipient", n."RetryCount", n."SentAt", n."Status", n."Subject", n."Type", n."UpdatedAt", n."UpdatedBy"
FROM "NotificationQueues" AS n
WHERE n."Type" = 'Email' AND n."SentAt" IS NULL AND n."RetryCount" < 3
LIMIT @__p_0
2026-06-03 21:59:42.595 +05:30 [DBG] Hangfire.Server.ServerHeartbeatProcess: Server antonyraj:30600:0e85fd10 heartbeat successfully sent
2026-06-03 21:59:42.596 +05:30 [INF] Microsoft.EntityFrameworkCore.Database.Command: Executed DbCommand (1ms) [Parameters=[@__p_0='?' (DbType = Int32)], CommandType='"Text"', CommandTimeout='30']
SELECT n."Id", n."CompanyId", n."CreatedAt", n."CreatedBy", n."Error", n."Payload", n."Recipient", n."RetryCount", n."SentAt", n."Status", n."Subject", n."Type", n."UpdatedAt", n."UpdatedBy"
FROM "NotificationQueues" AS n
WHERE n."Type" = 'WhatsApp' AND n."SentAt" IS NULL AND n."RetryCount" < 3
LIMIT @__p_0
2026-06-03 21:59:42.596 +05:30 [INF] Microsoft.EntityFrameworkCore.Database.Command: Executed DbCommand (1ms) [Parameters=[@__p_0='?' (DbType = Int32)], CommandType='"Text"', CommandTimeout='30']
SELECT n."Id", n."CompanyId", n."CreatedAt", n."CreatedBy", n."Error", n."Payload", n."Recipient", n."RetryCount", n."SentAt", n."Status", n."Subject", n."Type", n."UpdatedAt", n."UpdatedBy"
FROM "NotificationQueues" AS n
WHERE n."Type" = 'Sms' AND n."SentAt" IS NULL AND n."RetryCount" < 3
LIMIT @__p_0
2026-06-03 22:00:02.168 +05:30 [INF] Microsoft.EntityFrameworkCore.Database.Command: Executed DbCommand (1ms) [Parameters=[@__p_0='?' (DbType = Int32)], CommandType='"Text"', CommandTimeout='30']
SELECT n."Id", n."CompanyId", n."CreatedAt", n."CreatedBy", n."Error", n."Payload", n."Recipient", n."RetryCount", n."SentAt", n."Status", n."Subject", n."Type", n."UpdatedAt", n."UpdatedBy"
FROM "NotificationQueues" AS n
WHERE n."Type" = 'Email' AND n."SentAt" IS NULL AND n."RetryCount" < 3
LIMIT @__p_0
2026-06-03 22:00:09.958 +05:30 [DBG] Hangfire.PostgreSql.CountersAggregator: Aggregating records in 'Counter' table...
2026-06-03 22:00:12.619 +05:30 [DBG] Hangfire.Server.ServerHeartbeatProcess: Server antonyraj:30600:0e85fd10 heartbeat successfully sent
2026-06-03 22:00:12.621 +05:30 [INF] Microsoft.EntityFrameworkCore.Database.Command: Executed DbCommand (1ms) [Parameters=[@__p_0='?' (DbType = Int32)], CommandType='"Text"', CommandTimeout='30']
SELECT n."Id", n."CompanyId", n."CreatedAt", n."CreatedBy", n."Error", n."Payload", n."Recipient", n."RetryCount", n."SentAt", n."Status", n."Subject", n."Type", n."UpdatedAt", n."UpdatedBy"
FROM "NotificationQueues" AS n
WHERE n."Type" = 'Sms' AND n."SentAt" IS NULL AND n."RetryCount" < 3
LIMIT @__p_0
2026-06-03 22:00:12.621 +05:30 [INF] Microsoft.EntityFrameworkCore.Database.Command: Executed DbCommand (1ms) [Parameters=[@__p_0='?' (DbType = Int32)], CommandType='"Text"', CommandTimeout='30']
SELECT n."Id", n."CompanyId", n."CreatedAt", n."CreatedBy", n."Error", n."Payload", n."Recipient", n."RetryCount", n."SentAt", n."Status", n."Subject", n."Type", n."UpdatedAt", n."UpdatedBy"
FROM "NotificationQueues" AS n
WHERE n."Type" = 'WhatsApp' AND n."SentAt" IS NULL AND n."RetryCount" < 3
LIMIT @__p_0
2026-06-03 22:00:32.185 +05:30 [INF] Microsoft.EntityFrameworkCore.Database.Command: Executed DbCommand (3ms) [Parameters=[@__p_0='?' (DbType = Int32)], CommandType='"Text"', CommandTimeout='30']
SELECT n."Id", n."CompanyId", n."CreatedAt", n."CreatedBy", n."Error", n."Payload", n."Recipient", n."RetryCount", n."SentAt", n."Status", n."Subject", n."Type", n."UpdatedAt", n."UpdatedBy"
FROM "NotificationQueues" AS n
WHERE n."Type" = 'Email' AND n."SentAt" IS NULL AND n."RetryCount" < 3
LIMIT @__p_0
2026-06-03 22:00:42.629 +05:30 [DBG] Hangfire.Server.ServerHeartbeatProcess: Server antonyraj:30600:0e85fd10 heartbeat successfully sent
2026-06-03 22:00:42.630 +05:30 [INF] Microsoft.EntityFrameworkCore.Database.Command: Executed DbCommand (2ms) [Parameters=[@__p_0='?' (DbType = Int32)], CommandType='"Text"', CommandTimeout='30']
SELECT n."Id", n."CompanyId", n."CreatedAt", n."CreatedBy", n."Error", n."Payload", n."Recipient", n."RetryCount", n."SentAt", n."Status", n."Subject", n."Type", n."UpdatedAt", n."UpdatedBy"
FROM "NotificationQueues" AS n
WHERE n."Type" = 'Sms' AND n."SentAt" IS NULL AND n."RetryCount" < 3
LIMIT @__p_0
2026-06-03 22:00:42.635 +05:30 [INF] Microsoft.EntityFrameworkCore.Database.Command: Executed DbCommand (4ms) [Parameters=[@__p_0='?' (DbType = Int32)], CommandType='"Text"', CommandTimeout='30']
SELECT n."Id", n."CompanyId", n."CreatedAt", n."CreatedBy", n."Error", n."Payload", n."Recipient", n."RetryCount", n."SentAt", n."Status", n."Subject", n."Type", n."UpdatedAt", n."UpdatedBy"
FROM "NotificationQueues" AS n
WHERE n."Type" = 'WhatsApp' AND n."SentAt" IS NULL AND n."RetryCount" < 3
LIMIT @__p_0
2026-06-03 22:01:02.216 +05:30 [INF] Microsoft.EntityFrameworkCore.Database.Command: Executed DbCommand (13ms) [Parameters=[@__p_0='?' (DbType = Int32)], CommandType='"Text"', CommandTimeout='30']
SELECT n."Id", n."CompanyId", n."CreatedAt", n."CreatedBy", n."Error", n."Payload", n."Recipient", n."RetryCount", n."SentAt", n."Status", n."Subject", n."Type", n."UpdatedAt", n."UpdatedBy"
FROM "NotificationQueues" AS n
WHERE n."Type" = 'Email' AND n."SentAt" IS NULL AND n."RetryCount" < 3
LIMIT @__p_0
2026-06-03 22:01:12.674 +05:30 [DBG] Hangfire.Server.ServerHeartbeatProcess: Server antonyraj:30600:0e85fd10 heartbeat successfully sent
2026-06-03 22:01:12.763 +05:30 [INF] Microsoft.EntityFrameworkCore.Database.Command: Executed DbCommand (3ms) [Parameters=[@__p_0='?' (DbType = Int32)], CommandType='"Text"', CommandTimeout='30']
SELECT n."Id", n."CompanyId", n."CreatedAt", n."CreatedBy", n."Error", n."Payload", n."Recipient", n."RetryCount", n."SentAt", n."Status", n."Subject", n."Type", n."UpdatedAt", n."UpdatedBy"
FROM "NotificationQueues" AS n
WHERE n."Type" = 'Sms' AND n."SentAt" IS NULL AND n."RetryCount" < 3
LIMIT @__p_0
2026-06-03 22:01:12.901 +05:30 [INF] Microsoft.EntityFrameworkCore.Database.Command: Executed DbCommand (15ms) [Parameters=[@__p_0='?' (DbType = Int32)], CommandType='"Text"', CommandTimeout='30']
SELECT n."Id", n."CompanyId", n."CreatedAt", n."CreatedBy", n."Error", n."Payload", n."Recipient", n."RetryCount", n."SentAt", n."Status", n."Subject", n."Type", n."UpdatedAt", n."UpdatedBy"
FROM "NotificationQueues" AS n
WHERE n."Type" = 'WhatsApp' AND n."SentAt" IS NULL AND n."RetryCount" < 3
LIMIT @__p_0
2026-06-03 22:01:33.717 +05:30 [INF] Microsoft.EntityFrameworkCore.Database.Command: Executed DbCommand (2ms) [Parameters=[@__p_0='?' (DbType = Int32)], CommandType='"Text"', CommandTimeout='30']
SELECT n."Id", n."CompanyId", n."CreatedAt", n."CreatedBy", n."Error", n."Payload", n."Recipient", n."RetryCount", n."SentAt", n."Status", n."Subject", n."Type", n."UpdatedAt", n."UpdatedBy"
FROM "NotificationQueues" AS n
WHERE n."Type" = 'Email' AND n."SentAt" IS NULL AND n."RetryCount" < 3
LIMIT @__p_0
2026-06-03 22:01:42.933 +05:30 [DBG] Hangfire.Server.ServerHeartbeatProcess: Server antonyraj:30600:0e85fd10 heartbeat successfully sent
2026-06-03 22:01:43.745 +05:30 [INF] Microsoft.EntityFrameworkCore.Database.Command: Executed DbCommand (4ms) [Parameters=[@__p_0='?' (DbType = Int32)], CommandType='"Text"', CommandTimeout='30']
SELECT n."Id", n."CompanyId", n."CreatedAt", n."CreatedBy", n."Error", n."Payload", n."Recipient", n."RetryCount", n."SentAt", n."Status", n."Subject", n."Type", n."UpdatedAt", n."UpdatedBy"
FROM "NotificationQueues" AS n
WHERE n."Type" = 'Sms' AND n."SentAt" IS NULL AND n."RetryCount" < 3
LIMIT @__p_0
2026-06-03 22:01:44.398 +05:30 [INF] Microsoft.EntityFrameworkCore.Database.Command: Executed DbCommand (4ms) [Parameters=[@__p_0='?' (DbType = Int32)], CommandType='"Text"', CommandTimeout='30']
SELECT n."Id", n."CompanyId", n."CreatedAt", n."CreatedBy", n."Error", n."Payload", n."Recipient", n."RetryCount", n."SentAt", n."Status", n."Subject", n."Type", n."UpdatedAt", n."UpdatedBy"
FROM "NotificationQueues" AS n
WHERE n."Type" = 'WhatsApp' AND n."SentAt" IS NULL AND n."RetryCount" < 3
LIMIT @__p_0
2026-06-03 22:02:05.164 +05:30 [INF] Microsoft.EntityFrameworkCore.Database.Command: Executed DbCommand (2ms) [Parameters=[@__p_0='?' (DbType = Int32)], CommandType='"Text"', CommandTimeout='30']
SELECT n."Id", n."CompanyId", n."CreatedAt", n."CreatedBy", n."Error", n."Payload", n."Recipient", n."RetryCount", n."SentAt", n."Status", n."Subject", n."Type", n."UpdatedAt", n."UpdatedBy"
FROM "NotificationQueues" AS n
WHERE n."Type" = 'Email' AND n."SentAt" IS NULL AND n."RetryCount" < 3
LIMIT @__p_0
2026-06-03 22:02:13.038 +05:30 [DBG] Hangfire.Server.ServerHeartbeatProcess: Server antonyraj:30600:0e85fd10 heartbeat successfully sent
2026-06-03 22:02:14.622 +05:30 [INF] Microsoft.EntityFrameworkCore.Database.Command: Executed DbCommand (1ms) [Parameters=[@__p_0='?' (DbType = Int32)], CommandType='"Text"', CommandTimeout='30']
SELECT n."Id", n."CompanyId", n."CreatedAt", n."CreatedBy", n."Error", n."Payload", n."Recipient", n."RetryCount", n."SentAt", n."Status", n."Subject", n."Type", n."UpdatedAt", n."UpdatedBy"
FROM "NotificationQueues" AS n
WHERE n."Type" = 'Sms' AND n."SentAt" IS NULL AND n."RetryCount" < 3
LIMIT @__p_0
2026-06-03 22:02:15.379 +05:30 [INF] Microsoft.EntityFrameworkCore.Database.Command: Executed DbCommand (2ms) [Parameters=[@__p_0='?' (DbType = Int32)], CommandType='"Text"', CommandTimeout='30']
SELECT n."Id", n."CompanyId", n."CreatedAt", n."CreatedBy", n."Error", n."Payload", n."Recipient", n."RetryCount", n."SentAt", n."Status", n."Subject", n."Type", n."UpdatedAt", n."UpdatedBy"
FROM "NotificationQueues" AS n
WHERE n."Type" = 'WhatsApp' AND n."SentAt" IS NULL AND n."RetryCount" < 3
LIMIT @__p_0
2026-06-03 22:02:36.369 +05:30 [INF] Microsoft.EntityFrameworkCore.Database.Command: Executed DbCommand (2ms) [Parameters=[@__p_0='?' (DbType = Int32)], CommandType='"Text"', CommandTimeout='30']
SELECT n."Id", n."CompanyId", n."CreatedAt", n."CreatedBy", n."Error", n."Payload", n."Recipient", n."RetryCount", n."SentAt", n."Status", n."Subject", n."Type", n."UpdatedAt", n."UpdatedBy"
FROM "NotificationQueues" AS n
WHERE n."Type" = 'Email' AND n."SentAt" IS NULL AND n."RetryCount" < 3
LIMIT @__p_0
2026-06-03 22:02:43.043 +05:30 [DBG] Hangfire.Server.ServerHeartbeatProcess: Server antonyraj:30600:0e85fd10 heartbeat successfully sent
2026-06-03 22:02:44.656 +05:30 [INF] Microsoft.EntityFrameworkCore.Database.Command: Executed DbCommand (2ms) [Parameters=[@__p_0='?' (DbType = Int32)], CommandType='"Text"', CommandTimeout='30']
SELECT n."Id", n."CompanyId", n."CreatedAt", n."CreatedBy", n."Error", n."Payload", n."Recipient", n."RetryCount", n."SentAt", n."Status", n."Subject", n."Type", n."UpdatedAt", n."UpdatedBy"
FROM "NotificationQueues" AS n
WHERE n."Type" = 'Sms' AND n."SentAt" IS NULL AND n."RetryCount" < 3
LIMIT @__p_0
2026-06-03 22:02:45.404 +05:30 [INF] Microsoft.EntityFrameworkCore.Database.Command: Executed DbCommand (4ms) [Parameters=[@__p_0='?' (DbType = Int32)], CommandType='"Text"', CommandTimeout='30']
SELECT n."Id", n."CompanyId", n."CreatedAt", n."CreatedBy", n."Error", n."Payload", n."Recipient", n."RetryCount", n."SentAt", n."Status", n."Subject", n."Type", n."UpdatedAt", n."UpdatedBy"
FROM "NotificationQueues" AS n
WHERE n."Type" = 'WhatsApp' AND n."SentAt" IS NULL AND n."RetryCount" < 3
LIMIT @__p_0
2026-06-03 22:03:07.144 +05:30 [INF] Microsoft.EntityFrameworkCore.Database.Command: Executed DbCommand (2ms) [Parameters=[@__p_0='?' (DbType = Int32)], CommandType='"Text"', CommandTimeout='30']
SELECT n."Id", n."CompanyId", n."CreatedAt", n."CreatedBy", n."Error", n."Payload", n."Recipient", n."RetryCount", n."SentAt", n."Status", n."Subject", n."Type", n."UpdatedAt", n."UpdatedBy"
FROM "NotificationQueues" AS n
WHERE n."Type" = 'Email' AND n."SentAt" IS NULL AND n."RetryCount" < 3
LIMIT @__p_0
2026-06-03 22:03:13.278 +05:30 [DBG] Hangfire.Server.ServerHeartbeatProcess: Server antonyraj:30600:0e85fd10 heartbeat successfully sent
2026-06-03 22:03:14.894 +05:30 [INF] Microsoft.EntityFrameworkCore.Database.Command: Executed DbCommand (2ms) [Parameters=[@__p_0='?' (DbType = Int32)], CommandType='"Text"', CommandTimeout='30']
SELECT n."Id", n."CompanyId", n."CreatedAt", n."CreatedBy", n."Error", n."Payload", n."Recipient", n."RetryCount", n."SentAt", n."Status", n."Subject", n."Type", n."UpdatedAt", n."UpdatedBy"
FROM "NotificationQueues" AS n
WHERE n."Type" = 'Sms' AND n."SentAt" IS NULL AND n."RetryCount" < 3
LIMIT @__p_0
2026-06-03 22:03:16.222 +05:30 [INF] Microsoft.EntityFrameworkCore.Database.Command: Executed DbCommand (6ms) [Parameters=[@__p_0='?' (DbType = Int32)], CommandType='"Text"', CommandTimeout='30']
SELECT n."Id", n."CompanyId", n."CreatedAt", n."CreatedBy", n."Error", n."Payload", n."Recipient", n."RetryCount", n."SentAt", n."Status", n."Subject", n."Type", n."UpdatedAt", n."UpdatedBy"
FROM "NotificationQueues" AS n
WHERE n."Type" = 'WhatsApp' AND n."SentAt" IS NULL AND n."RetryCount" < 3
LIMIT @__p_0
2026-06-03 22:03:38.163 +05:30 [INF] Microsoft.EntityFrameworkCore.Database.Command: Executed DbCommand (2ms) [Parameters=[@__p_0='?' (DbType = Int32)], CommandType='"Text"', CommandTimeout='30']
SELECT n."Id", n."CompanyId", n."CreatedAt", n."CreatedBy", n."Error", n."Payload", n."Recipient", n."RetryCount", n."SentAt", n."Status", n."Subject", n."Type", n."UpdatedAt", n."UpdatedBy"
FROM "NotificationQueues" AS n
WHERE n."Type" = 'Email' AND n."SentAt" IS NULL AND n."RetryCount" < 3
LIMIT @__p_0
2026-06-03 22:03:43.416 +05:30 [DBG] Hangfire.Server.ServerHeartbeatProcess: Server antonyraj:30600:0e85fd10 heartbeat successfully sent
2026-06-03 22:03:45.971 +05:30 [INF] Microsoft.EntityFrameworkCore.Database.Command: Executed DbCommand (2ms) [Parameters=[@__p_0='?' (DbType = Int32)], CommandType='"Text"', CommandTimeout='30']
SELECT n."Id", n."CompanyId", n."CreatedAt", n."CreatedBy", n."Error", n."Payload", n."Recipient", n."RetryCount", n."SentAt", n."Status", n."Subject", n."Type", n."UpdatedAt", n."UpdatedBy"
FROM "NotificationQueues" AS n
WHERE n."Type" = 'Sms' AND n."SentAt" IS NULL AND n."RetryCount" < 3
LIMIT @__p_0
2026-06-03 22:03:47.405 +05:30 [INF] Microsoft.EntityFrameworkCore.Database.Command: Executed DbCommand (3ms) [Parameters=[@__p_0='?' (DbType = Int32)], CommandType='"Text"', CommandTimeout='30']
SELECT n."Id", n."CompanyId", n."CreatedAt", n."CreatedBy", n."Error", n."Payload", n."Recipient", n."RetryCount", n."SentAt", n."Status", n."Subject", n."Type", n."UpdatedAt", n."UpdatedBy"
FROM "NotificationQueues" AS n
WHERE n."Type" = 'WhatsApp' AND n."SentAt" IS NULL AND n."RetryCount" < 3
LIMIT @__p_0
2026-06-03 22:04:08.330 +05:30 [INF] Microsoft.EntityFrameworkCore.Database.Command: Executed DbCommand (1ms) [Parameters=[@__p_0='?' (DbType = Int32)], CommandType='"Text"', CommandTimeout='30']
SELECT n."Id", n."CompanyId", n."CreatedAt", n."CreatedBy", n."Error", n."Payload", n."Recipient", n."RetryCount", n."SentAt", n."Status", n."Subject", n."Type", n."UpdatedAt", n."UpdatedBy"
FROM "NotificationQueues" AS n
WHERE n."Type" = 'Email' AND n."SentAt" IS NULL AND n."RetryCount" < 3
LIMIT @__p_0
2026-06-03 22:04:13.454 +05:30 [DBG] Hangfire.Server.ServerHeartbeatProcess: Server antonyraj:30600:0e85fd10 heartbeat successfully sent
2026-06-03 22:04:15.983 +05:30 [INF] Microsoft.EntityFrameworkCore.Database.Command: Executed DbCommand (1ms) [Parameters=[@__p_0='?' (DbType = Int32)], CommandType='"Text"', CommandTimeout='30']
SELECT n."Id", n."CompanyId", n."CreatedAt", n."CreatedBy", n."Error", n."Payload", n."Recipient", n."RetryCount", n."SentAt", n."Status", n."Subject", n."Type", n."UpdatedAt", n."UpdatedBy"
FROM "NotificationQueues" AS n
WHERE n."Type" = 'Sms' AND n."SentAt" IS NULL AND n."RetryCount" < 3
LIMIT @__p_0
2026-06-03 22:04:17.491 +05:30 [INF] Microsoft.EntityFrameworkCore.Database.Command: Executed DbCommand (17ms) [Parameters=[@__p_0='?' (DbType = Int32)], CommandType='"Text"', CommandTimeout='30']
SELECT n."Id", n."CompanyId", n."CreatedAt", n."CreatedBy", n."Error", n."Payload", n."Recipient", n."RetryCount", n."SentAt", n."Status", n."Subject", n."Type", n."UpdatedAt", n."UpdatedBy"
FROM "NotificationQueues" AS n
WHERE n."Type" = 'WhatsApp' AND n."SentAt" IS NULL AND n."RetryCount" < 3
LIMIT @__p_0
2026-06-03 22:04:38.367 +05:30 [INF] Microsoft.EntityFrameworkCore.Database.Command: Executed DbCommand (4ms) [Parameters=[@__p_0='?' (DbType = Int32)], CommandType='"Text"', CommandTimeout='30']
SELECT n."Id", n."CompanyId", n."CreatedAt", n."CreatedBy", n."Error", n."Payload", n."Recipient", n."RetryCount", n."SentAt", n."Status", n."Subject", n."Type", n."UpdatedAt", n."UpdatedBy"
FROM "NotificationQueues" AS n
WHERE n."Type" = 'Email' AND n."SentAt" IS NULL AND n."RetryCount" < 3
LIMIT @__p_0
2026-06-03 22:04:43.467 +05:30 [DBG] Hangfire.Server.ServerHeartbeatProcess: Server antonyraj:30600:0e85fd10 heartbeat successfully sent
2026-06-03 22:04:46.000 +05:30 [INF] Microsoft.EntityFrameworkCore.Database.Command: Executed DbCommand (2ms) [Parameters=[@__p_0='?' (DbType = Int32)], CommandType='"Text"', CommandTimeout='30']
SELECT n."Id", n."CompanyId", n."CreatedAt", n."CreatedBy", n."Error", n."Payload", n."Recipient", n."RetryCount", n."SentAt", n."Status", n."Subject", n."Type", n."UpdatedAt", n."UpdatedBy"
FROM "NotificationQueues" AS n
WHERE n."Type" = 'Sms' AND n."SentAt" IS NULL AND n."RetryCount" < 3
LIMIT @__p_0
2026-06-03 22:04:47.508 +05:30 [INF] Microsoft.EntityFrameworkCore.Database.Command: Executed DbCommand (2ms) [Parameters=[@__p_0='?' (DbType = Int32)], CommandType='"Text"', CommandTimeout='30']
SELECT n."Id", n."CompanyId", n."CreatedAt", n."CreatedBy", n."Error", n."Payload", n."Recipient", n."RetryCount", n."SentAt", n."Status", n."Subject", n."Type", n."UpdatedAt", n."UpdatedBy"
FROM "NotificationQueues" AS n
WHERE n."Type" = 'WhatsApp' AND n."SentAt" IS NULL AND n."RetryCount" < 3
LIMIT @__p_0
2026-06-03 22:05:08.384 +05:30 [INF] Microsoft.EntityFrameworkCore.Database.Command: Executed DbCommand (2ms) [Parameters=[@__p_0='?' (DbType = Int32)], CommandType='"Text"', CommandTimeout='30']
SELECT n."Id", n."CompanyId", n."CreatedAt", n."CreatedBy", n."Error", n."Payload", n."Recipient", n."RetryCount", n."SentAt", n."Status", n."Subject", n."Type", n."UpdatedAt", n."UpdatedBy"
FROM "NotificationQueues" AS n
WHERE n."Type" = 'Email' AND n."SentAt" IS NULL AND n."RetryCount" < 3
LIMIT @__p_0
2026-06-03 22:05:10.095 +05:30 [DBG] Hangfire.PostgreSql.CountersAggregator: Aggregating records in 'Counter' table...
2026-06-03 22:05:13.482 +05:30 [DBG] Hangfire.Server.ServerHeartbeatProcess: Server antonyraj:30600:0e85fd10 heartbeat successfully sent
2026-06-03 22:05:16.008 +05:30 [INF] Microsoft.EntityFrameworkCore.Database.Command: Executed DbCommand (1ms) [Parameters=[@__p_0='?' (DbType = Int32)], CommandType='"Text"', CommandTimeout='30']
SELECT n."Id", n."CompanyId", n."CreatedAt", n."CreatedBy", n."Error", n."Payload", n."Recipient", n."RetryCount", n."SentAt", n."Status", n."Subject", n."Type", n."UpdatedAt", n."UpdatedBy"
FROM "NotificationQueues" AS n
WHERE n."Type" = 'Sms' AND n."SentAt" IS NULL AND n."RetryCount" < 3
LIMIT @__p_0
2026-06-03 22:05:17.538 +05:30 [INF] Microsoft.EntityFrameworkCore.Database.Command: Executed DbCommand (1ms) [Parameters=[@__p_0='?' (DbType = Int32)], CommandType='"Text"', CommandTimeout='30']
SELECT n."Id", n."CompanyId", n."CreatedAt", n."CreatedBy", n."Error", n."Payload", n."Recipient", n."RetryCount", n."SentAt", n."Status", n."Subject", n."Type", n."UpdatedAt", n."UpdatedBy"
FROM "NotificationQueues" AS n
WHERE n."Type" = 'WhatsApp' AND n."SentAt" IS NULL AND n."RetryCount" < 3
LIMIT @__p_0
2026-06-03 22:05:38.398 +05:30 [INF] Microsoft.EntityFrameworkCore.Database.Command: Executed DbCommand (4ms) [Parameters=[@__p_0='?' (DbType = Int32)], CommandType='"Text"', CommandTimeout='30']
SELECT n."Id", n."CompanyId", n."CreatedAt", n."CreatedBy", n."Error", n."Payload", n."Recipient", n."RetryCount", n."SentAt", n."Status", n."Subject", n."Type", n."UpdatedAt", n."UpdatedBy"
FROM "NotificationQueues" AS n
WHERE n."Type" = 'Email' AND n."SentAt" IS NULL AND n."RetryCount" < 3
LIMIT @__p_0
2026-06-03 22:05:43.499 +05:30 [DBG] Hangfire.Server.ServerHeartbeatProcess: Server antonyraj:30600:0e85fd10 heartbeat successfully sent
2026-06-03 22:05:46.041 +05:30 [INF] Microsoft.EntityFrameworkCore.Database.Command: Executed DbCommand (2ms) [Parameters=[@__p_0='?' (DbType = Int32)], CommandType='"Text"', CommandTimeout='30']
SELECT n."Id", n."CompanyId", n."CreatedAt", n."CreatedBy", n."Error", n."Payload", n."Recipient", n."RetryCount", n."SentAt", n."Status", n."Subject", n."Type", n."UpdatedAt", n."UpdatedBy"
FROM "NotificationQueues" AS n
WHERE n."Type" = 'Sms' AND n."SentAt" IS NULL AND n."RetryCount" < 3
LIMIT @__p_0
2026-06-03 22:05:47.548 +05:30 [INF] Microsoft.EntityFrameworkCore.Database.Command: Executed DbCommand (1ms) [Parameters=[@__p_0='?' (DbType = Int32)], CommandType='"Text"', CommandTimeout='30']
SELECT n."Id", n."CompanyId", n."CreatedAt", n."CreatedBy", n."Error", n."Payload", n."Recipient", n."RetryCount", n."SentAt", n."Status", n."Subject", n."Type", n."UpdatedAt", n."UpdatedBy"
FROM "NotificationQueues" AS n
WHERE n."Type" = 'WhatsApp' AND n."SentAt" IS NULL AND n."RetryCount" < 3
LIMIT @__p_0
2026-06-03 22:06:08.410 +05:30 [INF] Microsoft.EntityFrameworkCore.Database.Command: Executed DbCommand (1ms) [Parameters=[@__p_0='?' (DbType = Int32)], CommandType='"Text"', CommandTimeout='30']
SELECT n."Id", n."CompanyId", n."CreatedAt", n."CreatedBy", n."Error", n."Payload", n."Recipient", n."RetryCount", n."SentAt", n."Status", n."Subject", n."Type", n."UpdatedAt", n."UpdatedBy"
FROM "NotificationQueues" AS n
WHERE n."Type" = 'Email' AND n."SentAt" IS NULL AND n."RetryCount" < 3
LIMIT @__p_0
2026-06-03 22:06:13.506 +05:30 [DBG] Hangfire.Server.ServerHeartbeatProcess: Server antonyraj:30600:0e85fd10 heartbeat successfully sent
2026-06-03 22:06:16.073 +05:30 [INF] Microsoft.EntityFrameworkCore.Database.Command: Executed DbCommand (3ms) [Parameters=[@__p_0='?' (DbType = Int32)], CommandType='"Text"', CommandTimeout='30']
SELECT n."Id", n."CompanyId", n."CreatedAt", n."CreatedBy", n."Error", n."Payload", n."Recipient", n."RetryCount", n."SentAt", n."Status", n."Subject", n."Type", n."UpdatedAt", n."UpdatedBy"
FROM "NotificationQueues" AS n
WHERE n."Type" = 'Sms' AND n."SentAt" IS NULL AND n."RetryCount" < 3
LIMIT @__p_0
2026-06-03 22:06:17.562 +05:30 [INF] Microsoft.EntityFrameworkCore.Database.Command: Executed DbCommand (1ms) [Parameters=[@__p_0='?' (DbType = Int32)], CommandType='"Text"', CommandTimeout='30']
SELECT n."Id", n."CompanyId", n."CreatedAt", n."CreatedBy", n."Error", n."Payload", n."Recipient", n."RetryCount", n."SentAt", n."Status", n."Subject", n."Type", n."UpdatedAt", n."UpdatedBy"
FROM "NotificationQueues" AS n
WHERE n."Type" = 'WhatsApp' AND n."SentAt" IS NULL AND n."RetryCount" < 3
LIMIT @__p_0
2026-06-03 22:06:38.430 +05:30 [INF] Microsoft.EntityFrameworkCore.Database.Command: Executed DbCommand (5ms) [Parameters=[@__p_0='?' (DbType = Int32)], CommandType='"Text"', CommandTimeout='30']
SELECT n."Id", n."CompanyId", n."CreatedAt", n."CreatedBy", n."Error", n."Payload", n."Recipient", n."RetryCount", n."SentAt", n."Status", n."Subject", n."Type", n."UpdatedAt", n."UpdatedBy"
FROM "NotificationQueues" AS n
WHERE n."Type" = 'Email' AND n."SentAt" IS NULL AND n."RetryCount" < 3
LIMIT @__p_0
2026-06-03 22:06:43.521 +05:30 [DBG] Hangfire.Server.ServerHeartbeatProcess: Server antonyraj:30600:0e85fd10 heartbeat successfully sent
2026-06-03 22:06:46.083 +05:30 [INF] Microsoft.EntityFrameworkCore.Database.Command: Executed DbCommand (2ms) [Parameters=[@__p_0='?' (DbType = Int32)], CommandType='"Text"', CommandTimeout='30']
SELECT n."Id", n."CompanyId", n."CreatedAt", n."CreatedBy", n."Error", n."Payload", n."Recipient", n."RetryCount", n."SentAt", n."Status", n."Subject", n."Type", n."UpdatedAt", n."UpdatedBy"
FROM "NotificationQueues" AS n
WHERE n."Type" = 'Sms' AND n."SentAt" IS NULL AND n."RetryCount" < 3
LIMIT @__p_0
2026-06-03 22:06:47.575 +05:30 [INF] Microsoft.EntityFrameworkCore.Database.Command: Executed DbCommand (1ms) [Parameters=[@__p_0='?' (DbType = Int32)], CommandType='"Text"', CommandTimeout='30']
SELECT n."Id", n."CompanyId", n."CreatedAt", n."CreatedBy", n."Error", n."Payload", n."Recipient", n."RetryCount", n."SentAt", n."Status", n."Subject", n."Type", n."UpdatedAt", n."UpdatedBy"
FROM "NotificationQueues" AS n
WHERE n."Type" = 'WhatsApp' AND n."SentAt" IS NULL AND n."RetryCount" < 3
LIMIT @__p_0
2026-06-03 22:07:08.450 +05:30 [INF] Microsoft.EntityFrameworkCore.Database.Command: Executed DbCommand (3ms) [Parameters=[@__p_0='?' (DbType = Int32)], CommandType='"Text"', CommandTimeout='30']
SELECT n."Id", n."CompanyId", n."CreatedAt", n."CreatedBy", n."Error", n."Payload", n."Recipient", n."RetryCount", n."SentAt", n."Status", n."Subject", n."Type", n."UpdatedAt", n."UpdatedBy"
FROM "NotificationQueues" AS n
WHERE n."Type" = 'Email' AND n."SentAt" IS NULL AND n."RetryCount" < 3
LIMIT @__p_0
2026-06-03 22:07:13.527 +05:30 [DBG] Hangfire.Server.ServerHeartbeatProcess: Server antonyraj:30600:0e85fd10 heartbeat successfully sent
2026-06-03 22:07:16.109 +05:30 [INF] Microsoft.EntityFrameworkCore.Database.Command: Executed DbCommand (2ms) [Parameters=[@__p_0='?' (DbType = Int32)], CommandType='"Text"', CommandTimeout='30']
SELECT n."Id", n."CompanyId", n."CreatedAt", n."CreatedBy", n."Error", n."Payload", n."Recipient", n."RetryCount", n."SentAt", n."Status", n."Subject", n."Type", n."UpdatedAt", n."UpdatedBy"
FROM "NotificationQueues" AS n
WHERE n."Type" = 'Sms' AND n."SentAt" IS NULL AND n."RetryCount" < 3
LIMIT @__p_0
2026-06-03 22:07:17.590 +05:30 [INF] Microsoft.EntityFrameworkCore.Database.Command: Executed DbCommand (2ms) [Parameters=[@__p_0='?' (DbType = Int32)], CommandType='"Text"', CommandTimeout='30']
SELECT n."Id", n."CompanyId", n."CreatedAt", n."CreatedBy", n."Error", n."Payload", n."Recipient", n."RetryCount", n."SentAt", n."Status", n."Subject", n."Type", n."UpdatedAt", n."UpdatedBy"
FROM "NotificationQueues" AS n
WHERE n."Type" = 'WhatsApp' AND n."SentAt" IS NULL AND n."RetryCount" < 3
LIMIT @__p_0
2026-06-03 22:07:39.002 +05:30 [INF] Microsoft.EntityFrameworkCore.Database.Command: Executed DbCommand (1ms) [Parameters=[@__p_0='?' (DbType = Int32)], CommandType='"Text"', CommandTimeout='30']
SELECT n."Id", n."CompanyId", n."CreatedAt", n."CreatedBy", n."Error", n."Payload", n."Recipient", n."RetryCount", n."SentAt", n."Status", n."Subject", n."Type", n."UpdatedAt", n."UpdatedBy"
FROM "NotificationQueues" AS n
WHERE n."Type" = 'Email' AND n."SentAt" IS NULL AND n."RetryCount" < 3
LIMIT @__p_0
2026-06-03 22:07:44.117 +05:30 [DBG] Hangfire.Server.ServerHeartbeatProcess: Server antonyraj:30600:0e85fd10 heartbeat successfully sent
2026-06-03 22:07:46.143 +05:30 [INF] Microsoft.EntityFrameworkCore.Database.Command: Executed DbCommand (1ms) [Parameters=[@__p_0='?' (DbType = Int32)], CommandType='"Text"', CommandTimeout='30']
SELECT n."Id", n."CompanyId", n."CreatedAt", n."CreatedBy", n."Error", n."Payload", n."Recipient", n."RetryCount", n."SentAt", n."Status", n."Subject", n."Type", n."UpdatedAt", n."UpdatedBy"
FROM "NotificationQueues" AS n
WHERE n."Type" = 'Sms' AND n."SentAt" IS NULL AND n."RetryCount" < 3
LIMIT @__p_0
2026-06-03 22:07:47.617 +05:30 [INF] Microsoft.EntityFrameworkCore.Database.Command: Executed DbCommand (1ms) [Parameters=[@__p_0='?' (DbType = Int32)], CommandType='"Text"', CommandTimeout='30']
SELECT n."Id", n."CompanyId", n."CreatedAt", n."CreatedBy", n."Error", n."Payload", n."Recipient", n."RetryCount", n."SentAt", n."Status", n."Subject", n."Type", n."UpdatedAt", n."UpdatedBy"
FROM "NotificationQueues" AS n
WHERE n."Type" = 'WhatsApp' AND n."SentAt" IS NULL AND n."RetryCount" < 3
LIMIT @__p_0
2026-06-03 22:08:09.011 +05:30 [INF] Microsoft.EntityFrameworkCore.Database.Command: Executed DbCommand (1ms) [Parameters=[@__p_0='?' (DbType = Int32)], CommandType='"Text"', CommandTimeout='30']
SELECT n."Id", n."CompanyId", n."CreatedAt", n."CreatedBy", n."Error", n."Payload", n."Recipient", n."RetryCount", n."SentAt", n."Status", n."Subject", n."Type", n."UpdatedAt", n."UpdatedBy"
FROM "NotificationQueues" AS n
WHERE n."Type" = 'Email' AND n."SentAt" IS NULL AND n."RetryCount" < 3
LIMIT @__p_0
2026-06-03 22:08:14.142 +05:30 [DBG] Hangfire.Server.ServerHeartbeatProcess: Server antonyraj:30600:0e85fd10 heartbeat successfully sent
2026-06-03 22:08:16.162 +05:30 [INF] Microsoft.EntityFrameworkCore.Database.Command: Executed DbCommand (1ms) [Parameters=[@__p_0='?' (DbType = Int32)], CommandType='"Text"', CommandTimeout='30']
SELECT n."Id", n."CompanyId", n."CreatedAt", n."CreatedBy", n."Error", n."Payload", n."Recipient", n."RetryCount", n."SentAt", n."Status", n."Subject", n."Type", n."UpdatedAt", n."UpdatedBy"
FROM "NotificationQueues" AS n
WHERE n."Type" = 'Sms' AND n."SentAt" IS NULL AND n."RetryCount" < 3
LIMIT @__p_0
2026-06-03 22:08:17.628 +05:30 [INF] Microsoft.EntityFrameworkCore.Database.Command: Executed DbCommand (2ms) [Parameters=[@__p_0='?' (DbType = Int32)], CommandType='"Text"', CommandTimeout='30']
SELECT n."Id", n."CompanyId", n."CreatedAt", n."CreatedBy", n."Error", n."Payload", n."Recipient", n."RetryCount", n."SentAt", n."Status", n."Subject", n."Type", n."UpdatedAt", n."UpdatedBy"
FROM "NotificationQueues" AS n
WHERE n."Type" = 'WhatsApp' AND n."SentAt" IS NULL AND n."RetryCount" < 3
LIMIT @__p_0
2026-06-03 22:08:39.041 +05:30 [INF] Microsoft.EntityFrameworkCore.Database.Command: Executed DbCommand (3ms) [Parameters=[@__p_0='?' (DbType = Int32)], CommandType='"Text"', CommandTimeout='30']
SELECT n."Id", n."CompanyId", n."CreatedAt", n."CreatedBy", n."Error", n."Payload", n."Recipient", n."RetryCount", n."SentAt", n."Status", n."Subject", n."Type", n."UpdatedAt", n."UpdatedBy"
FROM "NotificationQueues" AS n
WHERE n."Type" = 'Email' AND n."SentAt" IS NULL AND n."RetryCount" < 3
LIMIT @__p_0
2026-06-03 22:08:44.172 +05:30 [DBG] Hangfire.Server.ServerHeartbeatProcess: Server antonyraj:30600:0e85fd10 heartbeat successfully sent
2026-06-03 22:08:46.179 +05:30 [INF] Microsoft.EntityFrameworkCore.Database.Command: Executed DbCommand (1ms) [Parameters=[@__p_0='?' (DbType = Int32)], CommandType='"Text"', CommandTimeout='30']
SELECT n."Id", n."CompanyId", n."CreatedAt", n."CreatedBy", n."Error", n."Payload", n."Recipient", n."RetryCount", n."SentAt", n."Status", n."Subject", n."Type", n."UpdatedAt", n."UpdatedBy"
FROM "NotificationQueues" AS n
WHERE n."Type" = 'Sms' AND n."SentAt" IS NULL AND n."RetryCount" < 3
LIMIT @__p_0
2026-06-03 22:08:47.639 +05:30 [INF] Microsoft.EntityFrameworkCore.Database.Command: Executed DbCommand (2ms) [Parameters=[@__p_0='?' (DbType = Int32)], CommandType='"Text"', CommandTimeout='30']
SELECT n."Id", n."CompanyId", n."CreatedAt", n."CreatedBy", n."Error", n."Payload", n."Recipient", n."RetryCount", n."SentAt", n."Status", n."Subject", n."Type", n."UpdatedAt", n."UpdatedBy"
FROM "NotificationQueues" AS n
WHERE n."Type" = 'WhatsApp' AND n."SentAt" IS NULL AND n."RetryCount" < 3
LIMIT @__p_0
2026-06-03 22:09:09.057 +05:30 [INF] Microsoft.EntityFrameworkCore.Database.Command: Executed DbCommand (1ms) [Parameters=[@__p_0='?' (DbType = Int32)], CommandType='"Text"', CommandTimeout='30']
SELECT n."Id", n."CompanyId", n."CreatedAt", n."CreatedBy", n."Error", n."Payload", n."Recipient", n."RetryCount", n."SentAt", n."Status", n."Subject", n."Type", n."UpdatedAt", n."UpdatedBy"
FROM "NotificationQueues" AS n
WHERE n."Type" = 'Email' AND n."SentAt" IS NULL AND n."RetryCount" < 3
LIMIT @__p_0
2026-06-03 22:09:14.187 +05:30 [DBG] Hangfire.Server.ServerHeartbeatProcess: Server antonyraj:30600:0e85fd10 heartbeat successfully sent
2026-06-03 22:09:16.194 +05:30 [INF] Microsoft.EntityFrameworkCore.Database.Command: Executed DbCommand (1ms) [Parameters=[@__p_0='?' (DbType = Int32)], CommandType='"Text"', CommandTimeout='30']
SELECT n."Id", n."CompanyId", n."CreatedAt", n."CreatedBy", n."Error", n."Payload", n."Recipient", n."RetryCount", n."SentAt", n."Status", n."Subject", n."Type", n."UpdatedAt", n."UpdatedBy"
FROM "NotificationQueues" AS n
WHERE n."Type" = 'Sms' AND n."SentAt" IS NULL AND n."RetryCount" < 3
LIMIT @__p_0
2026-06-03 22:09:17.653 +05:30 [INF] Microsoft.EntityFrameworkCore.Database.Command: Executed DbCommand (2ms) [Parameters=[@__p_0='?' (DbType = Int32)], CommandType='"Text"', CommandTimeout='30']
SELECT n."Id", n."CompanyId", n."CreatedAt", n."CreatedBy", n."Error", n."Payload", n."Recipient", n."RetryCount", n."SentAt", n."Status", n."Subject", n."Type", n."UpdatedAt", n."UpdatedBy"
FROM "NotificationQueues" AS n
WHERE n."Type" = 'WhatsApp' AND n."SentAt" IS NULL AND n."RetryCount" < 3
LIMIT @__p_0
2026-06-03 22:09:39.073 +05:30 [INF] Microsoft.EntityFrameworkCore.Database.Command: Executed DbCommand (1ms) [Parameters=[@__p_0='?' (DbType = Int32)], CommandType='"Text"', CommandTimeout='30']
SELECT n."Id", n."CompanyId", n."CreatedAt", n."CreatedBy", n."Error", n."Payload", n."Recipient", n."RetryCount", n."SentAt", n."Status", n."Subject", n."Type", n."UpdatedAt", n."UpdatedBy"
FROM "NotificationQueues" AS n
WHERE n."Type" = 'Email' AND n."SentAt" IS NULL AND n."RetryCount" < 3
LIMIT @__p_0
2026-06-03 22:09:44.207 +05:30 [DBG] Hangfire.Server.ServerHeartbeatProcess: Server antonyraj:30600:0e85fd10 heartbeat successfully sent
2026-06-03 22:09:46.205 +05:30 [INF] Microsoft.EntityFrameworkCore.Database.Command: Executed DbCommand (1ms) [Parameters=[@__p_0='?' (DbType = Int32)], CommandType='"Text"', CommandTimeout='30']
SELECT n."Id", n."CompanyId", n."CreatedAt", n."CreatedBy", n."Error", n."Payload", n."Recipient", n."RetryCount", n."SentAt", n."Status", n."Subject", n."Type", n."UpdatedAt", n."UpdatedBy"
FROM "NotificationQueues" AS n
WHERE n."Type" = 'Sms' AND n."SentAt" IS NULL AND n."RetryCount" < 3
LIMIT @__p_0
2026-06-03 22:09:47.659 +05:30 [INF] Microsoft.EntityFrameworkCore.Database.Command: Executed DbCommand (1ms) [Parameters=[@__p_0='?' (DbType = Int32)], CommandType='"Text"', CommandTimeout='30']
SELECT n."Id", n."CompanyId", n."CreatedAt", n."CreatedBy", n."Error", n."Payload", n."Recipient", n."RetryCount", n."SentAt", n."Status", n."Subject", n."Type", n."UpdatedAt", n."UpdatedBy"
FROM "NotificationQueues" AS n
WHERE n."Type" = 'WhatsApp' AND n."SentAt" IS NULL AND n."RetryCount" < 3
LIMIT @__p_0
2026-06-03 22:10:06.583 +05:30 [INF] Microsoft.EntityFrameworkCore.Database.Command: Executed DbCommand (39ms) [Parameters=[], CommandType='"Text"', CommandTimeout='30']
SELECT r."Id", r."CompanyId", r."CreatedAt", r."CreatedBy", r."IncludeSafetyStock", r."IsActive", r."LeadTimeDays", r."LocationId", r."MinimumQuantity", r."PreferredSupplierId", r."ProductId", r."ReorderQuantity", r."UpdatedAt", r."UpdatedBy", r."WarehouseId", t."Id", t."CategoryId", t."CompanyId", t."CreatedAt", t."CreatedBy", t."DefaultCostPrice", t."DefaultSalePrice", t."Emoji", t."HsnCode", t."IndustryMetadata", t."IsActive", t."IsSerialized", t."IsUniversal", t."Kind", t."Name", t."PublishStatus", t."SKU", t."Tag", t."TaxSlabId", t."UpdatedAt", t."UpdatedBy"
FROM "ReorderRules" AS r
INNER JOIN (
    SELECT p."Id", p."CategoryId", p."CompanyId", p."CreatedAt", p."CreatedBy", p."DefaultCostPrice", p."DefaultSalePrice", p."Emoji", p."HsnCode", p."IndustryMetadata", p."IsActive", p."IsSerialized", p."IsUniversal", p."Kind", p."Name", p."PublishStatus", p."SKU", p."Tag", p."TaxSlabId", p."UpdatedAt", p."UpdatedBy"
    FROM "Products" AS p
    WHERE p."IsActive"
) AS t ON r."ProductId" = t."Id"
WHERE r."IsActive" AND r."IsActive"
2026-06-03 22:10:06.706 +05:30 [INF] Microsoft.EntityFrameworkCore.Database.Command: Executed DbCommand (6ms) [Parameters=[@__rule_ProductId_0='?' (DbType = Guid), @__rule_WarehouseId_1='?' (DbType = Guid)], CommandType='"Text"', CommandTimeout='30']
SELECT w."Id", w."CompanyId", w."CreatedAt", w."CreatedBy", w."InTransitQuantity", w."IsActive", w."LastMovementAt", w."LastPurchasedAt", w."LastSoldAt", w."MinStockLevel", w."PreferredSupplierId", w."ProductId", w."Quantity", w."ReorderLevel", w."ReservedQuantity", w."UpdatedAt", w."UpdatedBy", w."WarehouseId"
FROM "WarehouseStocks" AS w
WHERE w."IsActive" AND w."ProductId" = @__rule_ProductId_0 AND w."WarehouseId" = @__rule_WarehouseId_1
LIMIT 1
2026-06-03 22:10:06.723 +05:30 [INF] Microsoft.EntityFrameworkCore.Database.Command: Executed DbCommand (3ms) [Parameters=[@__rule_ProductId_0='?' (DbType = Guid), @__rule_WarehouseId_1='?' (DbType = Guid)], CommandType='"Text"', CommandTimeout='30']
SELECT w."Id", w."CompanyId", w."CreatedAt", w."CreatedBy", w."InTransitQuantity", w."IsActive", w."LastMovementAt", w."LastPurchasedAt", w."LastSoldAt", w."MinStockLevel", w."PreferredSupplierId", w."ProductId", w."Quantity", w."ReorderLevel", w."ReservedQuantity", w."UpdatedAt", w."UpdatedBy", w."WarehouseId"
FROM "WarehouseStocks" AS w
WHERE w."IsActive" AND w."ProductId" = @__rule_ProductId_0 AND w."WarehouseId" = @__rule_WarehouseId_1
LIMIT 1
2026-06-03 22:10:08.294 +05:30 [DBG] Hangfire.PostgreSql.ExpirationManager: Removing outdated records from table 'aggregatedcounter'...
2026-06-03 22:10:08.326 +05:30 [DBG] Hangfire.PostgreSql.ExpirationManager: Removing outdated records from table 'counter'...
2026-06-03 22:10:08.333 +05:30 [DBG] Hangfire.PostgreSql.ExpirationManager: Removing outdated records from table 'job'...
2026-06-03 22:10:08.362 +05:30 [DBG] Hangfire.PostgreSql.ExpirationManager: Removing outdated records from table 'list'...
2026-06-03 22:10:08.370 +05:30 [DBG] Hangfire.PostgreSql.ExpirationManager: Removing outdated records from table 'set'...
2026-06-03 22:10:08.375 +05:30 [DBG] Hangfire.PostgreSql.ExpirationManager: Removing outdated records from table 'hash'...
2026-06-03 22:10:09.092 +05:30 [INF] Microsoft.EntityFrameworkCore.Database.Command: Executed DbCommand (1ms) [Parameters=[@__p_0='?' (DbType = Int32)], CommandType='"Text"', CommandTimeout='30']
SELECT n."Id", n."CompanyId", n."CreatedAt", n."CreatedBy", n."Error", n."Payload", n."Recipient", n."RetryCount", n."SentAt", n."Status", n."Subject", n."Type", n."UpdatedAt", n."UpdatedBy"
FROM "NotificationQueues" AS n
WHERE n."Type" = 'Email' AND n."SentAt" IS NULL AND n."RetryCount" < 3
LIMIT @__p_0
2026-06-03 22:10:10.017 +05:30 [INF] Microsoft.EntityFrameworkCore.Database.Command: Executed DbCommand (5ms) [Parameters=[], CommandType='"Text"', CommandTimeout='30']
SELECT s."Id", s."CompanyId", s."CreatedAt", s."CreatedBy", s."EmailRecipients", s."IsActive", s."LastTriggeredAt", s."NotifyRoles", s."ProductId", s."SendEmail", s."SendSms", s."SendWhatsApp", s."SmsRecipients", s."Threshold", s."Unit", s."UpdatedAt", s."UpdatedBy", s."WarehouseId", s."WhatsAppRecipients"
FROM "StockAlertRules" AS s
WHERE s."IsActive" AND s."IsActive"
2026-06-03 22:10:10.212 +05:30 [DBG] Hangfire.PostgreSql.CountersAggregator: Aggregating records in 'Counter' table...
2026-06-03 22:10:14.216 +05:30 [DBG] Hangfire.Server.ServerHeartbeatProcess: Server antonyraj:30600:0e85fd10 heartbeat successfully sent
2026-06-03 22:10:16.214 +05:30 [INF] Microsoft.EntityFrameworkCore.Database.Command: Executed DbCommand (1ms) [Parameters=[@__p_0='?' (DbType = Int32)], CommandType='"Text"', CommandTimeout='30']
SELECT n."Id", n."CompanyId", n."CreatedAt", n."CreatedBy", n."Error", n."Payload", n."Recipient", n."RetryCount", n."SentAt", n."Status", n."Subject", n."Type", n."UpdatedAt", n."UpdatedBy"
FROM "NotificationQueues" AS n
WHERE n."Type" = 'Sms' AND n."SentAt" IS NULL AND n."RetryCount" < 3
LIMIT @__p_0
2026-06-03 22:10:17.692 +05:30 [INF] Microsoft.EntityFrameworkCore.Database.Command: Executed DbCommand (5ms) [Parameters=[@__p_0='?' (DbType = Int32)], CommandType='"Text"', CommandTimeout='30']
SELECT n."Id", n."CompanyId", n."CreatedAt", n."CreatedBy", n."Error", n."Payload", n."Recipient", n."RetryCount", n."SentAt", n."Status", n."Subject", n."Type", n."UpdatedAt", n."UpdatedBy"
FROM "NotificationQueues" AS n
WHERE n."Type" = 'WhatsApp' AND n."SentAt" IS NULL AND n."RetryCount" < 3
LIMIT @__p_0
2026-06-03 22:10:39.124 +05:30 [INF] Microsoft.EntityFrameworkCore.Database.Command: Executed DbCommand (6ms) [Parameters=[@__p_0='?' (DbType = Int32)], CommandType='"Text"', CommandTimeout='30']
SELECT n."Id", n."CompanyId", n."CreatedAt", n."CreatedBy", n."Error", n."Payload", n."Recipient", n."RetryCount", n."SentAt", n."Status", n."Subject", n."Type", n."UpdatedAt", n."UpdatedBy"
FROM "NotificationQueues" AS n
WHERE n."Type" = 'Email' AND n."SentAt" IS NULL AND n."RetryCount" < 3
LIMIT @__p_0
2026-06-03 22:10:44.228 +05:30 [DBG] Hangfire.Server.ServerHeartbeatProcess: Server antonyraj:30600:0e85fd10 heartbeat successfully sent
2026-06-03 22:10:46.245 +05:30 [INF] Microsoft.EntityFrameworkCore.Database.Command: Executed DbCommand (1ms) [Parameters=[@__p_0='?' (DbType = Int32)], CommandType='"Text"', CommandTimeout='30']
SELECT n."Id", n."CompanyId", n."CreatedAt", n."CreatedBy", n."Error", n."Payload", n."Recipient", n."RetryCount", n."SentAt", n."Status", n."Subject", n."Type", n."UpdatedAt", n."UpdatedBy"
FROM "NotificationQueues" AS n
WHERE n."Type" = 'Sms' AND n."SentAt" IS NULL AND n."RetryCount" < 3
LIMIT @__p_0
2026-06-03 22:10:47.704 +05:30 [INF] Microsoft.EntityFrameworkCore.Database.Command: Executed DbCommand (2ms) [Parameters=[@__p_0='?' (DbType = Int32)], CommandType='"Text"', CommandTimeout='30']
SELECT n."Id", n."CompanyId", n."CreatedAt", n."CreatedBy", n."Error", n."Payload", n."Recipient", n."RetryCount", n."SentAt", n."Status", n."Subject", n."Type", n."UpdatedAt", n."UpdatedBy"
FROM "NotificationQueues" AS n
WHERE n."Type" = 'WhatsApp' AND n."SentAt" IS NULL AND n."RetryCount" < 3
LIMIT @__p_0
2026-06-03 22:11:09.153 +05:30 [INF] Microsoft.EntityFrameworkCore.Database.Command: Executed DbCommand (1ms) [Parameters=[@__p_0='?' (DbType = Int32)], CommandType='"Text"', CommandTimeout='30']
SELECT n."Id", n."CompanyId", n."CreatedAt", n."CreatedBy", n."Error", n."Payload", n."Recipient", n."RetryCount", n."SentAt", n."Status", n."Subject", n."Type", n."UpdatedAt", n."UpdatedBy"
FROM "NotificationQueues" AS n
WHERE n."Type" = 'Email' AND n."SentAt" IS NULL AND n."RetryCount" < 3
LIMIT @__p_0
2026-06-03 22:11:14.242 +05:30 [DBG] Hangfire.Server.ServerHeartbeatProcess: Server antonyraj:30600:0e85fd10 heartbeat successfully sent
2026-06-03 22:11:16.271 +05:30 [INF] Microsoft.EntityFrameworkCore.Database.Command: Executed DbCommand (4ms) [Parameters=[@__p_0='?' (DbType = Int32)], CommandType='"Text"', CommandTimeout='30']
SELECT n."Id", n."CompanyId", n."CreatedAt", n."CreatedBy", n."Error", n."Payload", n."Recipient", n."RetryCount", n."SentAt", n."Status", n."Subject", n."Type", n."UpdatedAt", n."UpdatedBy"
FROM "NotificationQueues" AS n
WHERE n."Type" = 'Sms' AND n."SentAt" IS NULL AND n."RetryCount" < 3
LIMIT @__p_0
2026-06-03 22:11:17.719 +05:30 [INF] Microsoft.EntityFrameworkCore.Database.Command: Executed DbCommand (6ms) [Parameters=[@__p_0='?' (DbType = Int32)], CommandType='"Text"', CommandTimeout='30']
SELECT n."Id", n."CompanyId", n."CreatedAt", n."CreatedBy", n."Error", n."Payload", n."Recipient", n."RetryCount", n."SentAt", n."Status", n."Subject", n."Type", n."UpdatedAt", n."UpdatedBy"
FROM "NotificationQueues" AS n
WHERE n."Type" = 'WhatsApp' AND n."SentAt" IS NULL AND n."RetryCount" < 3
LIMIT @__p_0
2026-06-03 22:11:39.161 +05:30 [INF] Microsoft.EntityFrameworkCore.Database.Command: Executed DbCommand (1ms) [Parameters=[@__p_0='?' (DbType = Int32)], CommandType='"Text"', CommandTimeout='30']
SELECT n."Id", n."CompanyId", n."CreatedAt", n."CreatedBy", n."Error", n."Payload", n."Recipient", n."RetryCount", n."SentAt", n."Status", n."Subject", n."Type", n."UpdatedAt", n."UpdatedBy"
FROM "NotificationQueues" AS n
WHERE n."Type" = 'Email' AND n."SentAt" IS NULL AND n."RetryCount" < 3
LIMIT @__p_0
2026-06-03 22:11:44.248 +05:30 [DBG] Hangfire.Server.ServerHeartbeatProcess: Server antonyraj:30600:0e85fd10 heartbeat successfully sent
2026-06-03 22:11:46.282 +05:30 [INF] Microsoft.EntityFrameworkCore.Database.Command: Executed DbCommand (1ms) [Parameters=[@__p_0='?' (DbType = Int32)], CommandType='"Text"', CommandTimeout='30']
SELECT n."Id", n."CompanyId", n."CreatedAt", n."CreatedBy", n."Error", n."Payload", n."Recipient", n."RetryCount", n."SentAt", n."Status", n."Subject", n."Type", n."UpdatedAt", n."UpdatedBy"
FROM "NotificationQueues" AS n
WHERE n."Type" = 'Sms' AND n."SentAt" IS NULL AND n."RetryCount" < 3
LIMIT @__p_0
2026-06-03 22:11:47.731 +05:30 [INF] Microsoft.EntityFrameworkCore.Database.Command: Executed DbCommand (1ms) [Parameters=[@__p_0='?' (DbType = Int32)], CommandType='"Text"', CommandTimeout='30']
SELECT n."Id", n."CompanyId", n."CreatedAt", n."CreatedBy", n."Error", n."Payload", n."Recipient", n."RetryCount", n."SentAt", n."Status", n."Subject", n."Type", n."UpdatedAt", n."UpdatedBy"
FROM "NotificationQueues" AS n
WHERE n."Type" = 'WhatsApp' AND n."SentAt" IS NULL AND n."RetryCount" < 3
LIMIT @__p_0
2026-06-03 22:12:09.197 +05:30 [INF] Microsoft.EntityFrameworkCore.Database.Command: Executed DbCommand (2ms) [Parameters=[@__p_0='?' (DbType = Int32)], CommandType='"Text"', CommandTimeout='30']
SELECT n."Id", n."CompanyId", n."CreatedAt", n."CreatedBy", n."Error", n."Payload", n."Recipient", n."RetryCount", n."SentAt", n."Status", n."Subject", n."Type", n."UpdatedAt", n."UpdatedBy"
FROM "NotificationQueues" AS n
WHERE n."Type" = 'Email' AND n."SentAt" IS NULL AND n."RetryCount" < 3
LIMIT @__p_0
2026-06-03 22:12:14.250 +05:30 [DBG] Hangfire.Server.ServerHeartbeatProcess: Server antonyraj:30600:0e85fd10 heartbeat successfully sent
2026-06-03 22:12:16.302 +05:30 [INF] Microsoft.EntityFrameworkCore.Database.Command: Executed DbCommand (2ms) [Parameters=[@__p_0='?' (DbType = Int32)], CommandType='"Text"', CommandTimeout='30']
SELECT n."Id", n."CompanyId", n."CreatedAt", n."CreatedBy", n."Error", n."Payload", n."Recipient", n."RetryCount", n."SentAt", n."Status", n."Subject", n."Type", n."UpdatedAt", n."UpdatedBy"
FROM "NotificationQueues" AS n
WHERE n."Type" = 'Sms' AND n."SentAt" IS NULL AND n."RetryCount" < 3
LIMIT @__p_0
2026-06-03 22:12:17.739 +05:30 [INF] Microsoft.EntityFrameworkCore.Database.Command: Executed DbCommand (1ms) [Parameters=[@__p_0='?' (DbType = Int32)], CommandType='"Text"', CommandTimeout='30']
SELECT n."Id", n."CompanyId", n."CreatedAt", n."CreatedBy", n."Error", n."Payload", n."Recipient", n."RetryCount", n."SentAt", n."Status", n."Subject", n."Type", n."UpdatedAt", n."UpdatedBy"
FROM "NotificationQueues" AS n
WHERE n."Type" = 'WhatsApp' AND n."SentAt" IS NULL AND n."RetryCount" < 3
LIMIT @__p_0
2026-06-03 22:12:39.220 +05:30 [INF] Microsoft.EntityFrameworkCore.Database.Command: Executed DbCommand (2ms) [Parameters=[@__p_0='?' (DbType = Int32)], CommandType='"Text"', CommandTimeout='30']
SELECT n."Id", n."CompanyId", n."CreatedAt", n."CreatedBy", n."Error", n."Payload", n."Recipient", n."RetryCount", n."SentAt", n."Status", n."Subject", n."Type", n."UpdatedAt", n."UpdatedBy"
FROM "NotificationQueues" AS n
WHERE n."Type" = 'Email' AND n."SentAt" IS NULL AND n."RetryCount" < 3
LIMIT @__p_0
2026-06-03 22:12:44.272 +05:30 [DBG] Hangfire.Server.ServerHeartbeatProcess: Server antonyraj:30600:0e85fd10 heartbeat successfully sent
2026-06-03 22:12:46.333 +05:30 [INF] Microsoft.EntityFrameworkCore.Database.Command: Executed DbCommand (1ms) [Parameters=[@__p_0='?' (DbType = Int32)], CommandType='"Text"', CommandTimeout='30']
SELECT n."Id", n."CompanyId", n."CreatedAt", n."CreatedBy", n."Error", n."Payload", n."Recipient", n."RetryCount", n."SentAt", n."Status", n."Subject", n."Type", n."UpdatedAt", n."UpdatedBy"
FROM "NotificationQueues" AS n
WHERE n."Type" = 'Sms' AND n."SentAt" IS NULL AND n."RetryCount" < 3
LIMIT @__p_0
2026-06-03 22:12:47.761 +05:30 [INF] Microsoft.EntityFrameworkCore.Database.Command: Executed DbCommand (1ms) [Parameters=[@__p_0='?' (DbType = Int32)], CommandType='"Text"', CommandTimeout='30']
SELECT n."Id", n."CompanyId", n."CreatedAt", n."CreatedBy", n."Error", n."Payload", n."Recipient", n."RetryCount", n."SentAt", n."Status", n."Subject", n."Type", n."UpdatedAt", n."UpdatedBy"
FROM "NotificationQueues" AS n
WHERE n."Type" = 'WhatsApp' AND n."SentAt" IS NULL AND n."RetryCount" < 3
LIMIT @__p_0
2026-06-03 22:13:09.240 +05:30 [INF] Microsoft.EntityFrameworkCore.Database.Command: Executed DbCommand (1ms) [Parameters=[@__p_0='?' (DbType = Int32)], CommandType='"Text"', CommandTimeout='30']
SELECT n."Id", n."CompanyId", n."CreatedAt", n."CreatedBy", n."Error", n."Payload", n."Recipient", n."RetryCount", n."SentAt", n."Status", n."Subject", n."Type", n."UpdatedAt", n."UpdatedBy"
FROM "NotificationQueues" AS n
WHERE n."Type" = 'Email' AND n."SentAt" IS NULL AND n."RetryCount" < 3
LIMIT @__p_0
2026-06-03 22:13:14.286 +05:30 [DBG] Hangfire.Server.ServerHeartbeatProcess: Server antonyraj:30600:0e85fd10 heartbeat successfully sent
2026-06-03 22:13:16.344 +05:30 [INF] Microsoft.EntityFrameworkCore.Database.Command: Executed DbCommand (1ms) [Parameters=[@__p_0='?' (DbType = Int32)], CommandType='"Text"', CommandTimeout='30']
SELECT n."Id", n."CompanyId", n."CreatedAt", n."CreatedBy", n."Error", n."Payload", n."Recipient", n."RetryCount", n."SentAt", n."Status", n."Subject", n."Type", n."UpdatedAt", n."UpdatedBy"
FROM "NotificationQueues" AS n
WHERE n."Type" = 'Sms' AND n."SentAt" IS NULL AND n."RetryCount" < 3
LIMIT @__p_0
2026-06-03 22:13:17.778 +05:30 [INF] Microsoft.EntityFrameworkCore.Database.Command: Executed DbCommand (2ms) [Parameters=[@__p_0='?' (DbType = Int32)], CommandType='"Text"', CommandTimeout='30']
SELECT n."Id", n."CompanyId", n."CreatedAt", n."CreatedBy", n."Error", n."Payload", n."Recipient", n."RetryCount", n."SentAt", n."Status", n."Subject", n."Type", n."UpdatedAt", n."UpdatedBy"
FROM "NotificationQueues" AS n
WHERE n."Type" = 'WhatsApp' AND n."SentAt" IS NULL AND n."RetryCount" < 3
LIMIT @__p_0
2026-06-03 22:13:39.262 +05:30 [INF] Microsoft.EntityFrameworkCore.Database.Command: Executed DbCommand (6ms) [Parameters=[@__p_0='?' (DbType = Int32)], CommandType='"Text"', CommandTimeout='30']
SELECT n."Id", n."CompanyId", n."CreatedAt", n."CreatedBy", n."Error", n."Payload", n."Recipient", n."RetryCount", n."SentAt", n."Status", n."Subject", n."Type", n."UpdatedAt", n."UpdatedBy"
FROM "NotificationQueues" AS n
WHERE n."Type" = 'Email' AND n."SentAt" IS NULL AND n."RetryCount" < 3
LIMIT @__p_0
2026-06-03 22:13:44.294 +05:30 [DBG] Hangfire.Server.ServerHeartbeatProcess: Server antonyraj:30600:0e85fd10 heartbeat successfully sent
2026-06-03 22:13:46.369 +05:30 [INF] Microsoft.EntityFrameworkCore.Database.Command: Executed DbCommand (2ms) [Parameters=[@__p_0='?' (DbType = Int32)], CommandType='"Text"', CommandTimeout='30']
SELECT n."Id", n."CompanyId", n."CreatedAt", n."CreatedBy", n."Error", n."Payload", n."Recipient", n."RetryCount", n."SentAt", n."Status", n."Subject", n."Type", n."UpdatedAt", n."UpdatedBy"
FROM "NotificationQueues" AS n
WHERE n."Type" = 'Sms' AND n."SentAt" IS NULL AND n."RetryCount" < 3
LIMIT @__p_0
2026-06-03 22:13:47.811 +05:30 [INF] Microsoft.EntityFrameworkCore.Database.Command: Executed DbCommand (1ms) [Parameters=[@__p_0='?' (DbType = Int32)], CommandType='"Text"', CommandTimeout='30']
SELECT n."Id", n."CompanyId", n."CreatedAt", n."CreatedBy", n."Error", n."Payload", n."Recipient", n."RetryCount", n."SentAt", n."Status", n."Subject", n."Type", n."UpdatedAt", n."UpdatedBy"
FROM "NotificationQueues" AS n
WHERE n."Type" = 'WhatsApp' AND n."SentAt" IS NULL AND n."RetryCount" < 3
LIMIT @__p_0
2026-06-03 22:14:09.274 +05:30 [INF] Microsoft.EntityFrameworkCore.Database.Command: Executed DbCommand (1ms) [Parameters=[@__p_0='?' (DbType = Int32)], CommandType='"Text"', CommandTimeout='30']
SELECT n."Id", n."CompanyId", n."CreatedAt", n."CreatedBy", n."Error", n."Payload", n."Recipient", n."RetryCount", n."SentAt", n."Status", n."Subject", n."Type", n."UpdatedAt", n."UpdatedBy"
FROM "NotificationQueues" AS n
WHERE n."Type" = 'Email' AND n."SentAt" IS NULL AND n."RetryCount" < 3
LIMIT @__p_0
2026-06-03 22:14:14.303 +05:30 [DBG] Hangfire.Server.ServerHeartbeatProcess: Server antonyraj:30600:0e85fd10 heartbeat successfully sent
2026-06-03 22:14:16.387 +05:30 [INF] Microsoft.EntityFrameworkCore.Database.Command: Executed DbCommand (2ms) [Parameters=[@__p_0='?' (DbType = Int32)], CommandType='"Text"', CommandTimeout='30']
SELECT n."Id", n."CompanyId", n."CreatedAt", n."CreatedBy", n."Error", n."Payload", n."Recipient", n."RetryCount", n."SentAt", n."Status", n."Subject", n."Type", n."UpdatedAt", n."UpdatedBy"
FROM "NotificationQueues" AS n
WHERE n."Type" = 'Sms' AND n."SentAt" IS NULL AND n."RetryCount" < 3
LIMIT @__p_0
2026-06-03 22:14:17.829 +05:30 [INF] Microsoft.EntityFrameworkCore.Database.Command: Executed DbCommand (2ms) [Parameters=[@__p_0='?' (DbType = Int32)], CommandType='"Text"', CommandTimeout='30']
SELECT n."Id", n."CompanyId", n."CreatedAt", n."CreatedBy", n."Error", n."Payload", n."Recipient", n."RetryCount", n."SentAt", n."Status", n."Subject", n."Type", n."UpdatedAt", n."UpdatedBy"
FROM "NotificationQueues" AS n
WHERE n."Type" = 'WhatsApp' AND n."SentAt" IS NULL AND n."RetryCount" < 3
LIMIT @__p_0
2026-06-03 22:14:39.280 +05:30 [INF] Microsoft.EntityFrameworkCore.Database.Command: Executed DbCommand (2ms) [Parameters=[@__p_0='?' (DbType = Int32)], CommandType='"Text"', CommandTimeout='30']
SELECT n."Id", n."CompanyId", n."CreatedAt", n."CreatedBy", n."Error", n."Payload", n."Recipient", n."RetryCount", n."SentAt", n."Status", n."Subject", n."Type", n."UpdatedAt", n."UpdatedBy"
FROM "NotificationQueues" AS n
WHERE n."Type" = 'Email' AND n."SentAt" IS NULL AND n."RetryCount" < 3
LIMIT @__p_0
2026-06-03 22:14:44.310 +05:30 [DBG] Hangfire.Server.ServerHeartbeatProcess: Server antonyraj:30600:0e85fd10 heartbeat successfully sent
2026-06-03 22:14:46.402 +05:30 [INF] Microsoft.EntityFrameworkCore.Database.Command: Executed DbCommand (2ms) [Parameters=[@__p_0='?' (DbType = Int32)], CommandType='"Text"', CommandTimeout='30']
SELECT n."Id", n."CompanyId", n."CreatedAt", n."CreatedBy", n."Error", n."Payload", n."Recipient", n."RetryCount", n."SentAt", n."Status", n."Subject", n."Type", n."UpdatedAt", n."UpdatedBy"
FROM "NotificationQueues" AS n
WHERE n."Type" = 'Sms' AND n."SentAt" IS NULL AND n."RetryCount" < 3
LIMIT @__p_0
2026-06-03 22:14:47.844 +05:30 [INF] Microsoft.EntityFrameworkCore.Database.Command: Executed DbCommand (1ms) [Parameters=[@__p_0='?' (DbType = Int32)], CommandType='"Text"', CommandTimeout='30']
SELECT n."Id", n."CompanyId", n."CreatedAt", n."CreatedBy", n."Error", n."Payload", n."Recipient", n."RetryCount", n."SentAt", n."Status", n."Subject", n."Type", n."UpdatedAt", n."UpdatedBy"
FROM "NotificationQueues" AS n
WHERE n."Type" = 'WhatsApp' AND n."SentAt" IS NULL AND n."RetryCount" < 3
LIMIT @__p_0
2026-06-03 22:15:09.299 +05:30 [INF] Microsoft.EntityFrameworkCore.Database.Command: Executed DbCommand (1ms) [Parameters=[@__p_0='?' (DbType = Int32)], CommandType='"Text"', CommandTimeout='30']
SELECT n."Id", n."CompanyId", n."CreatedAt", n."CreatedBy", n."Error", n."Payload", n."Recipient", n."RetryCount", n."SentAt", n."Status", n."Subject", n."Type", n."UpdatedAt", n."UpdatedBy"
FROM "NotificationQueues" AS n
WHERE n."Type" = 'Email' AND n."SentAt" IS NULL AND n."RetryCount" < 3
LIMIT @__p_0
2026-06-03 22:15:10.214 +05:30 [DBG] Hangfire.PostgreSql.CountersAggregator: Aggregating records in 'Counter' table...
2026-06-03 22:15:14.320 +05:30 [DBG] Hangfire.Server.ServerHeartbeatProcess: Server antonyraj:30600:0e85fd10 heartbeat successfully sent
2026-06-03 22:15:16.404 +05:30 [INF] Microsoft.EntityFrameworkCore.Database.Command: Executed DbCommand (1ms) [Parameters=[@__p_0='?' (DbType = Int32)], CommandType='"Text"', CommandTimeout='30']
SELECT n."Id", n."CompanyId", n."CreatedAt", n."CreatedBy", n."Error", n."Payload", n."Recipient", n."RetryCount", n."SentAt", n."Status", n."Subject", n."Type", n."UpdatedAt", n."UpdatedBy"
FROM "NotificationQueues" AS n
WHERE n."Type" = 'Sms' AND n."SentAt" IS NULL AND n."RetryCount" < 3
LIMIT @__p_0
2026-06-03 22:15:17.855 +05:30 [INF] Microsoft.EntityFrameworkCore.Database.Command: Executed DbCommand (2ms) [Parameters=[@__p_0='?' (DbType = Int32)], CommandType='"Text"', CommandTimeout='30']
SELECT n."Id", n."CompanyId", n."CreatedAt", n."CreatedBy", n."Error", n."Payload", n."Recipient", n."RetryCount", n."SentAt", n."Status", n."Subject", n."Type", n."UpdatedAt", n."UpdatedBy"
FROM "NotificationQueues" AS n
WHERE n."Type" = 'WhatsApp' AND n."SentAt" IS NULL AND n."RetryCount" < 3
LIMIT @__p_0
2026-06-03 22:15:39.305 +05:30 [INF] Microsoft.EntityFrameworkCore.Database.Command: Executed DbCommand (5ms) [Parameters=[@__p_0='?' (DbType = Int32)], CommandType='"Text"', CommandTimeout='30']
SELECT n."Id", n."CompanyId", n."CreatedAt", n."CreatedBy", n."Error", n."Payload", n."Recipient", n."RetryCount", n."SentAt", n."Status", n."Subject", n."Type", n."UpdatedAt", n."UpdatedBy"
FROM "NotificationQueues" AS n
WHERE n."Type" = 'Email' AND n."SentAt" IS NULL AND n."RetryCount" < 3
LIMIT @__p_0
2026-06-03 22:15:44.323 +05:30 [DBG] Hangfire.Server.ServerHeartbeatProcess: Server antonyraj:30600:0e85fd10 heartbeat successfully sent
2026-06-03 22:15:46.420 +05:30 [INF] Microsoft.EntityFrameworkCore.Database.Command: Executed DbCommand (5ms) [Parameters=[@__p_0='?' (DbType = Int32)], CommandType='"Text"', CommandTimeout='30']
SELECT n."Id", n."CompanyId", n."CreatedAt", n."CreatedBy", n."Error", n."Payload", n."Recipient", n."RetryCount", n."SentAt", n."Status", n."Subject", n."Type", n."UpdatedAt", n."UpdatedBy"
FROM "NotificationQueues" AS n
WHERE n."Type" = 'Sms' AND n."SentAt" IS NULL AND n."RetryCount" < 3
LIMIT @__p_0
2026-06-03 22:15:47.868 +05:30 [INF] Microsoft.EntityFrameworkCore.Database.Command: Executed DbCommand (1ms) [Parameters=[@__p_0='?' (DbType = Int32)], CommandType='"Text"', CommandTimeout='30']
SELECT n."Id", n."CompanyId", n."CreatedAt", n."CreatedBy", n."Error", n."Payload", n."Recipient", n."RetryCount", n."SentAt", n."Status", n."Subject", n."Type", n."UpdatedAt", n."UpdatedBy"
FROM "NotificationQueues" AS n
WHERE n."Type" = 'WhatsApp' AND n."SentAt" IS NULL AND n."RetryCount" < 3
LIMIT @__p_0
2026-06-03 22:16:09.319 +05:30 [INF] Microsoft.EntityFrameworkCore.Database.Command: Executed DbCommand (1ms) [Parameters=[@__p_0='?' (DbType = Int32)], CommandType='"Text"', CommandTimeout='30']
SELECT n."Id", n."CompanyId", n."CreatedAt", n."CreatedBy", n."Error", n."Payload", n."Recipient", n."RetryCount", n."SentAt", n."Status", n."Subject", n."Type", n."UpdatedAt", n."UpdatedBy"
FROM "NotificationQueues" AS n
WHERE n."Type" = 'Email' AND n."SentAt" IS NULL AND n."RetryCount" < 3
LIMIT @__p_0
2026-06-03 22:16:14.339 +05:30 [DBG] Hangfire.Server.ServerHeartbeatProcess: Server antonyraj:30600:0e85fd10 heartbeat successfully sent
2026-06-03 22:16:16.437 +05:30 [INF] Microsoft.EntityFrameworkCore.Database.Command: Executed DbCommand (1ms) [Parameters=[@__p_0='?' (DbType = Int32)], CommandType='"Text"', CommandTimeout='30']
SELECT n."Id", n."CompanyId", n."CreatedAt", n."CreatedBy", n."Error", n."Payload", n."Recipient", n."RetryCount", n."SentAt", n."Status", n."Subject", n."Type", n."UpdatedAt", n."UpdatedBy"
FROM "NotificationQueues" AS n
WHERE n."Type" = 'Sms' AND n."SentAt" IS NULL AND n."RetryCount" < 3
LIMIT @__p_0
2026-06-03 22:16:17.880 +05:30 [INF] Microsoft.EntityFrameworkCore.Database.Command: Executed DbCommand (1ms) [Parameters=[@__p_0='?' (DbType = Int32)], CommandType='"Text"', CommandTimeout='30']
SELECT n."Id", n."CompanyId", n."CreatedAt", n."CreatedBy", n."Error", n."Payload", n."Recipient", n."RetryCount", n."SentAt", n."Status", n."Subject", n."Type", n."UpdatedAt", n."UpdatedBy"
FROM "NotificationQueues" AS n
WHERE n."Type" = 'WhatsApp' AND n."SentAt" IS NULL AND n."RetryCount" < 3
LIMIT @__p_0
2026-06-03 22:16:39.341 +05:30 [INF] Microsoft.EntityFrameworkCore.Database.Command: Executed DbCommand (2ms) [Parameters=[@__p_0='?' (DbType = Int32)], CommandType='"Text"', CommandTimeout='30']
SELECT n."Id", n."CompanyId", n."CreatedAt", n."CreatedBy", n."Error", n."Payload", n."Recipient", n."RetryCount", n."SentAt", n."Status", n."Subject", n."Type", n."UpdatedAt", n."UpdatedBy"
FROM "NotificationQueues" AS n
WHERE n."Type" = 'Email' AND n."SentAt" IS NULL AND n."RetryCount" < 3
LIMIT @__p_0
2026-06-03 22:16:44.351 +05:30 [DBG] Hangfire.Server.ServerHeartbeatProcess: Server antonyraj:30600:0e85fd10 heartbeat successfully sent
2026-06-03 22:16:46.450 +05:30 [INF] Microsoft.EntityFrameworkCore.Database.Command: Executed DbCommand (2ms) [Parameters=[@__p_0='?' (DbType = Int32)], CommandType='"Text"', CommandTimeout='30']
SELECT n."Id", n."CompanyId", n."CreatedAt", n."CreatedBy", n."Error", n."Payload", n."Recipient", n."RetryCount", n."SentAt", n."Status", n."Subject", n."Type", n."UpdatedAt", n."UpdatedBy"
FROM "NotificationQueues" AS n
WHERE n."Type" = 'Sms' AND n."SentAt" IS NULL AND n."RetryCount" < 3
LIMIT @__p_0
2026-06-03 22:16:47.901 +05:30 [INF] Microsoft.EntityFrameworkCore.Database.Command: Executed DbCommand (2ms) [Parameters=[@__p_0='?' (DbType = Int32)], CommandType='"Text"', CommandTimeout='30']
SELECT n."Id", n."CompanyId", n."CreatedAt", n."CreatedBy", n."Error", n."Payload", n."Recipient", n."RetryCount", n."SentAt", n."Status", n."Subject", n."Type", n."UpdatedAt", n."UpdatedBy"
FROM "NotificationQueues" AS n
WHERE n."Type" = 'WhatsApp' AND n."SentAt" IS NULL AND n."RetryCount" < 3
LIMIT @__p_0
2026-06-03 22:17:09.358 +05:30 [INF] Microsoft.EntityFrameworkCore.Database.Command: Executed DbCommand (2ms) [Parameters=[@__p_0='?' (DbType = Int32)], CommandType='"Text"', CommandTimeout='30']
SELECT n."Id", n."CompanyId", n."CreatedAt", n."CreatedBy", n."Error", n."Payload", n."Recipient", n."RetryCount", n."SentAt", n."Status", n."Subject", n."Type", n."UpdatedAt", n."UpdatedBy"
FROM "NotificationQueues" AS n
WHERE n."Type" = 'Email' AND n."SentAt" IS NULL AND n."RetryCount" < 3
LIMIT @__p_0
2026-06-03 22:17:14.352 +05:30 [DBG] Hangfire.Server.ServerHeartbeatProcess: Server antonyraj:30600:0e85fd10 heartbeat successfully sent
2026-06-03 22:17:16.451 +05:30 [INF] Microsoft.EntityFrameworkCore.Database.Command: Executed DbCommand (1ms) [Parameters=[@__p_0='?' (DbType = Int32)], CommandType='"Text"', CommandTimeout='30']
SELECT n."Id", n."CompanyId", n."CreatedAt", n."CreatedBy", n."Error", n."Payload", n."Recipient", n."RetryCount", n."SentAt", n."Status", n."Subject", n."Type", n."UpdatedAt", n."UpdatedBy"
FROM "NotificationQueues" AS n
WHERE n."Type" = 'Sms' AND n."SentAt" IS NULL AND n."RetryCount" < 3
LIMIT @__p_0
2026-06-03 22:17:17.912 +05:30 [INF] Microsoft.EntityFrameworkCore.Database.Command: Executed DbCommand (2ms) [Parameters=[@__p_0='?' (DbType = Int32)], CommandType='"Text"', CommandTimeout='30']
SELECT n."Id", n."CompanyId", n."CreatedAt", n."CreatedBy", n."Error", n."Payload", n."Recipient", n."RetryCount", n."SentAt", n."Status", n."Subject", n."Type", n."UpdatedAt", n."UpdatedBy"
FROM "NotificationQueues" AS n
WHERE n."Type" = 'WhatsApp' AND n."SentAt" IS NULL AND n."RetryCount" < 3
LIMIT @__p_0
2026-06-03 22:26:38.927 +05:30 [INF] Microsoft.EntityFrameworkCore.Database.Command: Executed DbCommand (3ms) [Parameters=[@__p_0='?' (DbType = Int32)], CommandType='"Text"', CommandTimeout='30']
SELECT n."Id", n."CompanyId", n."CreatedAt", n."CreatedBy", n."Error", n."Payload", n."Recipient", n."RetryCount", n."SentAt", n."Status", n."Subject", n."Type", n."UpdatedAt", n."UpdatedBy"
FROM "NotificationQueues" AS n
WHERE n."Type" = 'Email' AND n."SentAt" IS NULL AND n."RetryCount" < 3
LIMIT @__p_0
2026-06-03 22:26:43.911 +05:30 [DBG] Hangfire.Server.ServerHeartbeatProcess: Server antonyraj:30600:0e85fd10 heartbeat successfully sent
2026-06-03 22:26:46.008 +05:30 [INF] Microsoft.EntityFrameworkCore.Database.Command: Executed DbCommand (1ms) [Parameters=[@__p_0='?' (DbType = Int32)], CommandType='"Text"', CommandTimeout='30']
SELECT n."Id", n."CompanyId", n."CreatedAt", n."CreatedBy", n."Error", n."Payload", n."Recipient", n."RetryCount", n."SentAt", n."Status", n."Subject", n."Type", n."UpdatedAt", n."UpdatedBy"
FROM "NotificationQueues" AS n
WHERE n."Type" = 'Sms' AND n."SentAt" IS NULL AND n."RetryCount" < 3
LIMIT @__p_0
2026-06-03 22:26:47.477 +05:30 [INF] Microsoft.EntityFrameworkCore.Database.Command: Executed DbCommand (1ms) [Parameters=[@__p_0='?' (DbType = Int32)], CommandType='"Text"', CommandTimeout='30']
SELECT n."Id", n."CompanyId", n."CreatedAt", n."CreatedBy", n."Error", n."Payload", n."Recipient", n."RetryCount", n."SentAt", n."Status", n."Subject", n."Type", n."UpdatedAt", n."UpdatedBy"
FROM "NotificationQueues" AS n
WHERE n."Type" = 'WhatsApp' AND n."SentAt" IS NULL AND n."RetryCount" < 3
LIMIT @__p_0
2026-06-03 22:26:53.193 +05:30 [DBG] Hangfire.BackgroundJobServer: Hangfire Server is stopping...
2026-06-03 22:26:53.234 +05:30 [INF] Hangfire.Server.BackgroundServerProcess: Server antonyraj:30600:0e85fd10 caught stopping signal...
2026-06-03 22:26:53.307 +05:30 [DBG] Hangfire.Processing.BackgroundExecution: Execution loop CountersAggregator:f2e6b0d7 stopped in 0 ms
2026-06-03 22:26:53.308 +05:30 [DBG] Hangfire.Processing.BackgroundExecution: Execution loop ExpirationManager:f55e3693 stopped in 0 ms
2026-06-03 22:26:53.324 +05:30 [DBG] Hangfire.Processing.BackgroundExecution: Execution loop Worker:bb387e27 stopped in 15.6972 ms
2026-06-03 22:26:53.325 +05:30 [DBG] Hangfire.Processing.BackgroundExecution: Execution loop Worker:2b3bdfca stopped in 15.8531 ms
2026-06-03 22:26:53.325 +05:30 [DBG] Hangfire.Processing.BackgroundExecution: Execution loop Worker:89cf0eb7 stopped in 15.8167 ms
2026-06-03 22:26:53.325 +05:30 [DBG] Hangfire.Processing.BackgroundExecution: Execution loop Worker:c204f6c6 stopped in 15.8071 ms
2026-06-03 22:26:53.325 +05:30 [DBG] Hangfire.Processing.BackgroundExecution: Execution loop ServerJobCancellationWatcher:57a1da0c stopped in 15.7773 ms
2026-06-03 22:26:53.325 +05:30 [DBG] Hangfire.Processing.BackgroundExecution: Execution loop Worker:2d276e4d stopped in 17.3973 ms
2026-06-03 22:26:53.325 +05:30 [DBG] Hangfire.Processing.BackgroundExecution: Execution loop RecurringJobScheduler:b734b773 stopped in 16.0349 ms
2026-06-03 22:26:53.325 +05:30 [DBG] Hangfire.Processing.BackgroundExecution: Execution loop Worker:0cb804b4 stopped in 15.7986 ms
2026-06-03 22:26:53.325 +05:30 [DBG] Hangfire.Processing.BackgroundExecution: Execution loop Worker:3b1d4374 stopped in 15.7864 ms
2026-06-03 22:26:53.325 +05:30 [DBG] Hangfire.Processing.BackgroundExecution: Execution loop Worker:6c8d1623 stopped in 15.7647 ms
2026-06-03 22:26:53.325 +05:30 [DBG] Hangfire.Processing.BackgroundExecution: Execution loop ServerWatchdog:fc00aa94 stopped in 15.7685 ms
2026-06-03 22:26:53.325 +05:30 [DBG] Hangfire.Processing.BackgroundExecution: Execution loop DelayedJobScheduler:9ee6a781 stopped in 15.7539 ms
2026-06-03 22:26:53.325 +05:30 [DBG] Hangfire.Processing.BackgroundExecution: Execution loop Worker:9008bd6d stopped in 16.8059 ms
2026-06-03 22:26:53.325 +05:30 [DBG] Hangfire.Processing.BackgroundExecution: Execution loop Worker:7d177956 stopped in 16.5822 ms
2026-06-03 22:26:53.325 +05:30 [DBG] Hangfire.Processing.BackgroundExecution: Execution loop Worker:be8402c8 stopped in 16.3558 ms
2026-06-03 22:26:53.325 +05:30 [DBG] Hangfire.Processing.BackgroundExecution: Execution loop Worker:a9c51297 stopped in 15.8597 ms
2026-06-03 22:26:53.325 +05:30 [DBG] Hangfire.Processing.BackgroundExecution: Execution loop Worker:bf55c63f stopped in 15.7926 ms
2026-06-03 22:26:53.327 +05:30 [DBG] Hangfire.Processing.BackgroundExecution: Execution loop Worker:741c68af stopped in 20.6506 ms
2026-06-03 22:26:53.327 +05:30 [DBG] Hangfire.Processing.BackgroundExecution: Execution loop Worker:00f18bf4 stopped in 20.8521 ms
2026-06-03 22:26:53.328 +05:30 [DBG] Hangfire.Processing.BackgroundExecution: Execution loop Worker:25eabec5 stopped in 20.2787 ms
2026-06-03 22:26:53.328 +05:30 [DBG] Hangfire.Processing.BackgroundExecution: Execution loop Worker:57f2e284 stopped in 21.2601 ms
2026-06-03 22:26:53.328 +05:30 [DBG] Hangfire.Processing.BackgroundExecution: Execution loop Worker:18d3fe85 stopped in 21.3935 ms
2026-06-03 22:26:53.328 +05:30 [DBG] Hangfire.Processing.BackgroundExecution: Execution loop Worker:9cdddc13 stopped in 21.446 ms
2026-06-03 22:26:53.328 +05:30 [DBG] Hangfire.Processing.BackgroundExecution: Execution loop Worker:46a927aa stopped in 21.4509 ms
2026-06-03 22:26:53.777 +05:30 [INF] Hangfire.Server.BackgroundServerProcess: Server antonyraj:30600:0e85fd10 All dispatchers stopped
2026-06-03 22:26:53.795 +05:30 [DBG] Hangfire.Processing.BackgroundExecution: Execution loop ServerHeartbeatProcess:762a909c stopped in 0.9322 ms
2026-06-03 22:26:53.836 +05:30 [INF] Hangfire.Server.BackgroundServerProcess: Server antonyraj:30600:0e85fd10 caught stopped signal...
2026-06-03 22:26:53.884 +05:30 [INF] Hangfire.Server.BackgroundServerProcess: Server antonyraj:30600:0e85fd10 successfully reported itself as stopped in 16.0057 ms
2026-06-03 22:26:53.886 +05:30 [INF] Hangfire.Server.BackgroundServerProcess: Server antonyraj:30600:0e85fd10 has been stopped in total 579.611 ms
2026-06-03 22:26:53.894 +05:30 [DBG] Hangfire.Processing.BackgroundExecution: Execution loop BackgroundServerProcess:b6f6e238 stopped in 587.1484 ms
2026-06-03 22:26:53.986 +05:30 [DBG] Hangfire.BackgroundJobServer: Hangfire Server is stopping...
