2026-05-31 22:17:07.197 +05:30 [INF] Program: Applying Repair migrations (core + module tables)...
2026-05-31 22:17:08.812 +05:30 [WRN] Microsoft.EntityFrameworkCore.Model.Validation: Entity 'InventoryWriteOff' has a global query filter defined and is the required end of a relationship with the entity 'InventoryWriteOffAttachment'. This may lead to unexpected results when the required entity is filtered out. Either configure the navigation as optional, or define matching query filters for both entities in the navigation. See https://go.microsoft.com/fwlink/?linkid=2131316 for more information.
2026-05-31 22:17:08.814 +05:30 [WRN] Microsoft.EntityFrameworkCore.Model.Validation: Entity 'Product' has a global query filter defined and is the required end of a relationship with the entity 'ProductMedia'. This may lead to unexpected results when the required entity is filtered out. Either configure the navigation as optional, or define matching query filters for both entities in the navigation. See https://go.microsoft.com/fwlink/?linkid=2131316 for more information.
2026-05-31 22:17:08.816 +05:30 [WRN] Microsoft.EntityFrameworkCore.Model.Validation: Entity 'Product' has a global query filter defined and is the required end of a relationship with the entity 'ProductVariant'. This may lead to unexpected results when the required entity is filtered out. Either configure the navigation as optional, or define matching query filters for both entities in the navigation. See https://go.microsoft.com/fwlink/?linkid=2131316 for more information.
2026-05-31 22:17:08.817 +05:30 [WRN] Microsoft.EntityFrameworkCore.Model.Validation: Entity 'PurchaseOrder' has a global query filter defined and is the required end of a relationship with the entity 'PurchaseOrderItem'. This may lead to unexpected results when the required entity is filtered out. Either configure the navigation as optional, or define matching query filters for both entities in the navigation. See https://go.microsoft.com/fwlink/?linkid=2131316 for more information.
2026-05-31 22:17:08.818 +05:30 [WRN] Microsoft.EntityFrameworkCore.Model.Validation: Entity 'PurchaseReturn' has a global query filter defined and is the required end of a relationship with the entity 'PurchaseReturnItem'. This may lead to unexpected results when the required entity is filtered out. Either configure the navigation as optional, or define matching query filters for both entities in the navigation. See https://go.microsoft.com/fwlink/?linkid=2131316 for more information.
2026-05-31 22:17:08.821 +05:30 [WRN] Microsoft.EntityFrameworkCore.Model.Validation: Entity 'Campaign' has a global query filter defined and is the required end of a relationship with the entity 'CampaignProductRule'. This may lead to unexpected results when the required entity is filtered out. Either configure the navigation as optional, or define matching query filters for both entities in the navigation. See https://go.microsoft.com/fwlink/?linkid=2131316 for more information.
2026-05-31 22:17:08.823 +05:30 [WRN] Microsoft.EntityFrameworkCore.Model.Validation: Entity 'MarketingCampaign' has a global query filter defined and is the required end of a relationship with the entity 'CampaignTargetLocation'. This may lead to unexpected results when the required entity is filtered out. Either configure the navigation as optional, or define matching query filters for both entities in the navigation. See https://go.microsoft.com/fwlink/?linkid=2131316 for more information.
2026-05-31 22:17:08.824 +05:30 [WRN] Microsoft.EntityFrameworkCore.Model.Validation: Entity 'Sale' has a global query filter defined and is the required end of a relationship with the entity 'SaleHistory'. This may lead to unexpected results when the required entity is filtered out. Either configure the navigation as optional, or define matching query filters for both entities in the navigation. See https://go.microsoft.com/fwlink/?linkid=2131316 for more information.
2026-05-31 22:17:08.827 +05:30 [WRN] Microsoft.EntityFrameworkCore.Model.Validation: Entity 'Sale' has a global query filter defined and is the required end of a relationship with the entity 'SaleItem'. This may lead to unexpected results when the required entity is filtered out. Either configure the navigation as optional, or define matching query filters for both entities in the navigation. See https://go.microsoft.com/fwlink/?linkid=2131316 for more information.
2026-05-31 22:17:08.829 +05:30 [WRN] Microsoft.EntityFrameworkCore.Model.Validation: Entity 'CompanySubscription' has a global query filter defined and is the required end of a relationship with the entity 'BillingInvoice'. This may lead to unexpected results when the required entity is filtered out. Either configure the navigation as optional, or define matching query filters for both entities in the navigation. See https://go.microsoft.com/fwlink/?linkid=2131316 for more information.
2026-05-31 22:17:08.831 +05:30 [WRN] Microsoft.EntityFrameworkCore.Model.Validation: Entity 'CompanySubscription' has a global query filter defined and is the required end of a relationship with the entity 'SubscriptionChangeLog'. This may lead to unexpected results when the required entity is filtered out. Either configure the navigation as optional, or define matching query filters for both entities in the navigation. See https://go.microsoft.com/fwlink/?linkid=2131316 for more information.
2026-05-31 22:17:08.833 +05:30 [WRN] Microsoft.EntityFrameworkCore.Model.Validation: Entity 'CompanySubscription' has a global query filter defined and is the required end of a relationship with the entity 'SubscriptionLocation'. This may lead to unexpected results when the required entity is filtered out. Either configure the navigation as optional, or define matching query filters for both entities in the navigation. See https://go.microsoft.com/fwlink/?linkid=2131316 for more information.
2026-05-31 22:17:08.836 +05:30 [WRN] Microsoft.EntityFrameworkCore.Model.Validation: Entity 'Product' has a global query filter defined and is the required end of a relationship with the entity 'ProductDeviceModelMapping'. This may lead to unexpected results when the required entity is filtered out. Either configure the navigation as optional, or define matching query filters for both entities in the navigation. See https://go.microsoft.com/fwlink/?linkid=2131316 for more information.
2026-05-31 22:17:08.839 +05:30 [WRN] Microsoft.EntityFrameworkCore.Model.Validation: Entity 'Service' has a global query filter defined and is the required end of a relationship with the entity 'ServiceDeviceModelMapping'. This may lead to unexpected results when the required entity is filtered out. Either configure the navigation as optional, or define matching query filters for both entities in the navigation. See https://go.microsoft.com/fwlink/?linkid=2131316 for more information.
2026-05-31 22:17:08.842 +05:30 [WRN] Microsoft.EntityFrameworkCore.Model.Validation: Entity 'Service' has a global query filter defined and is the required end of a relationship with the entity 'ServicePartRequirement'. This may lead to unexpected results when the required entity is filtered out. Either configure the navigation as optional, or define matching query filters for both entities in the navigation. See https://go.microsoft.com/fwlink/?linkid=2131316 for more information.
2026-05-31 22:17:08.845 +05:30 [WRN] Microsoft.EntityFrameworkCore.Model.Validation: Entity 'ServiceTicket' has a global query filter defined and is the required end of a relationship with the entity 'ServiceTicketItem'. This may lead to unexpected results when the required entity is filtered out. Either configure the navigation as optional, or define matching query filters for both entities in the navigation. See https://go.microsoft.com/fwlink/?linkid=2131316 for more information.
2026-05-31 22:17:08.848 +05:30 [WRN] Microsoft.EntityFrameworkCore.Model.Validation: Entity 'WorkTask' has a global query filter defined and is the required end of a relationship with the entity 'TaskTimeLog'. This may lead to unexpected results when the required entity is filtered out. Either configure the navigation as optional, or define matching query filters for both entities in the navigation. See https://go.microsoft.com/fwlink/?linkid=2131316 for more information.
2026-05-31 22:17:08.852 +05:30 [WRN] Microsoft.EntityFrameworkCore.Model.Validation: Entity 'ServiceTicket' has a global query filter defined and is the required end of a relationship with the entity 'TicketTimeLog'. This may lead to unexpected results when the required entity is filtered out. Either configure the navigation as optional, or define matching query filters for both entities in the navigation. See https://go.microsoft.com/fwlink/?linkid=2131316 for more information.
2026-05-31 22:17:08.854 +05:30 [WRN] Microsoft.EntityFrameworkCore.Model.Validation: Entity 'WorkTask' has a global query filter defined and is the required end of a relationship with the entity 'WorkTaskTag'. This may lead to unexpected results when the required entity is filtered out. Either configure the navigation as optional, or define matching query filters for both entities in the navigation. See https://go.microsoft.com/fwlink/?linkid=2131316 for more information.
2026-05-31 22:17:09.011 +05:30 [WRN] Microsoft.EntityFrameworkCore.Model.Validation: The entity type 'DeviceDetails' is an optional dependent using table sharing without any required non shared property that could be used to identify whether the entity exists. If all nullable properties contain a null value in database then an object instance won't be created in the query. Add a required property to create instances with null values for other properties or mark the incoming navigation as required to always create an instance.
2026-05-31 22:17:09.833 +05:30 [ERR] Program: Error applying Repair migrations.
Npgsql.PostgresException (0x80004005): 28P01: password authentication failed for user "postgres"
   at Npgsql.Internal.NpgsqlConnector.ReadMessageLong(Boolean async, DataRowLoadingMode dataRowLoadingMode, Boolean readingNotifications, Boolean isReadingPrependedMessage)
   at System.Runtime.CompilerServices.PoolingAsyncValueTaskMethodBuilder`1.StateMachineBox`1.System.Threading.Tasks.Sources.IValueTaskSource<TResult>.GetResult(Int16 token)
   at Npgsql.Internal.NpgsqlConnector.AuthenticateSASL(List`1 mechanisms, String username, Boolean async, CancellationToken cancellationToken)
   at Npgsql.Internal.NpgsqlConnector.Authenticate(String username, NpgsqlTimeout timeout, Boolean async, CancellationToken cancellationToken)
   at Npgsql.Internal.NpgsqlConnector.<Open>g__OpenCore|213_1(NpgsqlConnector conn, SslMode sslMode, NpgsqlTimeout timeout, Boolean async, CancellationToken cancellationToken, Boolean isFirstAttempt)
   at Npgsql.Internal.NpgsqlConnector.Open(NpgsqlTimeout timeout, Boolean async, CancellationToken cancellationToken)
   at Npgsql.UnpooledDataSource.Get(NpgsqlConnection conn, NpgsqlTimeout timeout, Boolean async, CancellationToken cancellationToken)
   at Npgsql.NpgsqlConnection.<Open>g__OpenAsync|42_0(Boolean async, CancellationToken cancellationToken)
   at Microsoft.EntityFrameworkCore.Storage.RelationalConnection.OpenInternalAsync(Boolean errorsExpected, CancellationToken cancellationToken)
   at Microsoft.EntityFrameworkCore.Storage.RelationalConnection.OpenInternalAsync(Boolean errorsExpected, CancellationToken cancellationToken)
   at Microsoft.EntityFrameworkCore.Storage.RelationalConnection.OpenAsync(CancellationToken cancellationToken, Boolean errorsExpected)
   at Npgsql.EntityFrameworkCore.PostgreSQL.Storage.Internal.NpgsqlDatabaseCreator.Exists(Boolean async, CancellationToken cancellationToken)
   at Npgsql.EntityFrameworkCore.PostgreSQL.Storage.Internal.NpgsqlDatabaseCreator.Exists(Boolean async, CancellationToken cancellationToken)
   at Microsoft.EntityFrameworkCore.Migrations.HistoryRepository.ExistsAsync(CancellationToken cancellationToken)
   at Microsoft.EntityFrameworkCore.Migrations.HistoryRepository.GetAppliedMigrationsAsync(CancellationToken cancellationToken)
   at Npgsql.EntityFrameworkCore.PostgreSQL.Migrations.Internal.NpgsqlMigrator.MigrateAsync(String targetMigration, CancellationToken cancellationToken)
   at Flowtap_Infrastructure.Persistence.DatabaseSeeder.SeedAsync(IServiceProvider services, ILogger logger) in D:\Git\Flowtap_MultiSaas_Backend_modern\SharedCore\Flowtap_Infrastructure\Persistence\DatabaseSeeder.cs:line 64
  Exception data:
    Severity: FATAL
    SqlState: 28P01
    MessageText: password authentication failed for user "postgres"
    File: auth.c
    Line: 320
    Routine: auth_failed
2026-05-31 22:17:09.947 +05:30 [ERR] Program: An error occurred during database migration/seeding.
Npgsql.PostgresException (0x80004005): 28P01: password authentication failed for user "postgres"
   at Npgsql.Internal.NpgsqlConnector.ReadMessageLong(Boolean async, DataRowLoadingMode dataRowLoadingMode, Boolean readingNotifications, Boolean isReadingPrependedMessage)
   at System.Runtime.CompilerServices.PoolingAsyncValueTaskMethodBuilder`1.StateMachineBox`1.System.Threading.Tasks.Sources.IValueTaskSource<TResult>.GetResult(Int16 token)
   at Npgsql.Internal.NpgsqlConnector.AuthenticateSASL(List`1 mechanisms, String username, Boolean async, CancellationToken cancellationToken)
   at Npgsql.Internal.NpgsqlConnector.Authenticate(String username, NpgsqlTimeout timeout, Boolean async, CancellationToken cancellationToken)
   at Npgsql.Internal.NpgsqlConnector.<Open>g__OpenCore|213_1(NpgsqlConnector conn, SslMode sslMode, NpgsqlTimeout timeout, Boolean async, CancellationToken cancellationToken, Boolean isFirstAttempt)
   at Npgsql.Internal.NpgsqlConnector.Open(NpgsqlTimeout timeout, Boolean async, CancellationToken cancellationToken)
   at Npgsql.UnpooledDataSource.Get(NpgsqlConnection conn, NpgsqlTimeout timeout, Boolean async, CancellationToken cancellationToken)
   at Npgsql.NpgsqlConnection.<Open>g__OpenAsync|42_0(Boolean async, CancellationToken cancellationToken)
   at Microsoft.EntityFrameworkCore.Storage.RelationalConnection.OpenInternalAsync(Boolean errorsExpected, CancellationToken cancellationToken)
   at Microsoft.EntityFrameworkCore.Storage.RelationalConnection.OpenInternalAsync(Boolean errorsExpected, CancellationToken cancellationToken)
   at Microsoft.EntityFrameworkCore.Storage.RelationalConnection.OpenAsync(CancellationToken cancellationToken, Boolean errorsExpected)
   at Npgsql.EntityFrameworkCore.PostgreSQL.Storage.Internal.NpgsqlDatabaseCreator.Exists(Boolean async, CancellationToken cancellationToken)
   at Npgsql.EntityFrameworkCore.PostgreSQL.Storage.Internal.NpgsqlDatabaseCreator.Exists(Boolean async, CancellationToken cancellationToken)
   at Microsoft.EntityFrameworkCore.Migrations.HistoryRepository.ExistsAsync(CancellationToken cancellationToken)
   at Microsoft.EntityFrameworkCore.Migrations.HistoryRepository.GetAppliedMigrationsAsync(CancellationToken cancellationToken)
   at Npgsql.EntityFrameworkCore.PostgreSQL.Migrations.Internal.NpgsqlMigrator.MigrateAsync(String targetMigration, CancellationToken cancellationToken)
   at Flowtap_Infrastructure.Persistence.DatabaseSeeder.SeedAsync(IServiceProvider services, ILogger logger) in D:\Git\Flowtap_MultiSaas_Backend_modern\SharedCore\Flowtap_Infrastructure\Persistence\DatabaseSeeder.cs:line 64
   at Flowtap_Infrastructure.Persistence.DatabaseSeeder.SeedAsync(IServiceProvider services, ILogger logger) in D:\Git\Flowtap_MultiSaas_Backend_modern\SharedCore\Flowtap_Infrastructure\Persistence\DatabaseSeeder.cs:line 78
   at Program.<Main>$(String[] args) in D:\Git\Flowtap_MultiSaas_Backend_modern\APIEndpoints\Flowtap_Repair_API\Program.cs:line 30
  Exception data:
    Severity: FATAL
    SqlState: 28P01
    MessageText: password authentication failed for user "postgres"
    File: auth.c
    Line: 320
    Routine: auth_failed
2026-05-31 22:17:11.349 +05:30 [INF] Hangfire.PostgreSql.PostgreSqlStorage: Start installing Hangfire SQL objects...
2026-05-31 22:17:11.458 +05:30 [INF] Hangfire.PostgreSql.PostgreSqlStorage: Hangfire SQL objects installed.
2026-05-31 22:17:11.907 +05:30 [INF] : Starting Flowtap Repair API
2026-05-31 22:17:12.434 +05:30 [WRN] Microsoft.EntityFrameworkCore.Model.Validation: Entity 'InventoryWriteOff' has a global query filter defined and is the required end of a relationship with the entity 'InventoryWriteOffAttachment'. This may lead to unexpected results when the required entity is filtered out. Either configure the navigation as optional, or define matching query filters for both entities in the navigation. See https://go.microsoft.com/fwlink/?linkid=2131316 for more information.
2026-05-31 22:17:12.436 +05:30 [WRN] Microsoft.EntityFrameworkCore.Model.Validation: Entity 'Product' has a global query filter defined and is the required end of a relationship with the entity 'ProductMedia'. This may lead to unexpected results when the required entity is filtered out. Either configure the navigation as optional, or define matching query filters for both entities in the navigation. See https://go.microsoft.com/fwlink/?linkid=2131316 for more information.
2026-05-31 22:17:12.437 +05:30 [WRN] Microsoft.EntityFrameworkCore.Model.Validation: Entity 'Product' has a global query filter defined and is the required end of a relationship with the entity 'ProductVariant'. This may lead to unexpected results when the required entity is filtered out. Either configure the navigation as optional, or define matching query filters for both entities in the navigation. See https://go.microsoft.com/fwlink/?linkid=2131316 for more information.
2026-05-31 22:17:12.438 +05:30 [WRN] Microsoft.EntityFrameworkCore.Model.Validation: Entity 'PurchaseOrder' has a global query filter defined and is the required end of a relationship with the entity 'PurchaseOrderItem'. This may lead to unexpected results when the required entity is filtered out. Either configure the navigation as optional, or define matching query filters for both entities in the navigation. See https://go.microsoft.com/fwlink/?linkid=2131316 for more information.
2026-05-31 22:17:12.438 +05:30 [WRN] Microsoft.EntityFrameworkCore.Model.Validation: Entity 'PurchaseReturn' has a global query filter defined and is the required end of a relationship with the entity 'PurchaseReturnItem'. This may lead to unexpected results when the required entity is filtered out. Either configure the navigation as optional, or define matching query filters for both entities in the navigation. See https://go.microsoft.com/fwlink/?linkid=2131316 for more information.
2026-05-31 22:17:12.439 +05:30 [WRN] Microsoft.EntityFrameworkCore.Model.Validation: Entity 'Campaign' has a global query filter defined and is the required end of a relationship with the entity 'CampaignProductRule'. This may lead to unexpected results when the required entity is filtered out. Either configure the navigation as optional, or define matching query filters for both entities in the navigation. See https://go.microsoft.com/fwlink/?linkid=2131316 for more information.
2026-05-31 22:17:12.440 +05:30 [WRN] Microsoft.EntityFrameworkCore.Model.Validation: Entity 'MarketingCampaign' has a global query filter defined and is the required end of a relationship with the entity 'CampaignTargetLocation'. This may lead to unexpected results when the required entity is filtered out. Either configure the navigation as optional, or define matching query filters for both entities in the navigation. See https://go.microsoft.com/fwlink/?linkid=2131316 for more information.
2026-05-31 22:17:12.446 +05:30 [WRN] Microsoft.EntityFrameworkCore.Model.Validation: Entity 'Sale' has a global query filter defined and is the required end of a relationship with the entity 'SaleHistory'. This may lead to unexpected results when the required entity is filtered out. Either configure the navigation as optional, or define matching query filters for both entities in the navigation. See https://go.microsoft.com/fwlink/?linkid=2131316 for more information.
2026-05-31 22:17:12.450 +05:30 [WRN] Microsoft.EntityFrameworkCore.Model.Validation: Entity 'Sale' has a global query filter defined and is the required end of a relationship with the entity 'SaleItem'. This may lead to unexpected results when the required entity is filtered out. Either configure the navigation as optional, or define matching query filters for both entities in the navigation. See https://go.microsoft.com/fwlink/?linkid=2131316 for more information.
2026-05-31 22:17:12.451 +05:30 [WRN] Microsoft.EntityFrameworkCore.Model.Validation: Entity 'CompanySubscription' has a global query filter defined and is the required end of a relationship with the entity 'BillingInvoice'. This may lead to unexpected results when the required entity is filtered out. Either configure the navigation as optional, or define matching query filters for both entities in the navigation. See https://go.microsoft.com/fwlink/?linkid=2131316 for more information.
2026-05-31 22:17:12.452 +05:30 [WRN] Microsoft.EntityFrameworkCore.Model.Validation: Entity 'CompanySubscription' has a global query filter defined and is the required end of a relationship with the entity 'SubscriptionChangeLog'. This may lead to unexpected results when the required entity is filtered out. Either configure the navigation as optional, or define matching query filters for both entities in the navigation. See https://go.microsoft.com/fwlink/?linkid=2131316 for more information.
2026-05-31 22:17:12.454 +05:30 [WRN] Microsoft.EntityFrameworkCore.Model.Validation: Entity 'CompanySubscription' has a global query filter defined and is the required end of a relationship with the entity 'SubscriptionLocation'. This may lead to unexpected results when the required entity is filtered out. Either configure the navigation as optional, or define matching query filters for both entities in the navigation. See https://go.microsoft.com/fwlink/?linkid=2131316 for more information.
2026-05-31 22:17:12.633 +05:30 [WRN] Microsoft.EntityFrameworkCore.Query: The query uses a row limiting operator ('Skip'/'Take') without an 'OrderBy' operator. This may lead to unpredictable results. If the 'Distinct' operator is used after 'OrderBy', then make sure to use the 'OrderBy' operator after 'Distinct' as the ordering would otherwise get erased.
2026-05-31 22:17:12.744 +05:30 [ERR] Microsoft.EntityFrameworkCore.Database.Command: Failed executing DbCommand (36ms) [Parameters=[@__p_0='?' (DbType = Int32)], CommandType='"Text"', CommandTimeout='30']
SELECT n."Id", n."CompanyId", n."CreatedAt", n."CreatedBy", n."Error", n."Payload", n."Recipient", n."RetryCount", n."SentAt", n."Status", n."Subject", n."Type", n."UpdatedAt", n."UpdatedBy"
FROM "NotificationQueues" AS n
WHERE n."Type" = 'Email' AND n."SentAt" IS NULL AND n."RetryCount" < 3
LIMIT @__p_0
2026-05-31 22:17:12.753 +05:30 [WRN] Microsoft.EntityFrameworkCore.Query: The query uses a row limiting operator ('Skip'/'Take') without an 'OrderBy' operator. This may lead to unpredictable results. If the 'Distinct' operator is used after 'OrderBy', then make sure to use the 'OrderBy' operator after 'Distinct' as the ordering would otherwise get erased.
2026-05-31 22:17:12.755 +05:30 [ERR] Microsoft.EntityFrameworkCore.Query: An exception occurred while iterating over the results of a query for context type 'Flowtap_Infrastructure.Persistence.DbContext.ApplicationDbContext'.
Npgsql.PostgresException (0x80004005): 42703: column n.CompanyId does not exist

POSITION: 16
   at Npgsql.Internal.NpgsqlConnector.ReadMessageLong(Boolean async, DataRowLoadingMode dataRowLoadingMode, Boolean readingNotifications, Boolean isReadingPrependedMessage)
   at System.Runtime.CompilerServices.PoolingAsyncValueTaskMethodBuilder`1.StateMachineBox`1.System.Threading.Tasks.Sources.IValueTaskSource<TResult>.GetResult(Int16 token)
   at Npgsql.NpgsqlDataReader.NextResult(Boolean async, Boolean isConsuming, CancellationToken cancellationToken)
   at Npgsql.NpgsqlDataReader.NextResult(Boolean async, Boolean isConsuming, CancellationToken cancellationToken)
   at Npgsql.NpgsqlCommand.ExecuteReader(Boolean async, CommandBehavior behavior, CancellationToken cancellationToken)
   at Npgsql.NpgsqlCommand.ExecuteReader(Boolean async, CommandBehavior behavior, CancellationToken cancellationToken)
   at Npgsql.NpgsqlCommand.ExecuteDbDataReaderAsync(CommandBehavior behavior, CancellationToken cancellationToken)
   at Microsoft.EntityFrameworkCore.Storage.RelationalCommand.ExecuteReaderAsync(RelationalCommandParameterObject parameterObject, CancellationToken cancellationToken)
   at Microsoft.EntityFrameworkCore.Storage.RelationalCommand.ExecuteReaderAsync(RelationalCommandParameterObject parameterObject, CancellationToken cancellationToken)
   at Microsoft.EntityFrameworkCore.Query.Internal.SingleQueryingEnumerable`1.AsyncEnumerator.InitializeReaderAsync(AsyncEnumerator enumerator, CancellationToken cancellationToken)
   at Npgsql.EntityFrameworkCore.PostgreSQL.Storage.Internal.NpgsqlExecutionStrategy.ExecuteAsync[TState,TResult](TState state, Func`4 operation, Func`4 verifySucceeded, CancellationToken cancellationToken)
   at Microsoft.EntityFrameworkCore.Query.Internal.SingleQueryingEnumerable`1.AsyncEnumerator.MoveNextAsync()
  Exception data:
    Severity: ERROR
    SqlState: 42703
    MessageText: column n.CompanyId does not exist
    Position: 16
    File: parse_relation.c
    Line: 3827
    Routine: errorMissingColumn
Npgsql.PostgresException (0x80004005): 42703: column n.CompanyId does not exist

POSITION: 16
   at Npgsql.Internal.NpgsqlConnector.ReadMessageLong(Boolean async, DataRowLoadingMode dataRowLoadingMode, Boolean readingNotifications, Boolean isReadingPrependedMessage)
   at System.Runtime.CompilerServices.PoolingAsyncValueTaskMethodBuilder`1.StateMachineBox`1.System.Threading.Tasks.Sources.IValueTaskSource<TResult>.GetResult(Int16 token)
   at Npgsql.NpgsqlDataReader.NextResult(Boolean async, Boolean isConsuming, CancellationToken cancellationToken)
   at Npgsql.NpgsqlDataReader.NextResult(Boolean async, Boolean isConsuming, CancellationToken cancellationToken)
   at Npgsql.NpgsqlCommand.ExecuteReader(Boolean async, CommandBehavior behavior, CancellationToken cancellationToken)
   at Npgsql.NpgsqlCommand.ExecuteReader(Boolean async, CommandBehavior behavior, CancellationToken cancellationToken)
   at Npgsql.NpgsqlCommand.ExecuteDbDataReaderAsync(CommandBehavior behavior, CancellationToken cancellationToken)
   at Microsoft.EntityFrameworkCore.Storage.RelationalCommand.ExecuteReaderAsync(RelationalCommandParameterObject parameterObject, CancellationToken cancellationToken)
   at Microsoft.EntityFrameworkCore.Storage.RelationalCommand.ExecuteReaderAsync(RelationalCommandParameterObject parameterObject, CancellationToken cancellationToken)
   at Microsoft.EntityFrameworkCore.Query.Internal.SingleQueryingEnumerable`1.AsyncEnumerator.InitializeReaderAsync(AsyncEnumerator enumerator, CancellationToken cancellationToken)
   at Npgsql.EntityFrameworkCore.PostgreSQL.Storage.Internal.NpgsqlExecutionStrategy.ExecuteAsync[TState,TResult](TState state, Func`4 operation, Func`4 verifySucceeded, CancellationToken cancellationToken)
   at Microsoft.EntityFrameworkCore.Query.Internal.SingleQueryingEnumerable`1.AsyncEnumerator.MoveNextAsync()
  Exception data:
    Severity: ERROR
    SqlState: 42703
    MessageText: column n.CompanyId does not exist
    Position: 16
    File: parse_relation.c
    Line: 3827
    Routine: errorMissingColumn
2026-05-31 22:17:12.768 +05:30 [ERR] Flowtap_Infrastructure.BackgroundJobs.EmailDispatchService: Error processing notification queue
Npgsql.PostgresException (0x80004005): 42703: column n.CompanyId does not exist

POSITION: 16
   at Npgsql.Internal.NpgsqlConnector.ReadMessageLong(Boolean async, DataRowLoadingMode dataRowLoadingMode, Boolean readingNotifications, Boolean isReadingPrependedMessage)
   at System.Runtime.CompilerServices.PoolingAsyncValueTaskMethodBuilder`1.StateMachineBox`1.System.Threading.Tasks.Sources.IValueTaskSource<TResult>.GetResult(Int16 token)
   at Npgsql.NpgsqlDataReader.NextResult(Boolean async, Boolean isConsuming, CancellationToken cancellationToken)
   at Npgsql.NpgsqlDataReader.NextResult(Boolean async, Boolean isConsuming, CancellationToken cancellationToken)
   at Npgsql.NpgsqlCommand.ExecuteReader(Boolean async, CommandBehavior behavior, CancellationToken cancellationToken)
   at Npgsql.NpgsqlCommand.ExecuteReader(Boolean async, CommandBehavior behavior, CancellationToken cancellationToken)
   at Npgsql.NpgsqlCommand.ExecuteDbDataReaderAsync(CommandBehavior behavior, CancellationToken cancellationToken)
   at Microsoft.EntityFrameworkCore.Storage.RelationalCommand.ExecuteReaderAsync(RelationalCommandParameterObject parameterObject, CancellationToken cancellationToken)
   at Microsoft.EntityFrameworkCore.Storage.RelationalCommand.ExecuteReaderAsync(RelationalCommandParameterObject parameterObject, CancellationToken cancellationToken)
   at Microsoft.EntityFrameworkCore.Query.Internal.SingleQueryingEnumerable`1.AsyncEnumerator.InitializeReaderAsync(AsyncEnumerator enumerator, CancellationToken cancellationToken)
   at Npgsql.EntityFrameworkCore.PostgreSQL.Storage.Internal.NpgsqlExecutionStrategy.ExecuteAsync[TState,TResult](TState state, Func`4 operation, Func`4 verifySucceeded, CancellationToken cancellationToken)
   at Microsoft.EntityFrameworkCore.Query.Internal.SingleQueryingEnumerable`1.AsyncEnumerator.MoveNextAsync()
   at Microsoft.EntityFrameworkCore.EntityFrameworkQueryableExtensions.ToListAsync[TSource](IQueryable`1 source, CancellationToken cancellationToken)
   at Microsoft.EntityFrameworkCore.EntityFrameworkQueryableExtensions.ToListAsync[TSource](IQueryable`1 source, CancellationToken cancellationToken)
   at Flowtap_Infrastructure.BackgroundJobs.EmailDispatchService.ProcessPendingEmailsAsync(CancellationToken ct) in D:\Git\Flowtap_MultiSaas_Backend_modern\SharedCore\Flowtap_Infrastructure\BackgroundJobs\EmailDispatchService.cs:line 35
   at Flowtap_Infrastructure.BackgroundJobs.EmailDispatchService.ExecuteAsync(CancellationToken stoppingToken) in D:\Git\Flowtap_MultiSaas_Backend_modern\SharedCore\Flowtap_Infrastructure\BackgroundJobs\EmailDispatchService.cs:line 19
  Exception data:
    Severity: ERROR
    SqlState: 42703
    MessageText: column n.CompanyId does not exist
    Position: 16
    File: parse_relation.c
    Line: 3827
    Routine: errorMissingColumn
2026-05-31 22:17:12.768 +05:30 [ERR] Microsoft.EntityFrameworkCore.Database.Command: Failed executing DbCommand (1ms) [Parameters=[@__p_0='?' (DbType = Int32)], CommandType='"Text"', CommandTimeout='30']
SELECT n."Id", n."CompanyId", n."CreatedAt", n."CreatedBy", n."Error", n."Payload", n."Recipient", n."RetryCount", n."SentAt", n."Status", n."Subject", n."Type", n."UpdatedAt", n."UpdatedBy"
FROM "NotificationQueues" AS n
WHERE n."Type" = 'Sms' AND n."SentAt" IS NULL AND n."RetryCount" < 3
LIMIT @__p_0
2026-05-31 22:17:12.773 +05:30 [WRN] Microsoft.EntityFrameworkCore.Query: The query uses a row limiting operator ('Skip'/'Take') without an 'OrderBy' operator. This may lead to unpredictable results. If the 'Distinct' operator is used after 'OrderBy', then make sure to use the 'OrderBy' operator after 'Distinct' as the ordering would otherwise get erased.
2026-05-31 22:17:12.777 +05:30 [ERR] Microsoft.EntityFrameworkCore.Query: An exception occurred while iterating over the results of a query for context type 'Flowtap_Infrastructure.Persistence.DbContext.ApplicationDbContext'.
Npgsql.PostgresException (0x80004005): 42703: column n.CompanyId does not exist

POSITION: 16
   at Npgsql.Internal.NpgsqlConnector.ReadMessageLong(Boolean async, DataRowLoadingMode dataRowLoadingMode, Boolean readingNotifications, Boolean isReadingPrependedMessage)
   at System.Runtime.CompilerServices.PoolingAsyncValueTaskMethodBuilder`1.StateMachineBox`1.System.Threading.Tasks.Sources.IValueTaskSource<TResult>.GetResult(Int16 token)
   at Npgsql.NpgsqlDataReader.NextResult(Boolean async, Boolean isConsuming, CancellationToken cancellationToken)
   at Npgsql.NpgsqlDataReader.NextResult(Boolean async, Boolean isConsuming, CancellationToken cancellationToken)
   at Npgsql.NpgsqlCommand.ExecuteReader(Boolean async, CommandBehavior behavior, CancellationToken cancellationToken)
   at Npgsql.NpgsqlCommand.ExecuteReader(Boolean async, CommandBehavior behavior, CancellationToken cancellationToken)
   at Npgsql.NpgsqlCommand.ExecuteDbDataReaderAsync(CommandBehavior behavior, CancellationToken cancellationToken)
   at Microsoft.EntityFrameworkCore.Storage.RelationalCommand.ExecuteReaderAsync(RelationalCommandParameterObject parameterObject, CancellationToken cancellationToken)
   at Microsoft.EntityFrameworkCore.Storage.RelationalCommand.ExecuteReaderAsync(RelationalCommandParameterObject parameterObject, CancellationToken cancellationToken)
   at Microsoft.EntityFrameworkCore.Query.Internal.SingleQueryingEnumerable`1.AsyncEnumerator.InitializeReaderAsync(AsyncEnumerator enumerator, CancellationToken cancellationToken)
   at Npgsql.EntityFrameworkCore.PostgreSQL.Storage.Internal.NpgsqlExecutionStrategy.ExecuteAsync[TState,TResult](TState state, Func`4 operation, Func`4 verifySucceeded, CancellationToken cancellationToken)
   at Microsoft.EntityFrameworkCore.Query.Internal.SingleQueryingEnumerable`1.AsyncEnumerator.MoveNextAsync()
  Exception data:
    Severity: ERROR
    SqlState: 42703
    MessageText: column n.CompanyId does not exist
    Position: 16
    File: parse_relation.c
    Line: 3827
    Routine: errorMissingColumn
Npgsql.PostgresException (0x80004005): 42703: column n.CompanyId does not exist

POSITION: 16
   at Npgsql.Internal.NpgsqlConnector.ReadMessageLong(Boolean async, DataRowLoadingMode dataRowLoadingMode, Boolean readingNotifications, Boolean isReadingPrependedMessage)
   at System.Runtime.CompilerServices.PoolingAsyncValueTaskMethodBuilder`1.StateMachineBox`1.System.Threading.Tasks.Sources.IValueTaskSource<TResult>.GetResult(Int16 token)
   at Npgsql.NpgsqlDataReader.NextResult(Boolean async, Boolean isConsuming, CancellationToken cancellationToken)
   at Npgsql.NpgsqlDataReader.NextResult(Boolean async, Boolean isConsuming, CancellationToken cancellationToken)
   at Npgsql.NpgsqlCommand.ExecuteReader(Boolean async, CommandBehavior behavior, CancellationToken cancellationToken)
   at Npgsql.NpgsqlCommand.ExecuteReader(Boolean async, CommandBehavior behavior, CancellationToken cancellationToken)
   at Npgsql.NpgsqlCommand.ExecuteDbDataReaderAsync(CommandBehavior behavior, CancellationToken cancellationToken)
   at Microsoft.EntityFrameworkCore.Storage.RelationalCommand.ExecuteReaderAsync(RelationalCommandParameterObject parameterObject, CancellationToken cancellationToken)
   at Microsoft.EntityFrameworkCore.Storage.RelationalCommand.ExecuteReaderAsync(RelationalCommandParameterObject parameterObject, CancellationToken cancellationToken)
   at Microsoft.EntityFrameworkCore.Query.Internal.SingleQueryingEnumerable`1.AsyncEnumerator.InitializeReaderAsync(AsyncEnumerator enumerator, CancellationToken cancellationToken)
   at Npgsql.EntityFrameworkCore.PostgreSQL.Storage.Internal.NpgsqlExecutionStrategy.ExecuteAsync[TState,TResult](TState state, Func`4 operation, Func`4 verifySucceeded, CancellationToken cancellationToken)
   at Microsoft.EntityFrameworkCore.Query.Internal.SingleQueryingEnumerable`1.AsyncEnumerator.MoveNextAsync()
  Exception data:
    Severity: ERROR
    SqlState: 42703
    MessageText: column n.CompanyId does not exist
    Position: 16
    File: parse_relation.c
    Line: 3827
    Routine: errorMissingColumn
2026-05-31 22:17:12.782 +05:30 [ERR] Microsoft.EntityFrameworkCore.Database.Command: Failed executing DbCommand (1ms) [Parameters=[@__p_0='?' (DbType = Int32)], CommandType='"Text"', CommandTimeout='30']
SELECT n."Id", n."CompanyId", n."CreatedAt", n."CreatedBy", n."Error", n."Payload", n."Recipient", n."RetryCount", n."SentAt", n."Status", n."Subject", n."Type", n."UpdatedAt", n."UpdatedBy"
FROM "NotificationQueues" AS n
WHERE n."Type" = 'WhatsApp' AND n."SentAt" IS NULL AND n."RetryCount" < 3
LIMIT @__p_0
2026-05-31 22:17:12.786 +05:30 [ERR] Flowtap_Infrastructure.BackgroundJobs.SmsDispatchService: Error processing SMS notification queue
Npgsql.PostgresException (0x80004005): 42703: column n.CompanyId does not exist

POSITION: 16
   at Npgsql.Internal.NpgsqlConnector.ReadMessageLong(Boolean async, DataRowLoadingMode dataRowLoadingMode, Boolean readingNotifications, Boolean isReadingPrependedMessage)
   at System.Runtime.CompilerServices.PoolingAsyncValueTaskMethodBuilder`1.StateMachineBox`1.System.Threading.Tasks.Sources.IValueTaskSource<TResult>.GetResult(Int16 token)
   at Npgsql.NpgsqlDataReader.NextResult(Boolean async, Boolean isConsuming, CancellationToken cancellationToken)
   at Npgsql.NpgsqlDataReader.NextResult(Boolean async, Boolean isConsuming, CancellationToken cancellationToken)
   at Npgsql.NpgsqlCommand.ExecuteReader(Boolean async, CommandBehavior behavior, CancellationToken cancellationToken)
   at Npgsql.NpgsqlCommand.ExecuteReader(Boolean async, CommandBehavior behavior, CancellationToken cancellationToken)
   at Npgsql.NpgsqlCommand.ExecuteDbDataReaderAsync(CommandBehavior behavior, CancellationToken cancellationToken)
   at Microsoft.EntityFrameworkCore.Storage.RelationalCommand.ExecuteReaderAsync(RelationalCommandParameterObject parameterObject, CancellationToken cancellationToken)
   at Microsoft.EntityFrameworkCore.Storage.RelationalCommand.ExecuteReaderAsync(RelationalCommandParameterObject parameterObject, CancellationToken cancellationToken)
   at Microsoft.EntityFrameworkCore.Query.Internal.SingleQueryingEnumerable`1.AsyncEnumerator.InitializeReaderAsync(AsyncEnumerator enumerator, CancellationToken cancellationToken)
   at Npgsql.EntityFrameworkCore.PostgreSQL.Storage.Internal.NpgsqlExecutionStrategy.ExecuteAsync[TState,TResult](TState state, Func`4 operation, Func`4 verifySucceeded, CancellationToken cancellationToken)
   at Microsoft.EntityFrameworkCore.Query.Internal.SingleQueryingEnumerable`1.AsyncEnumerator.MoveNextAsync()
   at Microsoft.EntityFrameworkCore.EntityFrameworkQueryableExtensions.ToListAsync[TSource](IQueryable`1 source, CancellationToken cancellationToken)
   at Microsoft.EntityFrameworkCore.EntityFrameworkQueryableExtensions.ToListAsync[TSource](IQueryable`1 source, CancellationToken cancellationToken)
   at Flowtap_Infrastructure.BackgroundJobs.SmsDispatchService.ProcessPendingSmsAsync(CancellationToken ct) in D:\Git\Flowtap_MultiSaas_Backend_modern\SharedCore\Flowtap_Infrastructure\BackgroundJobs\SmsDispatchService.cs:line 45
   at Flowtap_Infrastructure.BackgroundJobs.SmsDispatchService.ExecuteAsync(CancellationToken stoppingToken) in D:\Git\Flowtap_MultiSaas_Backend_modern\SharedCore\Flowtap_Infrastructure\BackgroundJobs\SmsDispatchService.cs:line 29
  Exception data:
    Severity: ERROR
    SqlState: 42703
    MessageText: column n.CompanyId does not exist
    Position: 16
    File: parse_relation.c
    Line: 3827
    Routine: errorMissingColumn
2026-05-31 22:17:12.789 +05:30 [ERR] Microsoft.EntityFrameworkCore.Query: An exception occurred while iterating over the results of a query for context type 'Flowtap_Infrastructure.Persistence.DbContext.ApplicationDbContext'.
Npgsql.PostgresException (0x80004005): 42703: column n.CompanyId does not exist

POSITION: 16
   at Npgsql.Internal.NpgsqlConnector.ReadMessageLong(Boolean async, DataRowLoadingMode dataRowLoadingMode, Boolean readingNotifications, Boolean isReadingPrependedMessage)
   at System.Runtime.CompilerServices.PoolingAsyncValueTaskMethodBuilder`1.StateMachineBox`1.System.Threading.Tasks.Sources.IValueTaskSource<TResult>.GetResult(Int16 token)
   at Npgsql.NpgsqlDataReader.NextResult(Boolean async, Boolean isConsuming, CancellationToken cancellationToken)
   at Npgsql.NpgsqlDataReader.NextResult(Boolean async, Boolean isConsuming, CancellationToken cancellationToken)
   at Npgsql.NpgsqlCommand.ExecuteReader(Boolean async, CommandBehavior behavior, CancellationToken cancellationToken)
   at Npgsql.NpgsqlCommand.ExecuteReader(Boolean async, CommandBehavior behavior, CancellationToken cancellationToken)
   at Npgsql.NpgsqlCommand.ExecuteDbDataReaderAsync(CommandBehavior behavior, CancellationToken cancellationToken)
   at Microsoft.EntityFrameworkCore.Storage.RelationalCommand.ExecuteReaderAsync(RelationalCommandParameterObject parameterObject, CancellationToken cancellationToken)
   at Microsoft.EntityFrameworkCore.Storage.RelationalCommand.ExecuteReaderAsync(RelationalCommandParameterObject parameterObject, CancellationToken cancellationToken)
   at Microsoft.EntityFrameworkCore.Query.Internal.SingleQueryingEnumerable`1.AsyncEnumerator.InitializeReaderAsync(AsyncEnumerator enumerator, CancellationToken cancellationToken)
   at Npgsql.EntityFrameworkCore.PostgreSQL.Storage.Internal.NpgsqlExecutionStrategy.ExecuteAsync[TState,TResult](TState state, Func`4 operation, Func`4 verifySucceeded, CancellationToken cancellationToken)
   at Microsoft.EntityFrameworkCore.Query.Internal.SingleQueryingEnumerable`1.AsyncEnumerator.MoveNextAsync()
  Exception data:
    Severity: ERROR
    SqlState: 42703
    MessageText: column n.CompanyId does not exist
    Position: 16
    File: parse_relation.c
    Line: 3827
    Routine: errorMissingColumn
Npgsql.PostgresException (0x80004005): 42703: column n.CompanyId does not exist

POSITION: 16
   at Npgsql.Internal.NpgsqlConnector.ReadMessageLong(Boolean async, DataRowLoadingMode dataRowLoadingMode, Boolean readingNotifications, Boolean isReadingPrependedMessage)
   at System.Runtime.CompilerServices.PoolingAsyncValueTaskMethodBuilder`1.StateMachineBox`1.System.Threading.Tasks.Sources.IValueTaskSource<TResult>.GetResult(Int16 token)
   at Npgsql.NpgsqlDataReader.NextResult(Boolean async, Boolean isConsuming, CancellationToken cancellationToken)
   at Npgsql.NpgsqlDataReader.NextResult(Boolean async, Boolean isConsuming, CancellationToken cancellationToken)
   at Npgsql.NpgsqlCommand.ExecuteReader(Boolean async, CommandBehavior behavior, CancellationToken cancellationToken)
   at Npgsql.NpgsqlCommand.ExecuteReader(Boolean async, CommandBehavior behavior, CancellationToken cancellationToken)
   at Npgsql.NpgsqlCommand.ExecuteDbDataReaderAsync(CommandBehavior behavior, CancellationToken cancellationToken)
   at Microsoft.EntityFrameworkCore.Storage.RelationalCommand.ExecuteReaderAsync(RelationalCommandParameterObject parameterObject, CancellationToken cancellationToken)
   at Microsoft.EntityFrameworkCore.Storage.RelationalCommand.ExecuteReaderAsync(RelationalCommandParameterObject parameterObject, CancellationToken cancellationToken)
   at Microsoft.EntityFrameworkCore.Query.Internal.SingleQueryingEnumerable`1.AsyncEnumerator.InitializeReaderAsync(AsyncEnumerator enumerator, CancellationToken cancellationToken)
   at Npgsql.EntityFrameworkCore.PostgreSQL.Storage.Internal.NpgsqlExecutionStrategy.ExecuteAsync[TState,TResult](TState state, Func`4 operation, Func`4 verifySucceeded, CancellationToken cancellationToken)
   at Microsoft.EntityFrameworkCore.Query.Internal.SingleQueryingEnumerable`1.AsyncEnumerator.MoveNextAsync()
  Exception data:
    Severity: ERROR
    SqlState: 42703
    MessageText: column n.CompanyId does not exist
    Position: 16
    File: parse_relation.c
    Line: 3827
    Routine: errorMissingColumn
2026-05-31 22:17:12.804 +05:30 [ERR] Flowtap_Infrastructure.BackgroundJobs.WhatsAppDispatchService: Error processing WhatsApp notification queue
Npgsql.PostgresException (0x80004005): 42703: column n.CompanyId does not exist

POSITION: 16
   at Npgsql.Internal.NpgsqlConnector.ReadMessageLong(Boolean async, DataRowLoadingMode dataRowLoadingMode, Boolean readingNotifications, Boolean isReadingPrependedMessage)
   at System.Runtime.CompilerServices.PoolingAsyncValueTaskMethodBuilder`1.StateMachineBox`1.System.Threading.Tasks.Sources.IValueTaskSource<TResult>.GetResult(Int16 token)
   at Npgsql.NpgsqlDataReader.NextResult(Boolean async, Boolean isConsuming, CancellationToken cancellationToken)
   at Npgsql.NpgsqlDataReader.NextResult(Boolean async, Boolean isConsuming, CancellationToken cancellationToken)
   at Npgsql.NpgsqlCommand.ExecuteReader(Boolean async, CommandBehavior behavior, CancellationToken cancellationToken)
   at Npgsql.NpgsqlCommand.ExecuteReader(Boolean async, CommandBehavior behavior, CancellationToken cancellationToken)
   at Npgsql.NpgsqlCommand.ExecuteDbDataReaderAsync(CommandBehavior behavior, CancellationToken cancellationToken)
   at Microsoft.EntityFrameworkCore.Storage.RelationalCommand.ExecuteReaderAsync(RelationalCommandParameterObject parameterObject, CancellationToken cancellationToken)
   at Microsoft.EntityFrameworkCore.Storage.RelationalCommand.ExecuteReaderAsync(RelationalCommandParameterObject parameterObject, CancellationToken cancellationToken)
   at Microsoft.EntityFrameworkCore.Query.Internal.SingleQueryingEnumerable`1.AsyncEnumerator.InitializeReaderAsync(AsyncEnumerator enumerator, CancellationToken cancellationToken)
   at Npgsql.EntityFrameworkCore.PostgreSQL.Storage.Internal.NpgsqlExecutionStrategy.ExecuteAsync[TState,TResult](TState state, Func`4 operation, Func`4 verifySucceeded, CancellationToken cancellationToken)
   at Microsoft.EntityFrameworkCore.Query.Internal.SingleQueryingEnumerable`1.AsyncEnumerator.MoveNextAsync()
   at Microsoft.EntityFrameworkCore.EntityFrameworkQueryableExtensions.ToListAsync[TSource](IQueryable`1 source, CancellationToken cancellationToken)
   at Microsoft.EntityFrameworkCore.EntityFrameworkQueryableExtensions.ToListAsync[TSource](IQueryable`1 source, CancellationToken cancellationToken)
   at Flowtap_Infrastructure.BackgroundJobs.WhatsAppDispatchService.ProcessPendingWhatsAppAsync(CancellationToken ct) in D:\Git\Flowtap_MultiSaas_Backend_modern\SharedCore\Flowtap_Infrastructure\BackgroundJobs\WhatsAppDispatchService.cs:line 45
   at Flowtap_Infrastructure.BackgroundJobs.WhatsAppDispatchService.ExecuteAsync(CancellationToken stoppingToken) in D:\Git\Flowtap_MultiSaas_Backend_modern\SharedCore\Flowtap_Infrastructure\BackgroundJobs\WhatsAppDispatchService.cs:line 29
  Exception data:
    Severity: ERROR
    SqlState: 42703
    MessageText: column n.CompanyId does not exist
    Position: 16
    File: parse_relation.c
    Line: 3827
    Routine: errorMissingColumn
2026-05-31 22:17:13.068 +05:30 [INF] Microsoft.EntityFrameworkCore.Database.Command: Executed DbCommand (222ms) [Parameters=[], CommandType='"Text"', CommandTimeout='30']
SELECT r."Id", r."CompanyId", r."CreatedAt", r."CreatedBy", r."IncludeSafetyStock", r."IsActive", r."LeadTimeDays", r."LocationId", r."MinimumQuantity", r."PreferredSupplierId", r."ProductId", r."ReorderQuantity", r."UpdatedAt", r."UpdatedBy", r."WarehouseId", t."Id", t."CategoryId", t."CompanyId", t."CreatedAt", t."CreatedBy", t."DefaultCostPrice", t."DefaultSalePrice", t."Emoji", t."HsnCode", t."IndustryMetadata", t."IsActive", t."IsSerialized", t."IsUniversal", t."Kind", t."Name", t."PublishStatus", t."SKU", t."Tag", t."TaxSlabId", t."UpdatedAt", t."UpdatedBy"
FROM "ReorderRules" AS r
INNER JOIN (
    SELECT p."Id", p."CategoryId", p."CompanyId", p."CreatedAt", p."CreatedBy", p."DefaultCostPrice", p."DefaultSalePrice", p."Emoji", p."HsnCode", p."IndustryMetadata", p."IsActive", p."IsSerialized", p."IsUniversal", p."Kind", p."Name", p."PublishStatus", p."SKU", p."Tag", p."TaxSlabId", p."UpdatedAt", p."UpdatedBy"
    FROM "Products" AS p
    WHERE p."IsActive"
) AS t ON r."ProductId" = t."Id"
WHERE r."IsActive" AND r."IsActive"
2026-05-31 22:17:13.069 +05:30 [INF] Microsoft.EntityFrameworkCore.Database.Command: Executed DbCommand (127ms) [Parameters=[@__now_0='?' (DbType = DateTime)], CommandType='"Text"', CommandTimeout='30']
SELECT c."Id", c."CompanyId", c."CreatedAt", c."CreatedBy", c."EndDate", c."IsActive", c."NextBillingDate", c."StartDate", c."Status", c."SubscriptionPlanId", c."TotalAmount", c."TotalLocations", c."UpdatedAt", c."UpdatedBy"
FROM "CompanySubscriptions" AS c
WHERE c."IsActive" AND c."Status" = 1 AND c."EndDate" < @__now_0
2026-05-31 22:17:13.103 +05:30 [INF] Microsoft.EntityFrameworkCore.Database.Command: Executed DbCommand (11ms) [Parameters=[@__now_0='?' (DbType = DateTime)], CommandType='"Text"', CommandTimeout='30']
SELECT t."Id", t."CompanyId", t."ConvertedToSubscriptionId", t."CreatedAt", t."CreatedBy", t."IsActive", t."IsConverted", t."IsExpired", t."LocationCount", t."TrialDays", t."TrialEndDate", t."TrialStartDate", t."UpdatedAt", t."UpdatedBy"
FROM "TrialPlans" AS t
WHERE t."IsActive" AND NOT (t."IsExpired") AND NOT (t."IsConverted") AND t."TrialEndDate" < @__now_0
2026-05-31 22:17:13.196 +05:30 [INF] Hangfire.BackgroundJobServer: Starting Hangfire Server using job storage: 'PostgreSQL Server: Host: localhost, DB: flowtap_dev_repair, Schema: hangfire'
2026-05-31 22:17:13.197 +05:30 [INF] Hangfire.BackgroundJobServer: Using the following options for PostgreSQL job storage:
2026-05-31 22:17:13.198 +05:30 [INF] Hangfire.BackgroundJobServer:     Queue poll interval: 00:00:15.
2026-05-31 22:17:13.199 +05:30 [INF] Hangfire.BackgroundJobServer:     Invisibility timeout: 00:30:00.
2026-05-31 22:17:13.199 +05:30 [INF] Hangfire.BackgroundJobServer:     Use sliding invisibility timeout: False.
2026-05-31 22:17:13.200 +05:30 [INF] Hangfire.BackgroundJobServer: Using the following options for Hangfire Server:
    Worker count: 20
    Listening queues: 'default'
    Shutdown timeout: 00:00:15
    Schedule polling interval: 00:00:15
2026-05-31 22:17:13.211 +05:30 [DBG] Hangfire.Processing.BackgroundExecution: Execution loop BackgroundServerProcess:8b0e03b9 has started in 6.2446 ms
2026-05-31 22:17:13.948 +05:30 [INF] Hangfire.Server.BackgroundServerProcess: Server antonyraj:12160:07c52f0b successfully announced in 705.0607 ms
2026-05-31 22:17:13.957 +05:30 [DBG] Hangfire.Processing.BackgroundExecution: Execution loop ServerHeartbeatProcess:5fb75fc1 has started in 3.4494 ms
2026-05-31 22:17:13.958 +05:30 [INF] Hangfire.Server.BackgroundServerProcess: Server antonyraj:12160:07c52f0b is starting the registered dispatchers: ServerWatchdog, ServerJobCancellationWatcher, ExpirationManager, CountersAggregator, Worker, DelayedJobScheduler, RecurringJobScheduler...
2026-05-31 22:17:13.965 +05:30 [DBG] Hangfire.Processing.BackgroundExecution: Execution loop ServerWatchdog:6b4d749c has started in 0.7883 ms
2026-05-31 22:17:13.966 +05:30 [DBG] Hangfire.Processing.BackgroundExecution: Execution loop ServerJobCancellationWatcher:fcd791c5 has started in 0.7398 ms
2026-05-31 22:17:13.968 +05:30 [DBG] Hangfire.Processing.BackgroundExecution: Execution loop ExpirationManager:5cac8a37 has started in 1.1843 ms
2026-05-31 22:17:13.969 +05:30 [DBG] Hangfire.Processing.BackgroundExecution: Execution loop CountersAggregator:25cf64d8 has started in 0.5573 ms
2026-05-31 22:17:13.969 +05:30 [DBG] Hangfire.Processing.BackgroundExecution: Execution loop Worker:8a03bbfd has started in 0.598 ms
2026-05-31 22:17:13.970 +05:30 [DBG] Hangfire.Processing.BackgroundExecution: Execution loop Worker:b6ec16b5 has started in 1.415 ms
2026-05-31 22:17:13.971 +05:30 [DBG] Hangfire.Processing.BackgroundExecution: Execution loop Worker:37a99b1d has started in 2.0804 ms
2026-05-31 22:17:13.972 +05:30 [DBG] Hangfire.Processing.BackgroundExecution: Execution loop Worker:d91f6b75 has started in 2.7676 ms
2026-05-31 22:17:13.972 +05:30 [DBG] Hangfire.Processing.BackgroundExecution: Execution loop Worker:701d6b5c has started in 3.0324 ms
2026-05-31 22:17:13.972 +05:30 [DBG] Hangfire.Processing.BackgroundExecution: Execution loop Worker:dba89a9a has started in 3.3031 ms
2026-05-31 22:17:13.973 +05:30 [DBG] Hangfire.Processing.BackgroundExecution: Execution loop Worker:57278319 has started in 3.7698 ms
2026-05-31 22:17:13.973 +05:30 [DBG] Hangfire.Processing.BackgroundExecution: Execution loop Worker:165776e9 has started in 4.3125 ms
2026-05-31 22:17:13.974 +05:30 [DBG] Hangfire.Processing.BackgroundExecution: Execution loop Worker:069db5e6 has started in 4.7497 ms
2026-05-31 22:17:13.975 +05:30 [DBG] Hangfire.Processing.BackgroundExecution: Execution loop Worker:427152b1 has started in 5.6461 ms
2026-05-31 22:17:13.975 +05:30 [DBG] Hangfire.Processing.BackgroundExecution: Execution loop Worker:02126dfe has started in 5.9006 ms
2026-05-31 22:17:13.975 +05:30 [DBG] Hangfire.Processing.BackgroundExecution: Execution loop Worker:841ed5cb has started in 6.4004 ms
2026-05-31 22:17:13.976 +05:30 [DBG] Hangfire.Processing.BackgroundExecution: Execution loop Worker:53f28f46 has started in 6.8223 ms
2026-05-31 22:17:13.976 +05:30 [DBG] Hangfire.Processing.BackgroundExecution: Execution loop Worker:f3a16c0f has started in 7.0861 ms
2026-05-31 22:17:13.976 +05:30 [DBG] Hangfire.PostgreSql.ExpirationManager: Removing outdated records from table 'aggregatedcounter'...
2026-05-31 22:17:13.976 +05:30 [DBG] Hangfire.Processing.BackgroundExecution: Execution loop Worker:22e20228 has started in 7.3976 ms
2026-05-31 22:17:13.977 +05:30 [DBG] Hangfire.Processing.BackgroundExecution: Execution loop Worker:08dcaca4 has started in 7.8164 ms
2026-05-31 22:17:13.977 +05:30 [DBG] Hangfire.PostgreSql.CountersAggregator: Aggregating records in 'Counter' table...
2026-05-31 22:17:13.977 +05:30 [DBG] Hangfire.Processing.BackgroundExecution: Execution loop Worker:17608c70 has started in 8.1197 ms
2026-05-31 22:17:13.977 +05:30 [DBG] Hangfire.Processing.BackgroundExecution: Execution loop Worker:6dada8ac has started in 8.3531 ms
2026-05-31 22:17:13.977 +05:30 [DBG] Hangfire.Processing.BackgroundExecution: Execution loop Worker:4f224a1e has started in 8.549 ms
2026-05-31 22:17:13.978 +05:30 [DBG] Hangfire.Processing.BackgroundExecution: Execution loop Worker:362ad926 has started in 8.7859 ms
2026-05-31 22:17:13.978 +05:30 [DBG] Hangfire.Processing.BackgroundExecution: Execution loop DelayedJobScheduler:6253daad has started in 0.2966 ms
2026-05-31 22:17:13.978 +05:30 [INF] Hangfire.Server.BackgroundServerProcess: Server antonyraj:12160:07c52f0b all the dispatchers started
2026-05-31 22:17:13.978 +05:30 [DBG] Hangfire.Processing.BackgroundExecution: Execution loop RecurringJobScheduler:128c8a6e has started in 0.3719 ms
2026-05-31 22:17:14.740 +05:30 [INF] Hangfire.PostgreSql.ExpirationManager: Removed 1 outdated record(s) from 'aggregatedcounter' table.
2026-05-31 22:17:15.747 +05:30 [DBG] Hangfire.PostgreSql.ExpirationManager: Removing outdated records from table 'counter'...
2026-05-31 22:17:15.770 +05:30 [DBG] Hangfire.PostgreSql.ExpirationManager: Removing outdated records from table 'job'...
2026-05-31 22:17:15.837 +05:30 [INF] Hangfire.PostgreSql.ExpirationManager: Removed 1 outdated record(s) from 'job' table.
2026-05-31 22:17:16.845 +05:30 [DBG] Hangfire.PostgreSql.ExpirationManager: Removing outdated records from table 'list'...
2026-05-31 22:17:16.856 +05:30 [DBG] Hangfire.PostgreSql.ExpirationManager: Removing outdated records from table 'set'...
2026-05-31 22:17:16.867 +05:30 [DBG] Hangfire.PostgreSql.ExpirationManager: Removing outdated records from table 'hash'...
2026-05-31 22:17:32.379 +05:30 [DBG] Hangfire.BackgroundJobServer: Hangfire Server is stopping...
2026-05-31 22:17:32.381 +05:30 [INF] Hangfire.Server.BackgroundServerProcess: Server antonyraj:12160:07c52f0b caught stopping signal...
2026-05-31 22:17:32.384 +05:30 [DBG] Hangfire.Processing.BackgroundExecution: Execution loop Worker:dba89a9a stopped in 0.5624 ms
2026-05-31 22:17:32.384 +05:30 [DBG] Hangfire.Processing.BackgroundExecution: Execution loop Worker:57278319 stopped in 0.4795 ms
2026-05-31 22:17:32.384 +05:30 [DBG] Hangfire.Processing.BackgroundExecution: Execution loop Worker:53f28f46 stopped in 0.5822 ms
2026-05-31 22:17:32.384 +05:30 [DBG] Hangfire.Processing.BackgroundExecution: Execution loop RecurringJobScheduler:128c8a6e stopped in 0.5544 ms
2026-05-31 22:17:32.384 +05:30 [DBG] Hangfire.Processing.BackgroundExecution: Execution loop ExpirationManager:5cac8a37 stopped in 0.3997 ms
2026-05-31 22:17:32.384 +05:30 [DBG] Hangfire.Processing.BackgroundExecution: Execution loop CountersAggregator:25cf64d8 stopped in 0.6777 ms
2026-05-31 22:17:32.384 +05:30 [DBG] Hangfire.Processing.BackgroundExecution: Execution loop Worker:f3a16c0f stopped in 0.7504 ms
2026-05-31 22:17:32.384 +05:30 [DBG] Hangfire.Processing.BackgroundExecution: Execution loop Worker:8a03bbfd stopped in 0.7627 ms
2026-05-31 22:17:32.384 +05:30 [DBG] Hangfire.Processing.BackgroundExecution: Execution loop Worker:427152b1 stopped in 0.7802 ms
2026-05-31 22:17:32.384 +05:30 [DBG] Hangfire.Processing.BackgroundExecution: Execution loop Worker:841ed5cb stopped in 0.822 ms
2026-05-31 22:17:32.384 +05:30 [DBG] Hangfire.Processing.BackgroundExecution: Execution loop Worker:6dada8ac stopped in 0.8109 ms
2026-05-31 22:17:32.384 +05:30 [DBG] Hangfire.Processing.BackgroundExecution: Execution loop Worker:08dcaca4 stopped in 0.8103 ms
2026-05-31 22:17:32.384 +05:30 [DBG] Hangfire.Processing.BackgroundExecution: Execution loop Worker:d91f6b75 stopped in 0.4165 ms
2026-05-31 22:17:32.384 +05:30 [DBG] Hangfire.Processing.BackgroundExecution: Execution loop DelayedJobScheduler:6253daad stopped in 0.413 ms
2026-05-31 22:17:32.385 +05:30 [DBG] Hangfire.Processing.BackgroundExecution: Execution loop Worker:069db5e6 stopped in 0.9671 ms
2026-05-31 22:17:32.385 +05:30 [DBG] Hangfire.Processing.BackgroundExecution: Execution loop Worker:02126dfe stopped in 0.9727 ms
2026-05-31 22:17:32.385 +05:30 [DBG] Hangfire.Processing.BackgroundExecution: Execution loop Worker:22e20228 stopped in 1.0114 ms
2026-05-31 22:17:32.385 +05:30 [DBG] Hangfire.Processing.BackgroundExecution: Execution loop ServerJobCancellationWatcher:fcd791c5 stopped in 1.0771 ms
2026-05-31 22:17:32.385 +05:30 [DBG] Hangfire.Processing.BackgroundExecution: Execution loop Worker:17608c70 stopped in 1.0435 ms
2026-05-31 22:17:32.385 +05:30 [DBG] Hangfire.Processing.BackgroundExecution: Execution loop ServerWatchdog:6b4d749c stopped in 1.0451 ms
2026-05-31 22:17:32.385 +05:30 [DBG] Hangfire.Processing.BackgroundExecution: Execution loop Worker:701d6b5c stopped in 1.1071 ms
2026-05-31 22:17:32.385 +05:30 [DBG] Hangfire.Processing.BackgroundExecution: Execution loop Worker:4f224a1e stopped in 1.1741 ms
2026-05-31 22:17:32.385 +05:30 [DBG] Hangfire.Processing.BackgroundExecution: Execution loop Worker:b6ec16b5 stopped in 0.4026 ms
2026-05-31 22:17:32.385 +05:30 [DBG] Hangfire.Processing.BackgroundExecution: Execution loop Worker:362ad926 stopped in 1.2381 ms
2026-05-31 22:17:32.385 +05:30 [DBG] Hangfire.Processing.BackgroundExecution: Execution loop Worker:165776e9 stopped in 1.2326 ms
2026-05-31 22:17:32.385 +05:30 [DBG] Hangfire.Processing.BackgroundExecution: Execution loop Worker:37a99b1d stopped in 1.2074 ms
2026-05-31 22:17:32.412 +05:30 [DBG] Hangfire.BackgroundJobServer: Hangfire Server is stopping...
2026-05-31 22:17:32.440 +05:30 [INF] Hangfire.Server.BackgroundServerProcess: Server antonyraj:12160:07c52f0b All dispatchers stopped
2026-05-31 22:17:32.442 +05:30 [DBG] Hangfire.Processing.BackgroundExecution: Execution loop ServerHeartbeatProcess:5fb75fc1 stopped in 0.1867 ms
2026-05-31 22:17:32.450 +05:30 [INF] Hangfire.Server.BackgroundServerProcess: Server antonyraj:12160:07c52f0b successfully reported itself as stopped in 5.0663 ms
2026-05-31 22:17:32.451 +05:30 [INF] Hangfire.Server.BackgroundServerProcess: Server antonyraj:12160:07c52f0b has been stopped in total 67.3541 ms
2026-05-31 22:17:32.452 +05:30 [DBG] Hangfire.Processing.BackgroundExecution: Execution loop BackgroundServerProcess:8b0e03b9 stopped in 68.1115 ms
2026-05-31 22:17:44.188 +05:30 [INF] Program: Applying Repair migrations (core + module tables)...
2026-05-31 22:17:45.198 +05:30 [WRN] Microsoft.EntityFrameworkCore.Model.Validation: Entity 'InventoryWriteOff' has a global query filter defined and is the required end of a relationship with the entity 'InventoryWriteOffAttachment'. This may lead to unexpected results when the required entity is filtered out. Either configure the navigation as optional, or define matching query filters for both entities in the navigation. See https://go.microsoft.com/fwlink/?linkid=2131316 for more information.
2026-05-31 22:17:45.203 +05:30 [WRN] Microsoft.EntityFrameworkCore.Model.Validation: Entity 'Product' has a global query filter defined and is the required end of a relationship with the entity 'ProductMedia'. This may lead to unexpected results when the required entity is filtered out. Either configure the navigation as optional, or define matching query filters for both entities in the navigation. See https://go.microsoft.com/fwlink/?linkid=2131316 for more information.
2026-05-31 22:17:45.211 +05:30 [WRN] Microsoft.EntityFrameworkCore.Model.Validation: Entity 'Product' has a global query filter defined and is the required end of a relationship with the entity 'ProductVariant'. This may lead to unexpected results when the required entity is filtered out. Either configure the navigation as optional, or define matching query filters for both entities in the navigation. See https://go.microsoft.com/fwlink/?linkid=2131316 for more information.
2026-05-31 22:17:45.217 +05:30 [WRN] Microsoft.EntityFrameworkCore.Model.Validation: Entity 'PurchaseOrder' has a global query filter defined and is the required end of a relationship with the entity 'PurchaseOrderItem'. This may lead to unexpected results when the required entity is filtered out. Either configure the navigation as optional, or define matching query filters for both entities in the navigation. See https://go.microsoft.com/fwlink/?linkid=2131316 for more information.
2026-05-31 22:17:45.232 +05:30 [WRN] Microsoft.EntityFrameworkCore.Model.Validation: Entity 'PurchaseReturn' has a global query filter defined and is the required end of a relationship with the entity 'PurchaseReturnItem'. This may lead to unexpected results when the required entity is filtered out. Either configure the navigation as optional, or define matching query filters for both entities in the navigation. See https://go.microsoft.com/fwlink/?linkid=2131316 for more information.
2026-05-31 22:17:45.237 +05:30 [WRN] Microsoft.EntityFrameworkCore.Model.Validation: Entity 'Campaign' has a global query filter defined and is the required end of a relationship with the entity 'CampaignProductRule'. This may lead to unexpected results when the required entity is filtered out. Either configure the navigation as optional, or define matching query filters for both entities in the navigation. See https://go.microsoft.com/fwlink/?linkid=2131316 for more information.
2026-05-31 22:17:45.242 +05:30 [WRN] Microsoft.EntityFrameworkCore.Model.Validation: Entity 'MarketingCampaign' has a global query filter defined and is the required end of a relationship with the entity 'CampaignTargetLocation'. This may lead to unexpected results when the required entity is filtered out. Either configure the navigation as optional, or define matching query filters for both entities in the navigation. See https://go.microsoft.com/fwlink/?linkid=2131316 for more information.
2026-05-31 22:17:45.246 +05:30 [WRN] Microsoft.EntityFrameworkCore.Model.Validation: Entity 'Sale' has a global query filter defined and is the required end of a relationship with the entity 'SaleHistory'. This may lead to unexpected results when the required entity is filtered out. Either configure the navigation as optional, or define matching query filters for both entities in the navigation. See https://go.microsoft.com/fwlink/?linkid=2131316 for more information.
2026-05-31 22:17:45.250 +05:30 [WRN] Microsoft.EntityFrameworkCore.Model.Validation: Entity 'Sale' has a global query filter defined and is the required end of a relationship with the entity 'SaleItem'. This may lead to unexpected results when the required entity is filtered out. Either configure the navigation as optional, or define matching query filters for both entities in the navigation. See https://go.microsoft.com/fwlink/?linkid=2131316 for more information.
2026-05-31 22:17:45.252 +05:30 [WRN] Microsoft.EntityFrameworkCore.Model.Validation: Entity 'CompanySubscription' has a global query filter defined and is the required end of a relationship with the entity 'BillingInvoice'. This may lead to unexpected results when the required entity is filtered out. Either configure the navigation as optional, or define matching query filters for both entities in the navigation. See https://go.microsoft.com/fwlink/?linkid=2131316 for more information.
2026-05-31 22:17:45.255 +05:30 [WRN] Microsoft.EntityFrameworkCore.Model.Validation: Entity 'CompanySubscription' has a global query filter defined and is the required end of a relationship with the entity 'SubscriptionChangeLog'. This may lead to unexpected results when the required entity is filtered out. Either configure the navigation as optional, or define matching query filters for both entities in the navigation. See https://go.microsoft.com/fwlink/?linkid=2131316 for more information.
2026-05-31 22:17:45.259 +05:30 [WRN] Microsoft.EntityFrameworkCore.Model.Validation: Entity 'CompanySubscription' has a global query filter defined and is the required end of a relationship with the entity 'SubscriptionLocation'. This may lead to unexpected results when the required entity is filtered out. Either configure the navigation as optional, or define matching query filters for both entities in the navigation. See https://go.microsoft.com/fwlink/?linkid=2131316 for more information.
2026-05-31 22:17:45.264 +05:30 [WRN] Microsoft.EntityFrameworkCore.Model.Validation: Entity 'Product' has a global query filter defined and is the required end of a relationship with the entity 'ProductDeviceModelMapping'. This may lead to unexpected results when the required entity is filtered out. Either configure the navigation as optional, or define matching query filters for both entities in the navigation. See https://go.microsoft.com/fwlink/?linkid=2131316 for more information.
2026-05-31 22:17:45.268 +05:30 [WRN] Microsoft.EntityFrameworkCore.Model.Validation: Entity 'Service' has a global query filter defined and is the required end of a relationship with the entity 'ServiceDeviceModelMapping'. This may lead to unexpected results when the required entity is filtered out. Either configure the navigation as optional, or define matching query filters for both entities in the navigation. See https://go.microsoft.com/fwlink/?linkid=2131316 for more information.
2026-05-31 22:17:45.272 +05:30 [WRN] Microsoft.EntityFrameworkCore.Model.Validation: Entity 'Service' has a global query filter defined and is the required end of a relationship with the entity 'ServicePartRequirement'. This may lead to unexpected results when the required entity is filtered out. Either configure the navigation as optional, or define matching query filters for both entities in the navigation. See https://go.microsoft.com/fwlink/?linkid=2131316 for more information.
2026-05-31 22:17:45.275 +05:30 [WRN] Microsoft.EntityFrameworkCore.Model.Validation: Entity 'ServiceTicket' has a global query filter defined and is the required end of a relationship with the entity 'ServiceTicketItem'. This may lead to unexpected results when the required entity is filtered out. Either configure the navigation as optional, or define matching query filters for both entities in the navigation. See https://go.microsoft.com/fwlink/?linkid=2131316 for more information.
2026-05-31 22:17:45.279 +05:30 [WRN] Microsoft.EntityFrameworkCore.Model.Validation: Entity 'WorkTask' has a global query filter defined and is the required end of a relationship with the entity 'TaskTimeLog'. This may lead to unexpected results when the required entity is filtered out. Either configure the navigation as optional, or define matching query filters for both entities in the navigation. See https://go.microsoft.com/fwlink/?linkid=2131316 for more information.
2026-05-31 22:17:45.281 +05:30 [WRN] Microsoft.EntityFrameworkCore.Model.Validation: Entity 'ServiceTicket' has a global query filter defined and is the required end of a relationship with the entity 'TicketTimeLog'. This may lead to unexpected results when the required entity is filtered out. Either configure the navigation as optional, or define matching query filters for both entities in the navigation. See https://go.microsoft.com/fwlink/?linkid=2131316 for more information.
2026-05-31 22:17:45.284 +05:30 [WRN] Microsoft.EntityFrameworkCore.Model.Validation: Entity 'WorkTask' has a global query filter defined and is the required end of a relationship with the entity 'WorkTaskTag'. This may lead to unexpected results when the required entity is filtered out. Either configure the navigation as optional, or define matching query filters for both entities in the navigation. See https://go.microsoft.com/fwlink/?linkid=2131316 for more information.
2026-05-31 22:17:45.473 +05:30 [WRN] Microsoft.EntityFrameworkCore.Model.Validation: The entity type 'DeviceDetails' is an optional dependent using table sharing without any required non shared property that could be used to identify whether the entity exists. If all nullable properties contain a null value in database then an object instance won't be created in the query. Add a required property to create instances with null values for other properties or mark the incoming navigation as required to always create an instance.
2026-05-31 22:17:47.211 +05:30 [INF] Microsoft.EntityFrameworkCore.Database.Command: Executed DbCommand (91ms) [Parameters=[], CommandType='"Text"', CommandTimeout='30']
SELECT EXISTS (
    SELECT 1 FROM pg_catalog.pg_class c
    JOIN pg_catalog.pg_namespace n ON n.oid=c.relnamespace
    WHERE n.nspname='public' AND
          c.relname='__EFMigrationsHistory'
)
2026-05-31 22:17:47.266 +05:30 [INF] Microsoft.EntityFrameworkCore.Database.Command: Executed DbCommand (18ms) [Parameters=[], CommandType='"Text"', CommandTimeout='30']
SELECT "MigrationId", "ProductVersion"
FROM "__EFMigrationsHistory"
ORDER BY "MigrationId";
2026-05-31 22:17:47.346 +05:30 [INF] Microsoft.EntityFrameworkCore.Database.Command: Executed DbCommand (3ms) [Parameters=[], CommandType='"Text"', CommandTimeout='30']
SELECT EXISTS (
    SELECT 1 FROM pg_catalog.pg_class c
    JOIN pg_catalog.pg_namespace n ON n.oid=c.relnamespace
    WHERE n.nspname='public' AND
          c.relname='__EFMigrationsHistory'
)
2026-05-31 22:17:47.391 +05:30 [INF] Microsoft.EntityFrameworkCore.Database.Command: Executed DbCommand (1ms) [Parameters=[], CommandType='"Text"', CommandTimeout='30']
SELECT EXISTS (
    SELECT 1 FROM pg_catalog.pg_class c
    JOIN pg_catalog.pg_namespace n ON n.oid=c.relnamespace
    WHERE n.nspname='public' AND
          c.relname='__EFMigrationsHistory'
)
2026-05-31 22:17:47.398 +05:30 [INF] Microsoft.EntityFrameworkCore.Database.Command: Executed DbCommand (1ms) [Parameters=[], CommandType='"Text"', CommandTimeout='30']
SELECT "MigrationId", "ProductVersion"
FROM "__EFMigrationsHistory"
ORDER BY "MigrationId";
2026-05-31 22:17:47.444 +05:30 [INF] Program: Repair migrations applied.
2026-05-31 22:17:48.776 +05:30 [WRN] Microsoft.EntityFrameworkCore.Model.Validation: Entity 'InventoryWriteOff' has a global query filter defined and is the required end of a relationship with the entity 'InventoryWriteOffAttachment'. This may lead to unexpected results when the required entity is filtered out. Either configure the navigation as optional, or define matching query filters for both entities in the navigation. See https://go.microsoft.com/fwlink/?linkid=2131316 for more information.
2026-05-31 22:17:48.779 +05:30 [WRN] Microsoft.EntityFrameworkCore.Model.Validation: Entity 'Product' has a global query filter defined and is the required end of a relationship with the entity 'ProductMedia'. This may lead to unexpected results when the required entity is filtered out. Either configure the navigation as optional, or define matching query filters for both entities in the navigation. See https://go.microsoft.com/fwlink/?linkid=2131316 for more information.
2026-05-31 22:17:48.783 +05:30 [WRN] Microsoft.EntityFrameworkCore.Model.Validation: Entity 'Product' has a global query filter defined and is the required end of a relationship with the entity 'ProductVariant'. This may lead to unexpected results when the required entity is filtered out. Either configure the navigation as optional, or define matching query filters for both entities in the navigation. See https://go.microsoft.com/fwlink/?linkid=2131316 for more information.
2026-05-31 22:17:48.787 +05:30 [WRN] Microsoft.EntityFrameworkCore.Model.Validation: Entity 'PurchaseOrder' has a global query filter defined and is the required end of a relationship with the entity 'PurchaseOrderItem'. This may lead to unexpected results when the required entity is filtered out. Either configure the navigation as optional, or define matching query filters for both entities in the navigation. See https://go.microsoft.com/fwlink/?linkid=2131316 for more information.
2026-05-31 22:17:48.791 +05:30 [WRN] Microsoft.EntityFrameworkCore.Model.Validation: Entity 'PurchaseReturn' has a global query filter defined and is the required end of a relationship with the entity 'PurchaseReturnItem'. This may lead to unexpected results when the required entity is filtered out. Either configure the navigation as optional, or define matching query filters for both entities in the navigation. See https://go.microsoft.com/fwlink/?linkid=2131316 for more information.
2026-05-31 22:17:48.795 +05:30 [WRN] Microsoft.EntityFrameworkCore.Model.Validation: Entity 'Campaign' has a global query filter defined and is the required end of a relationship with the entity 'CampaignProductRule'. This may lead to unexpected results when the required entity is filtered out. Either configure the navigation as optional, or define matching query filters for both entities in the navigation. See https://go.microsoft.com/fwlink/?linkid=2131316 for more information.
2026-05-31 22:17:48.798 +05:30 [WRN] Microsoft.EntityFrameworkCore.Model.Validation: Entity 'MarketingCampaign' has a global query filter defined and is the required end of a relationship with the entity 'CampaignTargetLocation'. This may lead to unexpected results when the required entity is filtered out. Either configure the navigation as optional, or define matching query filters for both entities in the navigation. See https://go.microsoft.com/fwlink/?linkid=2131316 for more information.
2026-05-31 22:17:48.801 +05:30 [WRN] Microsoft.EntityFrameworkCore.Model.Validation: Entity 'Sale' has a global query filter defined and is the required end of a relationship with the entity 'SaleHistory'. This may lead to unexpected results when the required entity is filtered out. Either configure the navigation as optional, or define matching query filters for both entities in the navigation. See https://go.microsoft.com/fwlink/?linkid=2131316 for more information.
2026-05-31 22:17:48.804 +05:30 [WRN] Microsoft.EntityFrameworkCore.Model.Validation: Entity 'Sale' has a global query filter defined and is the required end of a relationship with the entity 'SaleItem'. This may lead to unexpected results when the required entity is filtered out. Either configure the navigation as optional, or define matching query filters for both entities in the navigation. See https://go.microsoft.com/fwlink/?linkid=2131316 for more information.
2026-05-31 22:17:48.811 +05:30 [WRN] Microsoft.EntityFrameworkCore.Model.Validation: Entity 'CompanySubscription' has a global query filter defined and is the required end of a relationship with the entity 'BillingInvoice'. This may lead to unexpected results when the required entity is filtered out. Either configure the navigation as optional, or define matching query filters for both entities in the navigation. See https://go.microsoft.com/fwlink/?linkid=2131316 for more information.
2026-05-31 22:17:48.816 +05:30 [WRN] Microsoft.EntityFrameworkCore.Model.Validation: Entity 'CompanySubscription' has a global query filter defined and is the required end of a relationship with the entity 'SubscriptionChangeLog'. This may lead to unexpected results when the required entity is filtered out. Either configure the navigation as optional, or define matching query filters for both entities in the navigation. See https://go.microsoft.com/fwlink/?linkid=2131316 for more information.
2026-05-31 22:17:48.819 +05:30 [WRN] Microsoft.EntityFrameworkCore.Model.Validation: Entity 'CompanySubscription' has a global query filter defined and is the required end of a relationship with the entity 'SubscriptionLocation'. This may lead to unexpected results when the required entity is filtered out. Either configure the navigation as optional, or define matching query filters for both entities in the navigation. See https://go.microsoft.com/fwlink/?linkid=2131316 for more information.
2026-05-31 22:17:49.759 +05:30 [INF] Microsoft.EntityFrameworkCore.Database.Command: Executed DbCommand (10ms) [Parameters=[], CommandType='"Text"', CommandTimeout='30']
SELECT p."Id"
FROM "PermissionCategories" AS p
2026-05-31 22:17:49.818 +05:30 [INF] Microsoft.EntityFrameworkCore.Database.Command: Executed DbCommand (10ms) [Parameters=[], CommandType='"Text"', CommandTimeout='30']
SELECT p."Key"
FROM "Permissions" AS p
2026-05-31 22:17:49.918 +05:30 [INF] Hangfire.PostgreSql.PostgreSqlStorage: Start installing Hangfire SQL objects...
2026-05-31 22:17:49.965 +05:30 [INF] Hangfire.PostgreSql.PostgreSqlStorage: Hangfire SQL objects installed.
2026-05-31 22:17:50.473 +05:30 [INF] : Starting Flowtap Repair API
2026-05-31 22:17:50.756 +05:30 [WRN] Microsoft.EntityFrameworkCore.Query: The query uses a row limiting operator ('Skip'/'Take') without an 'OrderBy' operator. This may lead to unpredictable results. If the 'Distinct' operator is used after 'OrderBy', then make sure to use the 'OrderBy' operator after 'Distinct' as the ordering would otherwise get erased.
2026-05-31 22:17:50.862 +05:30 [WRN] Microsoft.EntityFrameworkCore.Query: The query uses a row limiting operator ('Skip'/'Take') without an 'OrderBy' operator. This may lead to unpredictable results. If the 'Distinct' operator is used after 'OrderBy', then make sure to use the 'OrderBy' operator after 'Distinct' as the ordering would otherwise get erased.
2026-05-31 22:17:50.885 +05:30 [WRN] Microsoft.EntityFrameworkCore.Query: The query uses a row limiting operator ('Skip'/'Take') without an 'OrderBy' operator. This may lead to unpredictable results. If the 'Distinct' operator is used after 'OrderBy', then make sure to use the 'OrderBy' operator after 'Distinct' as the ordering would otherwise get erased.
2026-05-31 22:17:50.925 +05:30 [ERR] Microsoft.EntityFrameworkCore.Database.Command: Failed executing DbCommand (72ms) [Parameters=[@__p_0='?' (DbType = Int32)], CommandType='"Text"', CommandTimeout='30']
SELECT n."Id", n."CompanyId", n."CreatedAt", n."CreatedBy", n."Error", n."Payload", n."Recipient", n."RetryCount", n."SentAt", n."Status", n."Subject", n."Type", n."UpdatedAt", n."UpdatedBy"
FROM "NotificationQueues" AS n
WHERE n."Type" = 'Email' AND n."SentAt" IS NULL AND n."RetryCount" < 3
LIMIT @__p_0
2026-05-31 22:17:50.965 +05:30 [ERR] Microsoft.EntityFrameworkCore.Database.Command: Failed executing DbCommand (3ms) [Parameters=[@__p_0='?' (DbType = Int32)], CommandType='"Text"', CommandTimeout='30']
SELECT n."Id", n."CompanyId", n."CreatedAt", n."CreatedBy", n."Error", n."Payload", n."Recipient", n."RetryCount", n."SentAt", n."Status", n."Subject", n."Type", n."UpdatedAt", n."UpdatedBy"
FROM "NotificationQueues" AS n
WHERE n."Type" = 'Sms' AND n."SentAt" IS NULL AND n."RetryCount" < 3
LIMIT @__p_0
2026-05-31 22:17:50.976 +05:30 [ERR] Microsoft.EntityFrameworkCore.Database.Command: Failed executing DbCommand (3ms) [Parameters=[@__p_0='?' (DbType = Int32)], CommandType='"Text"', CommandTimeout='30']
SELECT n."Id", n."CompanyId", n."CreatedAt", n."CreatedBy", n."Error", n."Payload", n."Recipient", n."RetryCount", n."SentAt", n."Status", n."Subject", n."Type", n."UpdatedAt", n."UpdatedBy"
FROM "NotificationQueues" AS n
WHERE n."Type" = 'WhatsApp' AND n."SentAt" IS NULL AND n."RetryCount" < 3
LIMIT @__p_0
2026-05-31 22:17:50.988 +05:30 [ERR] Microsoft.EntityFrameworkCore.Query: An exception occurred while iterating over the results of a query for context type 'Flowtap_Infrastructure.Persistence.DbContext.ApplicationDbContext'.
Npgsql.PostgresException (0x80004005): 42703: column n.CompanyId does not exist

POSITION: 16
   at Npgsql.Internal.NpgsqlConnector.ReadMessageLong(Boolean async, DataRowLoadingMode dataRowLoadingMode, Boolean readingNotifications, Boolean isReadingPrependedMessage)
   at System.Runtime.CompilerServices.PoolingAsyncValueTaskMethodBuilder`1.StateMachineBox`1.System.Threading.Tasks.Sources.IValueTaskSource<TResult>.GetResult(Int16 token)
   at Npgsql.NpgsqlDataReader.NextResult(Boolean async, Boolean isConsuming, CancellationToken cancellationToken)
   at Npgsql.NpgsqlDataReader.NextResult(Boolean async, Boolean isConsuming, CancellationToken cancellationToken)
   at Npgsql.NpgsqlCommand.ExecuteReader(Boolean async, CommandBehavior behavior, CancellationToken cancellationToken)
   at Npgsql.NpgsqlCommand.ExecuteReader(Boolean async, CommandBehavior behavior, CancellationToken cancellationToken)
   at Npgsql.NpgsqlCommand.ExecuteDbDataReaderAsync(CommandBehavior behavior, CancellationToken cancellationToken)
   at Microsoft.EntityFrameworkCore.Storage.RelationalCommand.ExecuteReaderAsync(RelationalCommandParameterObject parameterObject, CancellationToken cancellationToken)
   at Microsoft.EntityFrameworkCore.Storage.RelationalCommand.ExecuteReaderAsync(RelationalCommandParameterObject parameterObject, CancellationToken cancellationToken)
   at Microsoft.EntityFrameworkCore.Query.Internal.SingleQueryingEnumerable`1.AsyncEnumerator.InitializeReaderAsync(AsyncEnumerator enumerator, CancellationToken cancellationToken)
   at Npgsql.EntityFrameworkCore.PostgreSQL.Storage.Internal.NpgsqlExecutionStrategy.ExecuteAsync[TState,TResult](TState state, Func`4 operation, Func`4 verifySucceeded, CancellationToken cancellationToken)
   at Microsoft.EntityFrameworkCore.Query.Internal.SingleQueryingEnumerable`1.AsyncEnumerator.MoveNextAsync()
  Exception data:
    Severity: ERROR
    SqlState: 42703
    MessageText: column n.CompanyId does not exist
    Position: 16
    File: parse_relation.c
    Line: 3827
    Routine: errorMissingColumn
Npgsql.PostgresException (0x80004005): 42703: column n.CompanyId does not exist

POSITION: 16
   at Npgsql.Internal.NpgsqlConnector.ReadMessageLong(Boolean async, DataRowLoadingMode dataRowLoadingMode, Boolean readingNotifications, Boolean isReadingPrependedMessage)
   at System.Runtime.CompilerServices.PoolingAsyncValueTaskMethodBuilder`1.StateMachineBox`1.System.Threading.Tasks.Sources.IValueTaskSource<TResult>.GetResult(Int16 token)
   at Npgsql.NpgsqlDataReader.NextResult(Boolean async, Boolean isConsuming, CancellationToken cancellationToken)
   at Npgsql.NpgsqlDataReader.NextResult(Boolean async, Boolean isConsuming, CancellationToken cancellationToken)
   at Npgsql.NpgsqlCommand.ExecuteReader(Boolean async, CommandBehavior behavior, CancellationToken cancellationToken)
   at Npgsql.NpgsqlCommand.ExecuteReader(Boolean async, CommandBehavior behavior, CancellationToken cancellationToken)
   at Npgsql.NpgsqlCommand.ExecuteDbDataReaderAsync(CommandBehavior behavior, CancellationToken cancellationToken)
   at Microsoft.EntityFrameworkCore.Storage.RelationalCommand.ExecuteReaderAsync(RelationalCommandParameterObject parameterObject, CancellationToken cancellationToken)
   at Microsoft.EntityFrameworkCore.Storage.RelationalCommand.ExecuteReaderAsync(RelationalCommandParameterObject parameterObject, CancellationToken cancellationToken)
   at Microsoft.EntityFrameworkCore.Query.Internal.SingleQueryingEnumerable`1.AsyncEnumerator.InitializeReaderAsync(AsyncEnumerator enumerator, CancellationToken cancellationToken)
   at Npgsql.EntityFrameworkCore.PostgreSQL.Storage.Internal.NpgsqlExecutionStrategy.ExecuteAsync[TState,TResult](TState state, Func`4 operation, Func`4 verifySucceeded, CancellationToken cancellationToken)
   at Microsoft.EntityFrameworkCore.Query.Internal.SingleQueryingEnumerable`1.AsyncEnumerator.MoveNextAsync()
  Exception data:
    Severity: ERROR
    SqlState: 42703
    MessageText: column n.CompanyId does not exist
    Position: 16
    File: parse_relation.c
    Line: 3827
    Routine: errorMissingColumn
2026-05-31 22:17:50.998 +05:30 [ERR] Microsoft.EntityFrameworkCore.Query: An exception occurred while iterating over the results of a query for context type 'Flowtap_Infrastructure.Persistence.DbContext.ApplicationDbContext'.
Npgsql.PostgresException (0x80004005): 42703: column n.CompanyId does not exist

POSITION: 16
   at Npgsql.Internal.NpgsqlConnector.ReadMessageLong(Boolean async, DataRowLoadingMode dataRowLoadingMode, Boolean readingNotifications, Boolean isReadingPrependedMessage)
   at System.Runtime.CompilerServices.PoolingAsyncValueTaskMethodBuilder`1.StateMachineBox`1.System.Threading.Tasks.Sources.IValueTaskSource<TResult>.GetResult(Int16 token)
   at Npgsql.NpgsqlDataReader.NextResult(Boolean async, Boolean isConsuming, CancellationToken cancellationToken)
   at Npgsql.NpgsqlDataReader.NextResult(Boolean async, Boolean isConsuming, CancellationToken cancellationToken)
   at Npgsql.NpgsqlCommand.ExecuteReader(Boolean async, CommandBehavior behavior, CancellationToken cancellationToken)
   at Npgsql.NpgsqlCommand.ExecuteReader(Boolean async, CommandBehavior behavior, CancellationToken cancellationToken)
   at Npgsql.NpgsqlCommand.ExecuteDbDataReaderAsync(CommandBehavior behavior, CancellationToken cancellationToken)
   at Microsoft.EntityFrameworkCore.Storage.RelationalCommand.ExecuteReaderAsync(RelationalCommandParameterObject parameterObject, CancellationToken cancellationToken)
   at Microsoft.EntityFrameworkCore.Storage.RelationalCommand.ExecuteReaderAsync(RelationalCommandParameterObject parameterObject, CancellationToken cancellationToken)
   at Microsoft.EntityFrameworkCore.Query.Internal.SingleQueryingEnumerable`1.AsyncEnumerator.InitializeReaderAsync(AsyncEnumerator enumerator, CancellationToken cancellationToken)
   at Npgsql.EntityFrameworkCore.PostgreSQL.Storage.Internal.NpgsqlExecutionStrategy.ExecuteAsync[TState,TResult](TState state, Func`4 operation, Func`4 verifySucceeded, CancellationToken cancellationToken)
   at Microsoft.EntityFrameworkCore.Query.Internal.SingleQueryingEnumerable`1.AsyncEnumerator.MoveNextAsync()
  Exception data:
    Severity: ERROR
    SqlState: 42703
    MessageText: column n.CompanyId does not exist
    Position: 16
    File: parse_relation.c
    Line: 3827
    Routine: errorMissingColumn
Npgsql.PostgresException (0x80004005): 42703: column n.CompanyId does not exist

POSITION: 16
   at Npgsql.Internal.NpgsqlConnector.ReadMessageLong(Boolean async, DataRowLoadingMode dataRowLoadingMode, Boolean readingNotifications, Boolean isReadingPrependedMessage)
   at System.Runtime.CompilerServices.PoolingAsyncValueTaskMethodBuilder`1.StateMachineBox`1.System.Threading.Tasks.Sources.IValueTaskSource<TResult>.GetResult(Int16 token)
   at Npgsql.NpgsqlDataReader.NextResult(Boolean async, Boolean isConsuming, CancellationToken cancellationToken)
   at Npgsql.NpgsqlDataReader.NextResult(Boolean async, Boolean isConsuming, CancellationToken cancellationToken)
   at Npgsql.NpgsqlCommand.ExecuteReader(Boolean async, CommandBehavior behavior, CancellationToken cancellationToken)
   at Npgsql.NpgsqlCommand.ExecuteReader(Boolean async, CommandBehavior behavior, CancellationToken cancellationToken)
   at Npgsql.NpgsqlCommand.ExecuteDbDataReaderAsync(CommandBehavior behavior, CancellationToken cancellationToken)
   at Microsoft.EntityFrameworkCore.Storage.RelationalCommand.ExecuteReaderAsync(RelationalCommandParameterObject parameterObject, CancellationToken cancellationToken)
   at Microsoft.EntityFrameworkCore.Storage.RelationalCommand.ExecuteReaderAsync(RelationalCommandParameterObject parameterObject, CancellationToken cancellationToken)
   at Microsoft.EntityFrameworkCore.Query.Internal.SingleQueryingEnumerable`1.AsyncEnumerator.InitializeReaderAsync(AsyncEnumerator enumerator, CancellationToken cancellationToken)
   at Npgsql.EntityFrameworkCore.PostgreSQL.Storage.Internal.NpgsqlExecutionStrategy.ExecuteAsync[TState,TResult](TState state, Func`4 operation, Func`4 verifySucceeded, CancellationToken cancellationToken)
   at Microsoft.EntityFrameworkCore.Query.Internal.SingleQueryingEnumerable`1.AsyncEnumerator.MoveNextAsync()
  Exception data:
    Severity: ERROR
    SqlState: 42703
    MessageText: column n.CompanyId does not exist
    Position: 16
    File: parse_relation.c
    Line: 3827
    Routine: errorMissingColumn
2026-05-31 22:17:51.013 +05:30 [ERR] Microsoft.EntityFrameworkCore.Query: An exception occurred while iterating over the results of a query for context type 'Flowtap_Infrastructure.Persistence.DbContext.ApplicationDbContext'.
Npgsql.PostgresException (0x80004005): 42703: column n.CompanyId does not exist

POSITION: 16
   at Npgsql.Internal.NpgsqlConnector.ReadMessageLong(Boolean async, DataRowLoadingMode dataRowLoadingMode, Boolean readingNotifications, Boolean isReadingPrependedMessage)
   at System.Runtime.CompilerServices.PoolingAsyncValueTaskMethodBuilder`1.StateMachineBox`1.System.Threading.Tasks.Sources.IValueTaskSource<TResult>.GetResult(Int16 token)
   at Npgsql.NpgsqlDataReader.NextResult(Boolean async, Boolean isConsuming, CancellationToken cancellationToken)
   at Npgsql.NpgsqlDataReader.NextResult(Boolean async, Boolean isConsuming, CancellationToken cancellationToken)
   at Npgsql.NpgsqlCommand.ExecuteReader(Boolean async, CommandBehavior behavior, CancellationToken cancellationToken)
   at Npgsql.NpgsqlCommand.ExecuteReader(Boolean async, CommandBehavior behavior, CancellationToken cancellationToken)
   at Npgsql.NpgsqlCommand.ExecuteDbDataReaderAsync(CommandBehavior behavior, CancellationToken cancellationToken)
   at Microsoft.EntityFrameworkCore.Storage.RelationalCommand.ExecuteReaderAsync(RelationalCommandParameterObject parameterObject, CancellationToken cancellationToken)
   at Microsoft.EntityFrameworkCore.Storage.RelationalCommand.ExecuteReaderAsync(RelationalCommandParameterObject parameterObject, CancellationToken cancellationToken)
   at Microsoft.EntityFrameworkCore.Query.Internal.SingleQueryingEnumerable`1.AsyncEnumerator.InitializeReaderAsync(AsyncEnumerator enumerator, CancellationToken cancellationToken)
   at Npgsql.EntityFrameworkCore.PostgreSQL.Storage.Internal.NpgsqlExecutionStrategy.ExecuteAsync[TState,TResult](TState state, Func`4 operation, Func`4 verifySucceeded, CancellationToken cancellationToken)
   at Microsoft.EntityFrameworkCore.Query.Internal.SingleQueryingEnumerable`1.AsyncEnumerator.MoveNextAsync()
  Exception data:
    Severity: ERROR
    SqlState: 42703
    MessageText: column n.CompanyId does not exist
    Position: 16
    File: parse_relation.c
    Line: 3827
    Routine: errorMissingColumn
Npgsql.PostgresException (0x80004005): 42703: column n.CompanyId does not exist

POSITION: 16
   at Npgsql.Internal.NpgsqlConnector.ReadMessageLong(Boolean async, DataRowLoadingMode dataRowLoadingMode, Boolean readingNotifications, Boolean isReadingPrependedMessage)
   at System.Runtime.CompilerServices.PoolingAsyncValueTaskMethodBuilder`1.StateMachineBox`1.System.Threading.Tasks.Sources.IValueTaskSource<TResult>.GetResult(Int16 token)
   at Npgsql.NpgsqlDataReader.NextResult(Boolean async, Boolean isConsuming, CancellationToken cancellationToken)
   at Npgsql.NpgsqlDataReader.NextResult(Boolean async, Boolean isConsuming, CancellationToken cancellationToken)
   at Npgsql.NpgsqlCommand.ExecuteReader(Boolean async, CommandBehavior behavior, CancellationToken cancellationToken)
   at Npgsql.NpgsqlCommand.ExecuteReader(Boolean async, CommandBehavior behavior, CancellationToken cancellationToken)
   at Npgsql.NpgsqlCommand.ExecuteDbDataReaderAsync(CommandBehavior behavior, CancellationToken cancellationToken)
   at Microsoft.EntityFrameworkCore.Storage.RelationalCommand.ExecuteReaderAsync(RelationalCommandParameterObject parameterObject, CancellationToken cancellationToken)
   at Microsoft.EntityFrameworkCore.Storage.RelationalCommand.ExecuteReaderAsync(RelationalCommandParameterObject parameterObject, CancellationToken cancellationToken)
   at Microsoft.EntityFrameworkCore.Query.Internal.SingleQueryingEnumerable`1.AsyncEnumerator.InitializeReaderAsync(AsyncEnumerator enumerator, CancellationToken cancellationToken)
   at Npgsql.EntityFrameworkCore.PostgreSQL.Storage.Internal.NpgsqlExecutionStrategy.ExecuteAsync[TState,TResult](TState state, Func`4 operation, Func`4 verifySucceeded, CancellationToken cancellationToken)
   at Microsoft.EntityFrameworkCore.Query.Internal.SingleQueryingEnumerable`1.AsyncEnumerator.MoveNextAsync()
  Exception data:
    Severity: ERROR
    SqlState: 42703
    MessageText: column n.CompanyId does not exist
    Position: 16
    File: parse_relation.c
    Line: 3827
    Routine: errorMissingColumn
2026-05-31 22:17:51.062 +05:30 [ERR] Flowtap_Infrastructure.BackgroundJobs.EmailDispatchService: Error processing notification queue
Npgsql.PostgresException (0x80004005): 42703: column n.CompanyId does not exist

POSITION: 16
   at Npgsql.Internal.NpgsqlConnector.ReadMessageLong(Boolean async, DataRowLoadingMode dataRowLoadingMode, Boolean readingNotifications, Boolean isReadingPrependedMessage)
   at System.Runtime.CompilerServices.PoolingAsyncValueTaskMethodBuilder`1.StateMachineBox`1.System.Threading.Tasks.Sources.IValueTaskSource<TResult>.GetResult(Int16 token)
   at Npgsql.NpgsqlDataReader.NextResult(Boolean async, Boolean isConsuming, CancellationToken cancellationToken)
   at Npgsql.NpgsqlDataReader.NextResult(Boolean async, Boolean isConsuming, CancellationToken cancellationToken)
   at Npgsql.NpgsqlCommand.ExecuteReader(Boolean async, CommandBehavior behavior, CancellationToken cancellationToken)
   at Npgsql.NpgsqlCommand.ExecuteReader(Boolean async, CommandBehavior behavior, CancellationToken cancellationToken)
   at Npgsql.NpgsqlCommand.ExecuteDbDataReaderAsync(CommandBehavior behavior, CancellationToken cancellationToken)
   at Microsoft.EntityFrameworkCore.Storage.RelationalCommand.ExecuteReaderAsync(RelationalCommandParameterObject parameterObject, CancellationToken cancellationToken)
   at Microsoft.EntityFrameworkCore.Storage.RelationalCommand.ExecuteReaderAsync(RelationalCommandParameterObject parameterObject, CancellationToken cancellationToken)
   at Microsoft.EntityFrameworkCore.Query.Internal.SingleQueryingEnumerable`1.AsyncEnumerator.InitializeReaderAsync(AsyncEnumerator enumerator, CancellationToken cancellationToken)
   at Npgsql.EntityFrameworkCore.PostgreSQL.Storage.Internal.NpgsqlExecutionStrategy.ExecuteAsync[TState,TResult](TState state, Func`4 operation, Func`4 verifySucceeded, CancellationToken cancellationToken)
   at Microsoft.EntityFrameworkCore.Query.Internal.SingleQueryingEnumerable`1.AsyncEnumerator.MoveNextAsync()
   at Microsoft.EntityFrameworkCore.EntityFrameworkQueryableExtensions.ToListAsync[TSource](IQueryable`1 source, CancellationToken cancellationToken)
   at Microsoft.EntityFrameworkCore.EntityFrameworkQueryableExtensions.ToListAsync[TSource](IQueryable`1 source, CancellationToken cancellationToken)
   at Flowtap_Infrastructure.BackgroundJobs.EmailDispatchService.ProcessPendingEmailsAsync(CancellationToken ct) in D:\Git\Flowtap_MultiSaas_Backend_modern\SharedCore\Flowtap_Infrastructure\BackgroundJobs\EmailDispatchService.cs:line 35
   at Flowtap_Infrastructure.BackgroundJobs.EmailDispatchService.ExecuteAsync(CancellationToken stoppingToken) in D:\Git\Flowtap_MultiSaas_Backend_modern\SharedCore\Flowtap_Infrastructure\BackgroundJobs\EmailDispatchService.cs:line 19
  Exception data:
    Severity: ERROR
    SqlState: 42703
    MessageText: column n.CompanyId does not exist
    Position: 16
    File: parse_relation.c
    Line: 3827
    Routine: errorMissingColumn
2026-05-31 22:17:51.096 +05:30 [INF] Microsoft.EntityFrameworkCore.Database.Command: Executed DbCommand (34ms) [Parameters=[], CommandType='"Text"', CommandTimeout='30']
SELECT r."Id", r."CompanyId", r."CreatedAt", r."CreatedBy", r."IncludeSafetyStock", r."IsActive", r."LeadTimeDays", r."LocationId", r."MinimumQuantity", r."PreferredSupplierId", r."ProductId", r."ReorderQuantity", r."UpdatedAt", r."UpdatedBy", r."WarehouseId", t."Id", t."CategoryId", t."CompanyId", t."CreatedAt", t."CreatedBy", t."DefaultCostPrice", t."DefaultSalePrice", t."Emoji", t."HsnCode", t."IndustryMetadata", t."IsActive", t."IsSerialized", t."IsUniversal", t."Kind", t."Name", t."PublishStatus", t."SKU", t."Tag", t."TaxSlabId", t."UpdatedAt", t."UpdatedBy"
FROM "ReorderRules" AS r
INNER JOIN (
    SELECT p."Id", p."CategoryId", p."CompanyId", p."CreatedAt", p."CreatedBy", p."DefaultCostPrice", p."DefaultSalePrice", p."Emoji", p."HsnCode", p."IndustryMetadata", p."IsActive", p."IsSerialized", p."IsUniversal", p."Kind", p."Name", p."PublishStatus", p."SKU", p."Tag", p."TaxSlabId", p."UpdatedAt", p."UpdatedBy"
    FROM "Products" AS p
    WHERE p."IsActive"
) AS t ON r."ProductId" = t."Id"
WHERE r."IsActive" AND r."IsActive"
2026-05-31 22:17:51.108 +05:30 [ERR] Flowtap_Infrastructure.BackgroundJobs.SmsDispatchService: Error processing SMS notification queue
Npgsql.PostgresException (0x80004005): 42703: column n.CompanyId does not exist

POSITION: 16
   at Npgsql.Internal.NpgsqlConnector.ReadMessageLong(Boolean async, DataRowLoadingMode dataRowLoadingMode, Boolean readingNotifications, Boolean isReadingPrependedMessage)
   at System.Runtime.CompilerServices.PoolingAsyncValueTaskMethodBuilder`1.StateMachineBox`1.System.Threading.Tasks.Sources.IValueTaskSource<TResult>.GetResult(Int16 token)
   at Npgsql.NpgsqlDataReader.NextResult(Boolean async, Boolean isConsuming, CancellationToken cancellationToken)
   at Npgsql.NpgsqlDataReader.NextResult(Boolean async, Boolean isConsuming, CancellationToken cancellationToken)
   at Npgsql.NpgsqlCommand.ExecuteReader(Boolean async, CommandBehavior behavior, CancellationToken cancellationToken)
   at Npgsql.NpgsqlCommand.ExecuteReader(Boolean async, CommandBehavior behavior, CancellationToken cancellationToken)
   at Npgsql.NpgsqlCommand.ExecuteDbDataReaderAsync(CommandBehavior behavior, CancellationToken cancellationToken)
   at Microsoft.EntityFrameworkCore.Storage.RelationalCommand.ExecuteReaderAsync(RelationalCommandParameterObject parameterObject, CancellationToken cancellationToken)
   at Microsoft.EntityFrameworkCore.Storage.RelationalCommand.ExecuteReaderAsync(RelationalCommandParameterObject parameterObject, CancellationToken cancellationToken)
   at Microsoft.EntityFrameworkCore.Query.Internal.SingleQueryingEnumerable`1.AsyncEnumerator.InitializeReaderAsync(AsyncEnumerator enumerator, CancellationToken cancellationToken)
   at Npgsql.EntityFrameworkCore.PostgreSQL.Storage.Internal.NpgsqlExecutionStrategy.ExecuteAsync[TState,TResult](TState state, Func`4 operation, Func`4 verifySucceeded, CancellationToken cancellationToken)
   at Microsoft.EntityFrameworkCore.Query.Internal.SingleQueryingEnumerable`1.AsyncEnumerator.MoveNextAsync()
   at Microsoft.EntityFrameworkCore.EntityFrameworkQueryableExtensions.ToListAsync[TSource](IQueryable`1 source, CancellationToken cancellationToken)
   at Microsoft.EntityFrameworkCore.EntityFrameworkQueryableExtensions.ToListAsync[TSource](IQueryable`1 source, CancellationToken cancellationToken)
   at Flowtap_Infrastructure.BackgroundJobs.SmsDispatchService.ProcessPendingSmsAsync(CancellationToken ct) in D:\Git\Flowtap_MultiSaas_Backend_modern\SharedCore\Flowtap_Infrastructure\BackgroundJobs\SmsDispatchService.cs:line 45
   at Flowtap_Infrastructure.BackgroundJobs.SmsDispatchService.ExecuteAsync(CancellationToken stoppingToken) in D:\Git\Flowtap_MultiSaas_Backend_modern\SharedCore\Flowtap_Infrastructure\BackgroundJobs\SmsDispatchService.cs:line 29
  Exception data:
    Severity: ERROR
    SqlState: 42703
    MessageText: column n.CompanyId does not exist
    Position: 16
    File: parse_relation.c
    Line: 3827
    Routine: errorMissingColumn
2026-05-31 22:17:51.127 +05:30 [ERR] Flowtap_Infrastructure.BackgroundJobs.WhatsAppDispatchService: Error processing WhatsApp notification queue
Npgsql.PostgresException (0x80004005): 42703: column n.CompanyId does not exist

POSITION: 16
   at Npgsql.Internal.NpgsqlConnector.ReadMessageLong(Boolean async, DataRowLoadingMode dataRowLoadingMode, Boolean readingNotifications, Boolean isReadingPrependedMessage)
   at System.Runtime.CompilerServices.PoolingAsyncValueTaskMethodBuilder`1.StateMachineBox`1.System.Threading.Tasks.Sources.IValueTaskSource<TResult>.GetResult(Int16 token)
   at Npgsql.NpgsqlDataReader.NextResult(Boolean async, Boolean isConsuming, CancellationToken cancellationToken)
   at Npgsql.NpgsqlDataReader.NextResult(Boolean async, Boolean isConsuming, CancellationToken cancellationToken)
   at Npgsql.NpgsqlCommand.ExecuteReader(Boolean async, CommandBehavior behavior, CancellationToken cancellationToken)
   at Npgsql.NpgsqlCommand.ExecuteReader(Boolean async, CommandBehavior behavior, CancellationToken cancellationToken)
   at Npgsql.NpgsqlCommand.ExecuteDbDataReaderAsync(CommandBehavior behavior, CancellationToken cancellationToken)
   at Microsoft.EntityFrameworkCore.Storage.RelationalCommand.ExecuteReaderAsync(RelationalCommandParameterObject parameterObject, CancellationToken cancellationToken)
   at Microsoft.EntityFrameworkCore.Storage.RelationalCommand.ExecuteReaderAsync(RelationalCommandParameterObject parameterObject, CancellationToken cancellationToken)
   at Microsoft.EntityFrameworkCore.Query.Internal.SingleQueryingEnumerable`1.AsyncEnumerator.InitializeReaderAsync(AsyncEnumerator enumerator, CancellationToken cancellationToken)
   at Npgsql.EntityFrameworkCore.PostgreSQL.Storage.Internal.NpgsqlExecutionStrategy.ExecuteAsync[TState,TResult](TState state, Func`4 operation, Func`4 verifySucceeded, CancellationToken cancellationToken)
   at Microsoft.EntityFrameworkCore.Query.Internal.SingleQueryingEnumerable`1.AsyncEnumerator.MoveNextAsync()
   at Microsoft.EntityFrameworkCore.EntityFrameworkQueryableExtensions.ToListAsync[TSource](IQueryable`1 source, CancellationToken cancellationToken)
   at Microsoft.EntityFrameworkCore.EntityFrameworkQueryableExtensions.ToListAsync[TSource](IQueryable`1 source, CancellationToken cancellationToken)
   at Flowtap_Infrastructure.BackgroundJobs.WhatsAppDispatchService.ProcessPendingWhatsAppAsync(CancellationToken ct) in D:\Git\Flowtap_MultiSaas_Backend_modern\SharedCore\Flowtap_Infrastructure\BackgroundJobs\WhatsAppDispatchService.cs:line 45
   at Flowtap_Infrastructure.BackgroundJobs.WhatsAppDispatchService.ExecuteAsync(CancellationToken stoppingToken) in D:\Git\Flowtap_MultiSaas_Backend_modern\SharedCore\Flowtap_Infrastructure\BackgroundJobs\WhatsAppDispatchService.cs:line 29
  Exception data:
    Severity: ERROR
    SqlState: 42703
    MessageText: column n.CompanyId does not exist
    Position: 16
    File: parse_relation.c
    Line: 3827
    Routine: errorMissingColumn
2026-05-31 22:17:51.129 +05:30 [INF] Microsoft.EntityFrameworkCore.Database.Command: Executed DbCommand (41ms) [Parameters=[@__now_0='?' (DbType = DateTime)], CommandType='"Text"', CommandTimeout='30']
SELECT c."Id", c."CompanyId", c."CreatedAt", c."CreatedBy", c."EndDate", c."IsActive", c."NextBillingDate", c."StartDate", c."Status", c."SubscriptionPlanId", c."TotalAmount", c."TotalLocations", c."UpdatedAt", c."UpdatedBy"
FROM "CompanySubscriptions" AS c
WHERE c."IsActive" AND c."Status" = 1 AND c."EndDate" < @__now_0
2026-05-31 22:17:51.381 +05:30 [INF] Microsoft.EntityFrameworkCore.Database.Command: Executed DbCommand (6ms) [Parameters=[@__now_0='?' (DbType = DateTime)], CommandType='"Text"', CommandTimeout='30']
SELECT t."Id", t."CompanyId", t."ConvertedToSubscriptionId", t."CreatedAt", t."CreatedBy", t."IsActive", t."IsConverted", t."IsExpired", t."LocationCount", t."TrialDays", t."TrialEndDate", t."TrialStartDate", t."UpdatedAt", t."UpdatedBy"
FROM "TrialPlans" AS t
WHERE t."IsActive" AND NOT (t."IsExpired") AND NOT (t."IsConverted") AND t."TrialEndDate" < @__now_0
2026-05-31 22:17:51.448 +05:30 [INF] Hangfire.BackgroundJobServer: Starting Hangfire Server using job storage: 'PostgreSQL Server: Host: localhost, DB: flowtap_dev_repair, Schema: hangfire'
2026-05-31 22:17:51.451 +05:30 [INF] Hangfire.BackgroundJobServer: Using the following options for PostgreSQL job storage:
2026-05-31 22:17:51.455 +05:30 [INF] Hangfire.BackgroundJobServer:     Queue poll interval: 00:00:15.
2026-05-31 22:17:51.457 +05:30 [INF] Hangfire.BackgroundJobServer:     Invisibility timeout: 00:30:00.
2026-05-31 22:17:51.462 +05:30 [INF] Hangfire.BackgroundJobServer:     Use sliding invisibility timeout: False.
2026-05-31 22:17:51.466 +05:30 [INF] Hangfire.BackgroundJobServer: Using the following options for Hangfire Server:
    Worker count: 20
    Listening queues: 'default'
    Shutdown timeout: 00:00:15
    Schedule polling interval: 00:00:15
2026-05-31 22:17:51.487 +05:30 [DBG] Hangfire.Processing.BackgroundExecution: Execution loop BackgroundServerProcess:57a69de2 has started in 5.5293 ms
2026-05-31 22:17:51.690 +05:30 [INF] Hangfire.Server.BackgroundServerProcess: Server antonyraj:19416:42ccf628 successfully announced in 187.3919 ms
2026-05-31 22:17:51.697 +05:30 [DBG] Hangfire.Processing.BackgroundExecution: Execution loop ServerHeartbeatProcess:69963b1d has started in 1.4089 ms
2026-05-31 22:17:51.700 +05:30 [INF] Hangfire.Server.BackgroundServerProcess: Server antonyraj:19416:42ccf628 is starting the registered dispatchers: ServerWatchdog, ServerJobCancellationWatcher, ExpirationManager, CountersAggregator, Worker, DelayedJobScheduler, RecurringJobScheduler...
2026-05-31 22:17:51.706 +05:30 [DBG] Hangfire.Processing.BackgroundExecution: Execution loop ServerWatchdog:b9647e1a has started in 0.5743 ms
2026-05-31 22:17:51.706 +05:30 [DBG] Hangfire.Processing.BackgroundExecution: Execution loop ServerJobCancellationWatcher:26e7aead has started in 0.3711 ms
2026-05-31 22:17:51.707 +05:30 [DBG] Hangfire.Processing.BackgroundExecution: Execution loop ExpirationManager:dad86fad has started in 0.5317 ms
2026-05-31 22:17:51.708 +05:30 [DBG] Hangfire.Processing.BackgroundExecution: Execution loop CountersAggregator:b2ea5d9b has started in 0.3165 ms
2026-05-31 22:17:51.709 +05:30 [DBG] Hangfire.Processing.BackgroundExecution: Execution loop Worker:65ef68ad has started in 0.5439 ms
2026-05-31 22:17:51.709 +05:30 [DBG] Hangfire.Processing.BackgroundExecution: Execution loop Worker:f3124c61 has started in 1.1628 ms
2026-05-31 22:17:51.711 +05:30 [DBG] Hangfire.Processing.BackgroundExecution: Execution loop Worker:981c4595 has started in 3.1936 ms
2026-05-31 22:17:51.713 +05:30 [DBG] Hangfire.Processing.BackgroundExecution: Execution loop Worker:38c94583 has started in 4.6656 ms
2026-05-31 22:17:51.714 +05:30 [DBG] Hangfire.Processing.BackgroundExecution: Execution loop Worker:d30e1cd1 has started in 5.5816 ms
2026-05-31 22:17:51.715 +05:30 [DBG] Hangfire.Processing.BackgroundExecution: Execution loop Worker:ca1976d0 has started in 6.7788 ms
2026-05-31 22:17:51.715 +05:30 [DBG] Hangfire.Processing.BackgroundExecution: Execution loop Worker:81d95c8e has started in 7.3067 ms
2026-05-31 22:17:51.717 +05:30 [DBG] Hangfire.Processing.BackgroundExecution: Execution loop Worker:0b603f0f has started in 8.7273 ms
2026-05-31 22:17:51.717 +05:30 [DBG] Hangfire.Processing.BackgroundExecution: Execution loop Worker:7ee9c2e7 has started in 9.3942 ms
2026-05-31 22:17:51.718 +05:30 [DBG] Hangfire.Processing.BackgroundExecution: Execution loop Worker:33f117ba has started in 10.1381 ms
2026-05-31 22:17:51.718 +05:30 [DBG] Hangfire.PostgreSql.ExpirationManager: Removing outdated records from table 'aggregatedcounter'...
2026-05-31 22:17:51.719 +05:30 [DBG] Hangfire.Processing.BackgroundExecution: Execution loop Worker:ae09e620 has started in 11.0242 ms
2026-05-31 22:17:51.720 +05:30 [DBG] Hangfire.Processing.BackgroundExecution: Execution loop Worker:253cdb94 has started in 11.8327 ms
2026-05-31 22:17:51.720 +05:30 [DBG] Hangfire.Processing.BackgroundExecution: Execution loop Worker:6a04d67d has started in 12.3097 ms
2026-05-31 22:17:51.721 +05:30 [DBG] Hangfire.Processing.BackgroundExecution: Execution loop Worker:5330da62 has started in 12.7726 ms
2026-05-31 22:17:51.722 +05:30 [DBG] Hangfire.PostgreSql.CountersAggregator: Aggregating records in 'Counter' table...
2026-05-31 22:17:51.722 +05:30 [DBG] Hangfire.Processing.BackgroundExecution: Execution loop Worker:fadfe57f has started in 13.8188 ms
2026-05-31 22:17:51.722 +05:30 [DBG] Hangfire.Processing.BackgroundExecution: Execution loop Worker:18180fe0 has started in 14.4651 ms
2026-05-31 22:17:51.723 +05:30 [DBG] Hangfire.Processing.BackgroundExecution: Execution loop Worker:98a3c3dc has started in 15.2115 ms
2026-05-31 22:17:51.724 +05:30 [DBG] Hangfire.Processing.BackgroundExecution: Execution loop Worker:7974341d has started in 15.591 ms
2026-05-31 22:17:51.724 +05:30 [DBG] Hangfire.Processing.BackgroundExecution: Execution loop Worker:77f4a0e7 has started in 16.3713 ms
2026-05-31 22:17:51.725 +05:30 [DBG] Hangfire.Processing.BackgroundExecution: Execution loop Worker:912c153a has started in 16.8853 ms
2026-05-31 22:17:51.726 +05:30 [DBG] Hangfire.Processing.BackgroundExecution: Execution loop DelayedJobScheduler:c7556049 has started in 1.2933 ms
2026-05-31 22:17:51.727 +05:30 [DBG] Hangfire.Processing.BackgroundExecution: Execution loop RecurringJobScheduler:ad50fd20 has started in 0.9553 ms
2026-05-31 22:17:51.727 +05:30 [INF] Hangfire.Server.BackgroundServerProcess: Server antonyraj:19416:42ccf628 all the dispatchers started
2026-05-31 22:17:51.983 +05:30 [DBG] Hangfire.PostgreSql.ExpirationManager: Removing outdated records from table 'counter'...
2026-05-31 22:17:52.001 +05:30 [DBG] Hangfire.PostgreSql.ExpirationManager: Removing outdated records from table 'job'...
2026-05-31 22:17:52.016 +05:30 [DBG] Hangfire.PostgreSql.ExpirationManager: Removing outdated records from table 'list'...
2026-05-31 22:17:52.031 +05:30 [DBG] Hangfire.PostgreSql.ExpirationManager: Removing outdated records from table 'set'...
2026-05-31 22:17:52.046 +05:30 [DBG] Hangfire.PostgreSql.ExpirationManager: Removing outdated records from table 'hash'...
2026-05-31 22:18:21.243 +05:30 [ERR] Microsoft.EntityFrameworkCore.Database.Command: Failed executing DbCommand (5ms) [Parameters=[@__p_0='?' (DbType = Int32)], CommandType='"Text"', CommandTimeout='30']
SELECT n."Id", n."CompanyId", n."CreatedAt", n."CreatedBy", n."Error", n."Payload", n."Recipient", n."RetryCount", n."SentAt", n."Status", n."Subject", n."Type", n."UpdatedAt", n."UpdatedBy"
FROM "NotificationQueues" AS n
WHERE n."Type" = 'Email' AND n."SentAt" IS NULL AND n."RetryCount" < 3
LIMIT @__p_0
2026-05-31 22:18:21.298 +05:30 [ERR] Microsoft.EntityFrameworkCore.Query: An exception occurred while iterating over the results of a query for context type 'Flowtap_Infrastructure.Persistence.DbContext.ApplicationDbContext'.
Npgsql.PostgresException (0x80004005): 42703: column n.CompanyId does not exist

POSITION: 16
   at Npgsql.Internal.NpgsqlConnector.ReadMessageLong(Boolean async, DataRowLoadingMode dataRowLoadingMode, Boolean readingNotifications, Boolean isReadingPrependedMessage)
   at System.Runtime.CompilerServices.PoolingAsyncValueTaskMethodBuilder`1.StateMachineBox`1.System.Threading.Tasks.Sources.IValueTaskSource<TResult>.GetResult(Int16 token)
   at Npgsql.NpgsqlDataReader.NextResult(Boolean async, Boolean isConsuming, CancellationToken cancellationToken)
   at Npgsql.NpgsqlDataReader.NextResult(Boolean async, Boolean isConsuming, CancellationToken cancellationToken)
   at Npgsql.NpgsqlCommand.ExecuteReader(Boolean async, CommandBehavior behavior, CancellationToken cancellationToken)
   at Npgsql.NpgsqlCommand.ExecuteReader(Boolean async, CommandBehavior behavior, CancellationToken cancellationToken)
   at Npgsql.NpgsqlCommand.ExecuteDbDataReaderAsync(CommandBehavior behavior, CancellationToken cancellationToken)
   at Microsoft.EntityFrameworkCore.Storage.RelationalCommand.ExecuteReaderAsync(RelationalCommandParameterObject parameterObject, CancellationToken cancellationToken)
   at Microsoft.EntityFrameworkCore.Storage.RelationalCommand.ExecuteReaderAsync(RelationalCommandParameterObject parameterObject, CancellationToken cancellationToken)
   at Microsoft.EntityFrameworkCore.Query.Internal.SingleQueryingEnumerable`1.AsyncEnumerator.InitializeReaderAsync(AsyncEnumerator enumerator, CancellationToken cancellationToken)
   at Npgsql.EntityFrameworkCore.PostgreSQL.Storage.Internal.NpgsqlExecutionStrategy.ExecuteAsync[TState,TResult](TState state, Func`4 operation, Func`4 verifySucceeded, CancellationToken cancellationToken)
   at Microsoft.EntityFrameworkCore.Query.Internal.SingleQueryingEnumerable`1.AsyncEnumerator.MoveNextAsync()
  Exception data:
    Severity: ERROR
    SqlState: 42703
    MessageText: column n.CompanyId does not exist
    Position: 16
    File: parse_relation.c
    Line: 3827
    Routine: errorMissingColumn
Npgsql.PostgresException (0x80004005): 42703: column n.CompanyId does not exist

POSITION: 16
   at Npgsql.Internal.NpgsqlConnector.ReadMessageLong(Boolean async, DataRowLoadingMode dataRowLoadingMode, Boolean readingNotifications, Boolean isReadingPrependedMessage)
   at System.Runtime.CompilerServices.PoolingAsyncValueTaskMethodBuilder`1.StateMachineBox`1.System.Threading.Tasks.Sources.IValueTaskSource<TResult>.GetResult(Int16 token)
   at Npgsql.NpgsqlDataReader.NextResult(Boolean async, Boolean isConsuming, CancellationToken cancellationToken)
   at Npgsql.NpgsqlDataReader.NextResult(Boolean async, Boolean isConsuming, CancellationToken cancellationToken)
   at Npgsql.NpgsqlCommand.ExecuteReader(Boolean async, CommandBehavior behavior, CancellationToken cancellationToken)
   at Npgsql.NpgsqlCommand.ExecuteReader(Boolean async, CommandBehavior behavior, CancellationToken cancellationToken)
   at Npgsql.NpgsqlCommand.ExecuteDbDataReaderAsync(CommandBehavior behavior, CancellationToken cancellationToken)
   at Microsoft.EntityFrameworkCore.Storage.RelationalCommand.ExecuteReaderAsync(RelationalCommandParameterObject parameterObject, CancellationToken cancellationToken)
   at Microsoft.EntityFrameworkCore.Storage.RelationalCommand.ExecuteReaderAsync(RelationalCommandParameterObject parameterObject, CancellationToken cancellationToken)
   at Microsoft.EntityFrameworkCore.Query.Internal.SingleQueryingEnumerable`1.AsyncEnumerator.InitializeReaderAsync(AsyncEnumerator enumerator, CancellationToken cancellationToken)
   at Npgsql.EntityFrameworkCore.PostgreSQL.Storage.Internal.NpgsqlExecutionStrategy.ExecuteAsync[TState,TResult](TState state, Func`4 operation, Func`4 verifySucceeded, CancellationToken cancellationToken)
   at Microsoft.EntityFrameworkCore.Query.Internal.SingleQueryingEnumerable`1.AsyncEnumerator.MoveNextAsync()
  Exception data:
    Severity: ERROR
    SqlState: 42703
    MessageText: column n.CompanyId does not exist
    Position: 16
    File: parse_relation.c
    Line: 3827
    Routine: errorMissingColumn
2026-05-31 22:18:21.330 +05:30 [ERR] Microsoft.EntityFrameworkCore.Database.Command: Failed executing DbCommand (5ms) [Parameters=[@__p_0='?' (DbType = Int32)], CommandType='"Text"', CommandTimeout='30']
SELECT n."Id", n."CompanyId", n."CreatedAt", n."CreatedBy", n."Error", n."Payload", n."Recipient", n."RetryCount", n."SentAt", n."Status", n."Subject", n."Type", n."UpdatedAt", n."UpdatedBy"
FROM "NotificationQueues" AS n
WHERE n."Type" = 'Sms' AND n."SentAt" IS NULL AND n."RetryCount" < 3
LIMIT @__p_0
2026-05-31 22:18:21.347 +05:30 [ERR] Flowtap_Infrastructure.BackgroundJobs.EmailDispatchService: Error processing notification queue
Npgsql.PostgresException (0x80004005): 42703: column n.CompanyId does not exist

POSITION: 16
   at Npgsql.Internal.NpgsqlConnector.ReadMessageLong(Boolean async, DataRowLoadingMode dataRowLoadingMode, Boolean readingNotifications, Boolean isReadingPrependedMessage)
   at System.Runtime.CompilerServices.PoolingAsyncValueTaskMethodBuilder`1.StateMachineBox`1.System.Threading.Tasks.Sources.IValueTaskSource<TResult>.GetResult(Int16 token)
   at Npgsql.NpgsqlDataReader.NextResult(Boolean async, Boolean isConsuming, CancellationToken cancellationToken)
   at Npgsql.NpgsqlDataReader.NextResult(Boolean async, Boolean isConsuming, CancellationToken cancellationToken)
   at Npgsql.NpgsqlCommand.ExecuteReader(Boolean async, CommandBehavior behavior, CancellationToken cancellationToken)
   at Npgsql.NpgsqlCommand.ExecuteReader(Boolean async, CommandBehavior behavior, CancellationToken cancellationToken)
   at Npgsql.NpgsqlCommand.ExecuteDbDataReaderAsync(CommandBehavior behavior, CancellationToken cancellationToken)
   at Microsoft.EntityFrameworkCore.Storage.RelationalCommand.ExecuteReaderAsync(RelationalCommandParameterObject parameterObject, CancellationToken cancellationToken)
   at Microsoft.EntityFrameworkCore.Storage.RelationalCommand.ExecuteReaderAsync(RelationalCommandParameterObject parameterObject, CancellationToken cancellationToken)
   at Microsoft.EntityFrameworkCore.Query.Internal.SingleQueryingEnumerable`1.AsyncEnumerator.InitializeReaderAsync(AsyncEnumerator enumerator, CancellationToken cancellationToken)
   at Npgsql.EntityFrameworkCore.PostgreSQL.Storage.Internal.NpgsqlExecutionStrategy.ExecuteAsync[TState,TResult](TState state, Func`4 operation, Func`4 verifySucceeded, CancellationToken cancellationToken)
   at Microsoft.EntityFrameworkCore.Query.Internal.SingleQueryingEnumerable`1.AsyncEnumerator.MoveNextAsync()
   at Microsoft.EntityFrameworkCore.EntityFrameworkQueryableExtensions.ToListAsync[TSource](IQueryable`1 source, CancellationToken cancellationToken)
   at Microsoft.EntityFrameworkCore.EntityFrameworkQueryableExtensions.ToListAsync[TSource](IQueryable`1 source, CancellationToken cancellationToken)
   at Flowtap_Infrastructure.BackgroundJobs.EmailDispatchService.ProcessPendingEmailsAsync(CancellationToken ct) in D:\Git\Flowtap_MultiSaas_Backend_modern\SharedCore\Flowtap_Infrastructure\BackgroundJobs\EmailDispatchService.cs:line 35
   at Flowtap_Infrastructure.BackgroundJobs.EmailDispatchService.ExecuteAsync(CancellationToken stoppingToken) in D:\Git\Flowtap_MultiSaas_Backend_modern\SharedCore\Flowtap_Infrastructure\BackgroundJobs\EmailDispatchService.cs:line 19
  Exception data:
    Severity: ERROR
    SqlState: 42703
    MessageText: column n.CompanyId does not exist
    Position: 16
    File: parse_relation.c
    Line: 3827
    Routine: errorMissingColumn
2026-05-31 22:18:21.358 +05:30 [ERR] Microsoft.EntityFrameworkCore.Query: An exception occurred while iterating over the results of a query for context type 'Flowtap_Infrastructure.Persistence.DbContext.ApplicationDbContext'.
Npgsql.PostgresException (0x80004005): 42703: column n.CompanyId does not exist

POSITION: 16
   at Npgsql.Internal.NpgsqlConnector.ReadMessageLong(Boolean async, DataRowLoadingMode dataRowLoadingMode, Boolean readingNotifications, Boolean isReadingPrependedMessage)
   at System.Runtime.CompilerServices.PoolingAsyncValueTaskMethodBuilder`1.StateMachineBox`1.System.Threading.Tasks.Sources.IValueTaskSource<TResult>.GetResult(Int16 token)
   at Npgsql.NpgsqlDataReader.NextResult(Boolean async, Boolean isConsuming, CancellationToken cancellationToken)
   at Npgsql.NpgsqlDataReader.NextResult(Boolean async, Boolean isConsuming, CancellationToken cancellationToken)
   at Npgsql.NpgsqlCommand.ExecuteReader(Boolean async, CommandBehavior behavior, CancellationToken cancellationToken)
   at Npgsql.NpgsqlCommand.ExecuteReader(Boolean async, CommandBehavior behavior, CancellationToken cancellationToken)
   at Npgsql.NpgsqlCommand.ExecuteDbDataReaderAsync(CommandBehavior behavior, CancellationToken cancellationToken)
   at Microsoft.EntityFrameworkCore.Storage.RelationalCommand.ExecuteReaderAsync(RelationalCommandParameterObject parameterObject, CancellationToken cancellationToken)
   at Microsoft.EntityFrameworkCore.Storage.RelationalCommand.ExecuteReaderAsync(RelationalCommandParameterObject parameterObject, CancellationToken cancellationToken)
   at Microsoft.EntityFrameworkCore.Query.Internal.SingleQueryingEnumerable`1.AsyncEnumerator.InitializeReaderAsync(AsyncEnumerator enumerator, CancellationToken cancellationToken)
   at Npgsql.EntityFrameworkCore.PostgreSQL.Storage.Internal.NpgsqlExecutionStrategy.ExecuteAsync[TState,TResult](TState state, Func`4 operation, Func`4 verifySucceeded, CancellationToken cancellationToken)
   at Microsoft.EntityFrameworkCore.Query.Internal.SingleQueryingEnumerable`1.AsyncEnumerator.MoveNextAsync()
  Exception data:
    Severity: ERROR
    SqlState: 42703
    MessageText: column n.CompanyId does not exist
    Position: 16
    File: parse_relation.c
    Line: 3827
    Routine: errorMissingColumn
Npgsql.PostgresException (0x80004005): 42703: column n.CompanyId does not exist

POSITION: 16
   at Npgsql.Internal.NpgsqlConnector.ReadMessageLong(Boolean async, DataRowLoadingMode dataRowLoadingMode, Boolean readingNotifications, Boolean isReadingPrependedMessage)
   at System.Runtime.CompilerServices.PoolingAsyncValueTaskMethodBuilder`1.StateMachineBox`1.System.Threading.Tasks.Sources.IValueTaskSource<TResult>.GetResult(Int16 token)
   at Npgsql.NpgsqlDataReader.NextResult(Boolean async, Boolean isConsuming, CancellationToken cancellationToken)
   at Npgsql.NpgsqlDataReader.NextResult(Boolean async, Boolean isConsuming, CancellationToken cancellationToken)
   at Npgsql.NpgsqlCommand.ExecuteReader(Boolean async, CommandBehavior behavior, CancellationToken cancellationToken)
   at Npgsql.NpgsqlCommand.ExecuteReader(Boolean async, CommandBehavior behavior, CancellationToken cancellationToken)
   at Npgsql.NpgsqlCommand.ExecuteDbDataReaderAsync(CommandBehavior behavior, CancellationToken cancellationToken)
   at Microsoft.EntityFrameworkCore.Storage.RelationalCommand.ExecuteReaderAsync(RelationalCommandParameterObject parameterObject, CancellationToken cancellationToken)
   at Microsoft.EntityFrameworkCore.Storage.RelationalCommand.ExecuteReaderAsync(RelationalCommandParameterObject parameterObject, CancellationToken cancellationToken)
   at Microsoft.EntityFrameworkCore.Query.Internal.SingleQueryingEnumerable`1.AsyncEnumerator.InitializeReaderAsync(AsyncEnumerator enumerator, CancellationToken cancellationToken)
   at Npgsql.EntityFrameworkCore.PostgreSQL.Storage.Internal.NpgsqlExecutionStrategy.ExecuteAsync[TState,TResult](TState state, Func`4 operation, Func`4 verifySucceeded, CancellationToken cancellationToken)
   at Microsoft.EntityFrameworkCore.Query.Internal.SingleQueryingEnumerable`1.AsyncEnumerator.MoveNextAsync()
  Exception data:
    Severity: ERROR
    SqlState: 42703
    MessageText: column n.CompanyId does not exist
    Position: 16
    File: parse_relation.c
    Line: 3827
    Routine: errorMissingColumn
2026-05-31 22:18:21.377 +05:30 [ERR] Microsoft.EntityFrameworkCore.Database.Command: Failed executing DbCommand (6ms) [Parameters=[@__p_0='?' (DbType = Int32)], CommandType='"Text"', CommandTimeout='30']
SELECT n."Id", n."CompanyId", n."CreatedAt", n."CreatedBy", n."Error", n."Payload", n."Recipient", n."RetryCount", n."SentAt", n."Status", n."Subject", n."Type", n."UpdatedAt", n."UpdatedBy"
FROM "NotificationQueues" AS n
WHERE n."Type" = 'WhatsApp' AND n."SentAt" IS NULL AND n."RetryCount" < 3
LIMIT @__p_0
2026-05-31 22:18:21.572 +05:30 [ERR] Flowtap_Infrastructure.BackgroundJobs.SmsDispatchService: Error processing SMS notification queue
Npgsql.PostgresException (0x80004005): 42703: column n.CompanyId does not exist

POSITION: 16
   at Npgsql.Internal.NpgsqlConnector.ReadMessageLong(Boolean async, DataRowLoadingMode dataRowLoadingMode, Boolean readingNotifications, Boolean isReadingPrependedMessage)
   at System.Runtime.CompilerServices.PoolingAsyncValueTaskMethodBuilder`1.StateMachineBox`1.System.Threading.Tasks.Sources.IValueTaskSource<TResult>.GetResult(Int16 token)
   at Npgsql.NpgsqlDataReader.NextResult(Boolean async, Boolean isConsuming, CancellationToken cancellationToken)
   at Npgsql.NpgsqlDataReader.NextResult(Boolean async, Boolean isConsuming, CancellationToken cancellationToken)
   at Npgsql.NpgsqlCommand.ExecuteReader(Boolean async, CommandBehavior behavior, CancellationToken cancellationToken)
   at Npgsql.NpgsqlCommand.ExecuteReader(Boolean async, CommandBehavior behavior, CancellationToken cancellationToken)
   at Npgsql.NpgsqlCommand.ExecuteDbDataReaderAsync(CommandBehavior behavior, CancellationToken cancellationToken)
   at Microsoft.EntityFrameworkCore.Storage.RelationalCommand.ExecuteReaderAsync(RelationalCommandParameterObject parameterObject, CancellationToken cancellationToken)
   at Microsoft.EntityFrameworkCore.Storage.RelationalCommand.ExecuteReaderAsync(RelationalCommandParameterObject parameterObject, CancellationToken cancellationToken)
   at Microsoft.EntityFrameworkCore.Query.Internal.SingleQueryingEnumerable`1.AsyncEnumerator.InitializeReaderAsync(AsyncEnumerator enumerator, CancellationToken cancellationToken)
   at Npgsql.EntityFrameworkCore.PostgreSQL.Storage.Internal.NpgsqlExecutionStrategy.ExecuteAsync[TState,TResult](TState state, Func`4 operation, Func`4 verifySucceeded, CancellationToken cancellationToken)
   at Microsoft.EntityFrameworkCore.Query.Internal.SingleQueryingEnumerable`1.AsyncEnumerator.MoveNextAsync()
   at Microsoft.EntityFrameworkCore.EntityFrameworkQueryableExtensions.ToListAsync[TSource](IQueryable`1 source, CancellationToken cancellationToken)
   at Microsoft.EntityFrameworkCore.EntityFrameworkQueryableExtensions.ToListAsync[TSource](IQueryable`1 source, CancellationToken cancellationToken)
   at Flowtap_Infrastructure.BackgroundJobs.SmsDispatchService.ProcessPendingSmsAsync(CancellationToken ct) in D:\Git\Flowtap_MultiSaas_Backend_modern\SharedCore\Flowtap_Infrastructure\BackgroundJobs\SmsDispatchService.cs:line 45
   at Flowtap_Infrastructure.BackgroundJobs.SmsDispatchService.ExecuteAsync(CancellationToken stoppingToken) in D:\Git\Flowtap_MultiSaas_Backend_modern\SharedCore\Flowtap_Infrastructure\BackgroundJobs\SmsDispatchService.cs:line 29
  Exception data:
    Severity: ERROR
    SqlState: 42703
    MessageText: column n.CompanyId does not exist
    Position: 16
    File: parse_relation.c
    Line: 3827
    Routine: errorMissingColumn
2026-05-31 22:18:21.590 +05:30 [ERR] Microsoft.EntityFrameworkCore.Query: An exception occurred while iterating over the results of a query for context type 'Flowtap_Infrastructure.Persistence.DbContext.ApplicationDbContext'.
Npgsql.PostgresException (0x80004005): 42703: column n.CompanyId does not exist

POSITION: 16
   at Npgsql.Internal.NpgsqlConnector.ReadMessageLong(Boolean async, DataRowLoadingMode dataRowLoadingMode, Boolean readingNotifications, Boolean isReadingPrependedMessage)
   at System.Runtime.CompilerServices.PoolingAsyncValueTaskMethodBuilder`1.StateMachineBox`1.System.Threading.Tasks.Sources.IValueTaskSource<TResult>.GetResult(Int16 token)
   at Npgsql.NpgsqlDataReader.NextResult(Boolean async, Boolean isConsuming, CancellationToken cancellationToken)
   at Npgsql.NpgsqlDataReader.NextResult(Boolean async, Boolean isConsuming, CancellationToken cancellationToken)
   at Npgsql.NpgsqlCommand.ExecuteReader(Boolean async, CommandBehavior behavior, CancellationToken cancellationToken)
   at Npgsql.NpgsqlCommand.ExecuteReader(Boolean async, CommandBehavior behavior, CancellationToken cancellationToken)
   at Npgsql.NpgsqlCommand.ExecuteDbDataReaderAsync(CommandBehavior behavior, CancellationToken cancellationToken)
   at Microsoft.EntityFrameworkCore.Storage.RelationalCommand.ExecuteReaderAsync(RelationalCommandParameterObject parameterObject, CancellationToken cancellationToken)
   at Microsoft.EntityFrameworkCore.Storage.RelationalCommand.ExecuteReaderAsync(RelationalCommandParameterObject parameterObject, CancellationToken cancellationToken)
   at Microsoft.EntityFrameworkCore.Query.Internal.SingleQueryingEnumerable`1.AsyncEnumerator.InitializeReaderAsync(AsyncEnumerator enumerator, CancellationToken cancellationToken)
   at Npgsql.EntityFrameworkCore.PostgreSQL.Storage.Internal.NpgsqlExecutionStrategy.ExecuteAsync[TState,TResult](TState state, Func`4 operation, Func`4 verifySucceeded, CancellationToken cancellationToken)
   at Microsoft.EntityFrameworkCore.Query.Internal.SingleQueryingEnumerable`1.AsyncEnumerator.MoveNextAsync()
  Exception data:
    Severity: ERROR
    SqlState: 42703
    MessageText: column n.CompanyId does not exist
    Position: 16
    File: parse_relation.c
    Line: 3827
    Routine: errorMissingColumn
Npgsql.PostgresException (0x80004005): 42703: column n.CompanyId does not exist

POSITION: 16
   at Npgsql.Internal.NpgsqlConnector.ReadMessageLong(Boolean async, DataRowLoadingMode dataRowLoadingMode, Boolean readingNotifications, Boolean isReadingPrependedMessage)
   at System.Runtime.CompilerServices.PoolingAsyncValueTaskMethodBuilder`1.StateMachineBox`1.System.Threading.Tasks.Sources.IValueTaskSource<TResult>.GetResult(Int16 token)
   at Npgsql.NpgsqlDataReader.NextResult(Boolean async, Boolean isConsuming, CancellationToken cancellationToken)
   at Npgsql.NpgsqlDataReader.NextResult(Boolean async, Boolean isConsuming, CancellationToken cancellationToken)
   at Npgsql.NpgsqlCommand.ExecuteReader(Boolean async, CommandBehavior behavior, CancellationToken cancellationToken)
   at Npgsql.NpgsqlCommand.ExecuteReader(Boolean async, CommandBehavior behavior, CancellationToken cancellationToken)
   at Npgsql.NpgsqlCommand.ExecuteDbDataReaderAsync(CommandBehavior behavior, CancellationToken cancellationToken)
   at Microsoft.EntityFrameworkCore.Storage.RelationalCommand.ExecuteReaderAsync(RelationalCommandParameterObject parameterObject, CancellationToken cancellationToken)
   at Microsoft.EntityFrameworkCore.Storage.RelationalCommand.ExecuteReaderAsync(RelationalCommandParameterObject parameterObject, CancellationToken cancellationToken)
   at Microsoft.EntityFrameworkCore.Query.Internal.SingleQueryingEnumerable`1.AsyncEnumerator.InitializeReaderAsync(AsyncEnumerator enumerator, CancellationToken cancellationToken)
   at Npgsql.EntityFrameworkCore.PostgreSQL.Storage.Internal.NpgsqlExecutionStrategy.ExecuteAsync[TState,TResult](TState state, Func`4 operation, Func`4 verifySucceeded, CancellationToken cancellationToken)
   at Microsoft.EntityFrameworkCore.Query.Internal.SingleQueryingEnumerable`1.AsyncEnumerator.MoveNextAsync()
  Exception data:
    Severity: ERROR
    SqlState: 42703
    MessageText: column n.CompanyId does not exist
    Position: 16
    File: parse_relation.c
    Line: 3827
    Routine: errorMissingColumn
2026-05-31 22:18:21.635 +05:30 [ERR] Flowtap_Infrastructure.BackgroundJobs.WhatsAppDispatchService: Error processing WhatsApp notification queue
Npgsql.PostgresException (0x80004005): 42703: column n.CompanyId does not exist

POSITION: 16
   at Npgsql.Internal.NpgsqlConnector.ReadMessageLong(Boolean async, DataRowLoadingMode dataRowLoadingMode, Boolean readingNotifications, Boolean isReadingPrependedMessage)
   at System.Runtime.CompilerServices.PoolingAsyncValueTaskMethodBuilder`1.StateMachineBox`1.System.Threading.Tasks.Sources.IValueTaskSource<TResult>.GetResult(Int16 token)
   at Npgsql.NpgsqlDataReader.NextResult(Boolean async, Boolean isConsuming, CancellationToken cancellationToken)
   at Npgsql.NpgsqlDataReader.NextResult(Boolean async, Boolean isConsuming, CancellationToken cancellationToken)
   at Npgsql.NpgsqlCommand.ExecuteReader(Boolean async, CommandBehavior behavior, CancellationToken cancellationToken)
   at Npgsql.NpgsqlCommand.ExecuteReader(Boolean async, CommandBehavior behavior, CancellationToken cancellationToken)
   at Npgsql.NpgsqlCommand.ExecuteDbDataReaderAsync(CommandBehavior behavior, CancellationToken cancellationToken)
   at Microsoft.EntityFrameworkCore.Storage.RelationalCommand.ExecuteReaderAsync(RelationalCommandParameterObject parameterObject, CancellationToken cancellationToken)
   at Microsoft.EntityFrameworkCore.Storage.RelationalCommand.ExecuteReaderAsync(RelationalCommandParameterObject parameterObject, CancellationToken cancellationToken)
   at Microsoft.EntityFrameworkCore.Query.Internal.SingleQueryingEnumerable`1.AsyncEnumerator.InitializeReaderAsync(AsyncEnumerator enumerator, CancellationToken cancellationToken)
   at Npgsql.EntityFrameworkCore.PostgreSQL.Storage.Internal.NpgsqlExecutionStrategy.ExecuteAsync[TState,TResult](TState state, Func`4 operation, Func`4 verifySucceeded, CancellationToken cancellationToken)
   at Microsoft.EntityFrameworkCore.Query.Internal.SingleQueryingEnumerable`1.AsyncEnumerator.MoveNextAsync()
   at Microsoft.EntityFrameworkCore.EntityFrameworkQueryableExtensions.ToListAsync[TSource](IQueryable`1 source, CancellationToken cancellationToken)
   at Microsoft.EntityFrameworkCore.EntityFrameworkQueryableExtensions.ToListAsync[TSource](IQueryable`1 source, CancellationToken cancellationToken)
   at Flowtap_Infrastructure.BackgroundJobs.WhatsAppDispatchService.ProcessPendingWhatsAppAsync(CancellationToken ct) in D:\Git\Flowtap_MultiSaas_Backend_modern\SharedCore\Flowtap_Infrastructure\BackgroundJobs\WhatsAppDispatchService.cs:line 45
   at Flowtap_Infrastructure.BackgroundJobs.WhatsAppDispatchService.ExecuteAsync(CancellationToken stoppingToken) in D:\Git\Flowtap_MultiSaas_Backend_modern\SharedCore\Flowtap_Infrastructure\BackgroundJobs\WhatsAppDispatchService.cs:line 29
  Exception data:
    Severity: ERROR
    SqlState: 42703
    MessageText: column n.CompanyId does not exist
    Position: 16
    File: parse_relation.c
    Line: 3827
    Routine: errorMissingColumn
2026-05-31 22:18:21.725 +05:30 [DBG] Hangfire.Server.ServerHeartbeatProcess: Server antonyraj:19416:42ccf628 heartbeat successfully sent
2026-05-31 22:18:51.474 +05:30 [ERR] Microsoft.EntityFrameworkCore.Database.Command: Failed executing DbCommand (5ms) [Parameters=[@__p_0='?' (DbType = Int32)], CommandType='"Text"', CommandTimeout='30']
SELECT n."Id", n."CompanyId", n."CreatedAt", n."CreatedBy", n."Error", n."Payload", n."Recipient", n."RetryCount", n."SentAt", n."Status", n."Subject", n."Type", n."UpdatedAt", n."UpdatedBy"
FROM "NotificationQueues" AS n
WHERE n."Type" = 'Email' AND n."SentAt" IS NULL AND n."RetryCount" < 3
LIMIT @__p_0
2026-05-31 22:18:51.518 +05:30 [ERR] Microsoft.EntityFrameworkCore.Query: An exception occurred while iterating over the results of a query for context type 'Flowtap_Infrastructure.Persistence.DbContext.ApplicationDbContext'.
Npgsql.PostgresException (0x80004005): 42703: column n.CompanyId does not exist

POSITION: 16
   at Npgsql.Internal.NpgsqlConnector.ReadMessageLong(Boolean async, DataRowLoadingMode dataRowLoadingMode, Boolean readingNotifications, Boolean isReadingPrependedMessage)
   at System.Runtime.CompilerServices.PoolingAsyncValueTaskMethodBuilder`1.StateMachineBox`1.System.Threading.Tasks.Sources.IValueTaskSource<TResult>.GetResult(Int16 token)
   at Npgsql.NpgsqlDataReader.NextResult(Boolean async, Boolean isConsuming, CancellationToken cancellationToken)
   at Npgsql.NpgsqlDataReader.NextResult(Boolean async, Boolean isConsuming, CancellationToken cancellationToken)
   at Npgsql.NpgsqlCommand.ExecuteReader(Boolean async, CommandBehavior behavior, CancellationToken cancellationToken)
   at Npgsql.NpgsqlCommand.ExecuteReader(Boolean async, CommandBehavior behavior, CancellationToken cancellationToken)
   at Npgsql.NpgsqlCommand.ExecuteDbDataReaderAsync(CommandBehavior behavior, CancellationToken cancellationToken)
   at Microsoft.EntityFrameworkCore.Storage.RelationalCommand.ExecuteReaderAsync(RelationalCommandParameterObject parameterObject, CancellationToken cancellationToken)
   at Microsoft.EntityFrameworkCore.Storage.RelationalCommand.ExecuteReaderAsync(RelationalCommandParameterObject parameterObject, CancellationToken cancellationToken)
   at Microsoft.EntityFrameworkCore.Query.Internal.SingleQueryingEnumerable`1.AsyncEnumerator.InitializeReaderAsync(AsyncEnumerator enumerator, CancellationToken cancellationToken)
   at Npgsql.EntityFrameworkCore.PostgreSQL.Storage.Internal.NpgsqlExecutionStrategy.ExecuteAsync[TState,TResult](TState state, Func`4 operation, Func`4 verifySucceeded, CancellationToken cancellationToken)
   at Microsoft.EntityFrameworkCore.Query.Internal.SingleQueryingEnumerable`1.AsyncEnumerator.MoveNextAsync()
  Exception data:
    Severity: ERROR
    SqlState: 42703
    MessageText: column n.CompanyId does not exist
    Position: 16
    File: parse_relation.c
    Line: 3827
    Routine: errorMissingColumn
Npgsql.PostgresException (0x80004005): 42703: column n.CompanyId does not exist

POSITION: 16
   at Npgsql.Internal.NpgsqlConnector.ReadMessageLong(Boolean async, DataRowLoadingMode dataRowLoadingMode, Boolean readingNotifications, Boolean isReadingPrependedMessage)
   at System.Runtime.CompilerServices.PoolingAsyncValueTaskMethodBuilder`1.StateMachineBox`1.System.Threading.Tasks.Sources.IValueTaskSource<TResult>.GetResult(Int16 token)
   at Npgsql.NpgsqlDataReader.NextResult(Boolean async, Boolean isConsuming, CancellationToken cancellationToken)
   at Npgsql.NpgsqlDataReader.NextResult(Boolean async, Boolean isConsuming, CancellationToken cancellationToken)
   at Npgsql.NpgsqlCommand.ExecuteReader(Boolean async, CommandBehavior behavior, CancellationToken cancellationToken)
   at Npgsql.NpgsqlCommand.ExecuteReader(Boolean async, CommandBehavior behavior, CancellationToken cancellationToken)
   at Npgsql.NpgsqlCommand.ExecuteDbDataReaderAsync(CommandBehavior behavior, CancellationToken cancellationToken)
   at Microsoft.EntityFrameworkCore.Storage.RelationalCommand.ExecuteReaderAsync(RelationalCommandParameterObject parameterObject, CancellationToken cancellationToken)
   at Microsoft.EntityFrameworkCore.Storage.RelationalCommand.ExecuteReaderAsync(RelationalCommandParameterObject parameterObject, CancellationToken cancellationToken)
   at Microsoft.EntityFrameworkCore.Query.Internal.SingleQueryingEnumerable`1.AsyncEnumerator.InitializeReaderAsync(AsyncEnumerator enumerator, CancellationToken cancellationToken)
   at Npgsql.EntityFrameworkCore.PostgreSQL.Storage.Internal.NpgsqlExecutionStrategy.ExecuteAsync[TState,TResult](TState state, Func`4 operation, Func`4 verifySucceeded, CancellationToken cancellationToken)
   at Microsoft.EntityFrameworkCore.Query.Internal.SingleQueryingEnumerable`1.AsyncEnumerator.MoveNextAsync()
  Exception data:
    Severity: ERROR
    SqlState: 42703
    MessageText: column n.CompanyId does not exist
    Position: 16
    File: parse_relation.c
    Line: 3827
    Routine: errorMissingColumn
2026-05-31 22:18:51.556 +05:30 [ERR] Flowtap_Infrastructure.BackgroundJobs.EmailDispatchService: Error processing notification queue
Npgsql.PostgresException (0x80004005): 42703: column n.CompanyId does not exist

POSITION: 16
   at Npgsql.Internal.NpgsqlConnector.ReadMessageLong(Boolean async, DataRowLoadingMode dataRowLoadingMode, Boolean readingNotifications, Boolean isReadingPrependedMessage)
   at System.Runtime.CompilerServices.PoolingAsyncValueTaskMethodBuilder`1.StateMachineBox`1.System.Threading.Tasks.Sources.IValueTaskSource<TResult>.GetResult(Int16 token)
   at Npgsql.NpgsqlDataReader.NextResult(Boolean async, Boolean isConsuming, CancellationToken cancellationToken)
   at Npgsql.NpgsqlDataReader.NextResult(Boolean async, Boolean isConsuming, CancellationToken cancellationToken)
   at Npgsql.NpgsqlCommand.ExecuteReader(Boolean async, CommandBehavior behavior, CancellationToken cancellationToken)
   at Npgsql.NpgsqlCommand.ExecuteReader(Boolean async, CommandBehavior behavior, CancellationToken cancellationToken)
   at Npgsql.NpgsqlCommand.ExecuteDbDataReaderAsync(CommandBehavior behavior, CancellationToken cancellationToken)
   at Microsoft.EntityFrameworkCore.Storage.RelationalCommand.ExecuteReaderAsync(RelationalCommandParameterObject parameterObject, CancellationToken cancellationToken)
   at Microsoft.EntityFrameworkCore.Storage.RelationalCommand.ExecuteReaderAsync(RelationalCommandParameterObject parameterObject, CancellationToken cancellationToken)
   at Microsoft.EntityFrameworkCore.Query.Internal.SingleQueryingEnumerable`1.AsyncEnumerator.InitializeReaderAsync(AsyncEnumerator enumerator, CancellationToken cancellationToken)
   at Npgsql.EntityFrameworkCore.PostgreSQL.Storage.Internal.NpgsqlExecutionStrategy.ExecuteAsync[TState,TResult](TState state, Func`4 operation, Func`4 verifySucceeded, CancellationToken cancellationToken)
   at Microsoft.EntityFrameworkCore.Query.Internal.SingleQueryingEnumerable`1.AsyncEnumerator.MoveNextAsync()
   at Microsoft.EntityFrameworkCore.EntityFrameworkQueryableExtensions.ToListAsync[TSource](IQueryable`1 source, CancellationToken cancellationToken)
   at Microsoft.EntityFrameworkCore.EntityFrameworkQueryableExtensions.ToListAsync[TSource](IQueryable`1 source, CancellationToken cancellationToken)
   at Flowtap_Infrastructure.BackgroundJobs.EmailDispatchService.ProcessPendingEmailsAsync(CancellationToken ct) in D:\Git\Flowtap_MultiSaas_Backend_modern\SharedCore\Flowtap_Infrastructure\BackgroundJobs\EmailDispatchService.cs:line 35
   at Flowtap_Infrastructure.BackgroundJobs.EmailDispatchService.ExecuteAsync(CancellationToken stoppingToken) in D:\Git\Flowtap_MultiSaas_Backend_modern\SharedCore\Flowtap_Infrastructure\BackgroundJobs\EmailDispatchService.cs:line 19
  Exception data:
    Severity: ERROR
    SqlState: 42703
    MessageText: column n.CompanyId does not exist
    Position: 16
    File: parse_relation.c
    Line: 3827
    Routine: errorMissingColumn
2026-05-31 22:18:51.627 +05:30 [ERR] Microsoft.EntityFrameworkCore.Database.Command: Failed executing DbCommand (2ms) [Parameters=[@__p_0='?' (DbType = Int32)], CommandType='"Text"', CommandTimeout='30']
SELECT n."Id", n."CompanyId", n."CreatedAt", n."CreatedBy", n."Error", n."Payload", n."Recipient", n."RetryCount", n."SentAt", n."Status", n."Subject", n."Type", n."UpdatedAt", n."UpdatedBy"
FROM "NotificationQueues" AS n
WHERE n."Type" = 'Sms' AND n."SentAt" IS NULL AND n."RetryCount" < 3
LIMIT @__p_0
2026-05-31 22:18:51.635 +05:30 [ERR] Microsoft.EntityFrameworkCore.Query: An exception occurred while iterating over the results of a query for context type 'Flowtap_Infrastructure.Persistence.DbContext.ApplicationDbContext'.
Npgsql.PostgresException (0x80004005): 42703: column n.CompanyId does not exist

POSITION: 16
   at Npgsql.Internal.NpgsqlConnector.ReadMessageLong(Boolean async, DataRowLoadingMode dataRowLoadingMode, Boolean readingNotifications, Boolean isReadingPrependedMessage)
   at System.Runtime.CompilerServices.PoolingAsyncValueTaskMethodBuilder`1.StateMachineBox`1.System.Threading.Tasks.Sources.IValueTaskSource<TResult>.GetResult(Int16 token)
   at Npgsql.NpgsqlDataReader.NextResult(Boolean async, Boolean isConsuming, CancellationToken cancellationToken)
   at Npgsql.NpgsqlDataReader.NextResult(Boolean async, Boolean isConsuming, CancellationToken cancellationToken)
   at Npgsql.NpgsqlCommand.ExecuteReader(Boolean async, CommandBehavior behavior, CancellationToken cancellationToken)
   at Npgsql.NpgsqlCommand.ExecuteReader(Boolean async, CommandBehavior behavior, CancellationToken cancellationToken)
   at Npgsql.NpgsqlCommand.ExecuteDbDataReaderAsync(CommandBehavior behavior, CancellationToken cancellationToken)
   at Microsoft.EntityFrameworkCore.Storage.RelationalCommand.ExecuteReaderAsync(RelationalCommandParameterObject parameterObject, CancellationToken cancellationToken)
   at Microsoft.EntityFrameworkCore.Storage.RelationalCommand.ExecuteReaderAsync(RelationalCommandParameterObject parameterObject, CancellationToken cancellationToken)
   at Microsoft.EntityFrameworkCore.Query.Internal.SingleQueryingEnumerable`1.AsyncEnumerator.InitializeReaderAsync(AsyncEnumerator enumerator, CancellationToken cancellationToken)
   at Npgsql.EntityFrameworkCore.PostgreSQL.Storage.Internal.NpgsqlExecutionStrategy.ExecuteAsync[TState,TResult](TState state, Func`4 operation, Func`4 verifySucceeded, CancellationToken cancellationToken)
   at Microsoft.EntityFrameworkCore.Query.Internal.SingleQueryingEnumerable`1.AsyncEnumerator.MoveNextAsync()
  Exception data:
    Severity: ERROR
    SqlState: 42703
    MessageText: column n.CompanyId does not exist
    Position: 16
    File: parse_relation.c
    Line: 3827
    Routine: errorMissingColumn
Npgsql.PostgresException (0x80004005): 42703: column n.CompanyId does not exist

POSITION: 16
   at Npgsql.Internal.NpgsqlConnector.ReadMessageLong(Boolean async, DataRowLoadingMode dataRowLoadingMode, Boolean readingNotifications, Boolean isReadingPrependedMessage)
   at System.Runtime.CompilerServices.PoolingAsyncValueTaskMethodBuilder`1.StateMachineBox`1.System.Threading.Tasks.Sources.IValueTaskSource<TResult>.GetResult(Int16 token)
   at Npgsql.NpgsqlDataReader.NextResult(Boolean async, Boolean isConsuming, CancellationToken cancellationToken)
   at Npgsql.NpgsqlDataReader.NextResult(Boolean async, Boolean isConsuming, CancellationToken cancellationToken)
   at Npgsql.NpgsqlCommand.ExecuteReader(Boolean async, CommandBehavior behavior, CancellationToken cancellationToken)
   at Npgsql.NpgsqlCommand.ExecuteReader(Boolean async, CommandBehavior behavior, CancellationToken cancellationToken)
   at Npgsql.NpgsqlCommand.ExecuteDbDataReaderAsync(CommandBehavior behavior, CancellationToken cancellationToken)
   at Microsoft.EntityFrameworkCore.Storage.RelationalCommand.ExecuteReaderAsync(RelationalCommandParameterObject parameterObject, CancellationToken cancellationToken)
   at Microsoft.EntityFrameworkCore.Storage.RelationalCommand.ExecuteReaderAsync(RelationalCommandParameterObject parameterObject, CancellationToken cancellationToken)
   at Microsoft.EntityFrameworkCore.Query.Internal.SingleQueryingEnumerable`1.AsyncEnumerator.InitializeReaderAsync(AsyncEnumerator enumerator, CancellationToken cancellationToken)
   at Npgsql.EntityFrameworkCore.PostgreSQL.Storage.Internal.NpgsqlExecutionStrategy.ExecuteAsync[TState,TResult](TState state, Func`4 operation, Func`4 verifySucceeded, CancellationToken cancellationToken)
   at Microsoft.EntityFrameworkCore.Query.Internal.SingleQueryingEnumerable`1.AsyncEnumerator.MoveNextAsync()
  Exception data:
    Severity: ERROR
    SqlState: 42703
    MessageText: column n.CompanyId does not exist
    Position: 16
    File: parse_relation.c
    Line: 3827
    Routine: errorMissingColumn
2026-05-31 22:18:51.677 +05:30 [ERR] Microsoft.EntityFrameworkCore.Database.Command: Failed executing DbCommand (5ms) [Parameters=[@__p_0='?' (DbType = Int32)], CommandType='"Text"', CommandTimeout='30']
SELECT n."Id", n."CompanyId", n."CreatedAt", n."CreatedBy", n."Error", n."Payload", n."Recipient", n."RetryCount", n."SentAt", n."Status", n."Subject", n."Type", n."UpdatedAt", n."UpdatedBy"
FROM "NotificationQueues" AS n
WHERE n."Type" = 'WhatsApp' AND n."SentAt" IS NULL AND n."RetryCount" < 3
LIMIT @__p_0
2026-05-31 22:18:51.693 +05:30 [ERR] Flowtap_Infrastructure.BackgroundJobs.SmsDispatchService: Error processing SMS notification queue
Npgsql.PostgresException (0x80004005): 42703: column n.CompanyId does not exist

POSITION: 16
   at Npgsql.Internal.NpgsqlConnector.ReadMessageLong(Boolean async, DataRowLoadingMode dataRowLoadingMode, Boolean readingNotifications, Boolean isReadingPrependedMessage)
   at System.Runtime.CompilerServices.PoolingAsyncValueTaskMethodBuilder`1.StateMachineBox`1.System.Threading.Tasks.Sources.IValueTaskSource<TResult>.GetResult(Int16 token)
   at Npgsql.NpgsqlDataReader.NextResult(Boolean async, Boolean isConsuming, CancellationToken cancellationToken)
   at Npgsql.NpgsqlDataReader.NextResult(Boolean async, Boolean isConsuming, CancellationToken cancellationToken)
   at Npgsql.NpgsqlCommand.ExecuteReader(Boolean async, CommandBehavior behavior, CancellationToken cancellationToken)
   at Npgsql.NpgsqlCommand.ExecuteReader(Boolean async, CommandBehavior behavior, CancellationToken cancellationToken)
   at Npgsql.NpgsqlCommand.ExecuteDbDataReaderAsync(CommandBehavior behavior, CancellationToken cancellationToken)
   at Microsoft.EntityFrameworkCore.Storage.RelationalCommand.ExecuteReaderAsync(RelationalCommandParameterObject parameterObject, CancellationToken cancellationToken)
   at Microsoft.EntityFrameworkCore.Storage.RelationalCommand.ExecuteReaderAsync(RelationalCommandParameterObject parameterObject, CancellationToken cancellationToken)
   at Microsoft.EntityFrameworkCore.Query.Internal.SingleQueryingEnumerable`1.AsyncEnumerator.InitializeReaderAsync(AsyncEnumerator enumerator, CancellationToken cancellationToken)
   at Npgsql.EntityFrameworkCore.PostgreSQL.Storage.Internal.NpgsqlExecutionStrategy.ExecuteAsync[TState,TResult](TState state, Func`4 operation, Func`4 verifySucceeded, CancellationToken cancellationToken)
   at Microsoft.EntityFrameworkCore.Query.Internal.SingleQueryingEnumerable`1.AsyncEnumerator.MoveNextAsync()
   at Microsoft.EntityFrameworkCore.EntityFrameworkQueryableExtensions.ToListAsync[TSource](IQueryable`1 source, CancellationToken cancellationToken)
   at Microsoft.EntityFrameworkCore.EntityFrameworkQueryableExtensions.ToListAsync[TSource](IQueryable`1 source, CancellationToken cancellationToken)
   at Flowtap_Infrastructure.BackgroundJobs.SmsDispatchService.ProcessPendingSmsAsync(CancellationToken ct) in D:\Git\Flowtap_MultiSaas_Backend_modern\SharedCore\Flowtap_Infrastructure\BackgroundJobs\SmsDispatchService.cs:line 45
   at Flowtap_Infrastructure.BackgroundJobs.SmsDispatchService.ExecuteAsync(CancellationToken stoppingToken) in D:\Git\Flowtap_MultiSaas_Backend_modern\SharedCore\Flowtap_Infrastructure\BackgroundJobs\SmsDispatchService.cs:line 29
  Exception data:
    Severity: ERROR
    SqlState: 42703
    MessageText: column n.CompanyId does not exist
    Position: 16
    File: parse_relation.c
    Line: 3827
    Routine: errorMissingColumn
2026-05-31 22:18:51.705 +05:30 [ERR] Microsoft.EntityFrameworkCore.Query: An exception occurred while iterating over the results of a query for context type 'Flowtap_Infrastructure.Persistence.DbContext.ApplicationDbContext'.
Npgsql.PostgresException (0x80004005): 42703: column n.CompanyId does not exist

POSITION: 16
   at Npgsql.Internal.NpgsqlConnector.ReadMessageLong(Boolean async, DataRowLoadingMode dataRowLoadingMode, Boolean readingNotifications, Boolean isReadingPrependedMessage)
   at System.Runtime.CompilerServices.PoolingAsyncValueTaskMethodBuilder`1.StateMachineBox`1.System.Threading.Tasks.Sources.IValueTaskSource<TResult>.GetResult(Int16 token)
   at Npgsql.NpgsqlDataReader.NextResult(Boolean async, Boolean isConsuming, CancellationToken cancellationToken)
   at Npgsql.NpgsqlDataReader.NextResult(Boolean async, Boolean isConsuming, CancellationToken cancellationToken)
   at Npgsql.NpgsqlCommand.ExecuteReader(Boolean async, CommandBehavior behavior, CancellationToken cancellationToken)
   at Npgsql.NpgsqlCommand.ExecuteReader(Boolean async, CommandBehavior behavior, CancellationToken cancellationToken)
   at Npgsql.NpgsqlCommand.ExecuteDbDataReaderAsync(CommandBehavior behavior, CancellationToken cancellationToken)
   at Microsoft.EntityFrameworkCore.Storage.RelationalCommand.ExecuteReaderAsync(RelationalCommandParameterObject parameterObject, CancellationToken cancellationToken)
   at Microsoft.EntityFrameworkCore.Storage.RelationalCommand.ExecuteReaderAsync(RelationalCommandParameterObject parameterObject, CancellationToken cancellationToken)
   at Microsoft.EntityFrameworkCore.Query.Internal.SingleQueryingEnumerable`1.AsyncEnumerator.InitializeReaderAsync(AsyncEnumerator enumerator, CancellationToken cancellationToken)
   at Npgsql.EntityFrameworkCore.PostgreSQL.Storage.Internal.NpgsqlExecutionStrategy.ExecuteAsync[TState,TResult](TState state, Func`4 operation, Func`4 verifySucceeded, CancellationToken cancellationToken)
   at Microsoft.EntityFrameworkCore.Query.Internal.SingleQueryingEnumerable`1.AsyncEnumerator.MoveNextAsync()
  Exception data:
    Severity: ERROR
    SqlState: 42703
    MessageText: column n.CompanyId does not exist
    Position: 16
    File: parse_relation.c
    Line: 3827
    Routine: errorMissingColumn
Npgsql.PostgresException (0x80004005): 42703: column n.CompanyId does not exist

POSITION: 16
   at Npgsql.Internal.NpgsqlConnector.ReadMessageLong(Boolean async, DataRowLoadingMode dataRowLoadingMode, Boolean readingNotifications, Boolean isReadingPrependedMessage)
   at System.Runtime.CompilerServices.PoolingAsyncValueTaskMethodBuilder`1.StateMachineBox`1.System.Threading.Tasks.Sources.IValueTaskSource<TResult>.GetResult(Int16 token)
   at Npgsql.NpgsqlDataReader.NextResult(Boolean async, Boolean isConsuming, CancellationToken cancellationToken)
   at Npgsql.NpgsqlDataReader.NextResult(Boolean async, Boolean isConsuming, CancellationToken cancellationToken)
   at Npgsql.NpgsqlCommand.ExecuteReader(Boolean async, CommandBehavior behavior, CancellationToken cancellationToken)
   at Npgsql.NpgsqlCommand.ExecuteReader(Boolean async, CommandBehavior behavior, CancellationToken cancellationToken)
   at Npgsql.NpgsqlCommand.ExecuteDbDataReaderAsync(CommandBehavior behavior, CancellationToken cancellationToken)
   at Microsoft.EntityFrameworkCore.Storage.RelationalCommand.ExecuteReaderAsync(RelationalCommandParameterObject parameterObject, CancellationToken cancellationToken)
   at Microsoft.EntityFrameworkCore.Storage.RelationalCommand.ExecuteReaderAsync(RelationalCommandParameterObject parameterObject, CancellationToken cancellationToken)
   at Microsoft.EntityFrameworkCore.Query.Internal.SingleQueryingEnumerable`1.AsyncEnumerator.InitializeReaderAsync(AsyncEnumerator enumerator, CancellationToken cancellationToken)
   at Npgsql.EntityFrameworkCore.PostgreSQL.Storage.Internal.NpgsqlExecutionStrategy.ExecuteAsync[TState,TResult](TState state, Func`4 operation, Func`4 verifySucceeded, CancellationToken cancellationToken)
   at Microsoft.EntityFrameworkCore.Query.Internal.SingleQueryingEnumerable`1.AsyncEnumerator.MoveNextAsync()
  Exception data:
    Severity: ERROR
    SqlState: 42703
    MessageText: column n.CompanyId does not exist
    Position: 16
    File: parse_relation.c
    Line: 3827
    Routine: errorMissingColumn
2026-05-31 22:18:51.731 +05:30 [DBG] Hangfire.Server.ServerHeartbeatProcess: Server antonyraj:19416:42ccf628 heartbeat successfully sent
2026-05-31 22:18:52.097 +05:30 [ERR] Flowtap_Infrastructure.BackgroundJobs.WhatsAppDispatchService: Error processing WhatsApp notification queue
Npgsql.PostgresException (0x80004005): 42703: column n.CompanyId does not exist

POSITION: 16
   at Npgsql.Internal.NpgsqlConnector.ReadMessageLong(Boolean async, DataRowLoadingMode dataRowLoadingMode, Boolean readingNotifications, Boolean isReadingPrependedMessage)
   at System.Runtime.CompilerServices.PoolingAsyncValueTaskMethodBuilder`1.StateMachineBox`1.System.Threading.Tasks.Sources.IValueTaskSource<TResult>.GetResult(Int16 token)
   at Npgsql.NpgsqlDataReader.NextResult(Boolean async, Boolean isConsuming, CancellationToken cancellationToken)
   at Npgsql.NpgsqlDataReader.NextResult(Boolean async, Boolean isConsuming, CancellationToken cancellationToken)
   at Npgsql.NpgsqlCommand.ExecuteReader(Boolean async, CommandBehavior behavior, CancellationToken cancellationToken)
   at Npgsql.NpgsqlCommand.ExecuteReader(Boolean async, CommandBehavior behavior, CancellationToken cancellationToken)
   at Npgsql.NpgsqlCommand.ExecuteDbDataReaderAsync(CommandBehavior behavior, CancellationToken cancellationToken)
   at Microsoft.EntityFrameworkCore.Storage.RelationalCommand.ExecuteReaderAsync(RelationalCommandParameterObject parameterObject, CancellationToken cancellationToken)
   at Microsoft.EntityFrameworkCore.Storage.RelationalCommand.ExecuteReaderAsync(RelationalCommandParameterObject parameterObject, CancellationToken cancellationToken)
   at Microsoft.EntityFrameworkCore.Query.Internal.SingleQueryingEnumerable`1.AsyncEnumerator.InitializeReaderAsync(AsyncEnumerator enumerator, CancellationToken cancellationToken)
   at Npgsql.EntityFrameworkCore.PostgreSQL.Storage.Internal.NpgsqlExecutionStrategy.ExecuteAsync[TState,TResult](TState state, Func`4 operation, Func`4 verifySucceeded, CancellationToken cancellationToken)
   at Microsoft.EntityFrameworkCore.Query.Internal.SingleQueryingEnumerable`1.AsyncEnumerator.MoveNextAsync()
   at Microsoft.EntityFrameworkCore.EntityFrameworkQueryableExtensions.ToListAsync[TSource](IQueryable`1 source, CancellationToken cancellationToken)
   at Microsoft.EntityFrameworkCore.EntityFrameworkQueryableExtensions.ToListAsync[TSource](IQueryable`1 source, CancellationToken cancellationToken)
   at Flowtap_Infrastructure.BackgroundJobs.WhatsAppDispatchService.ProcessPendingWhatsAppAsync(CancellationToken ct) in D:\Git\Flowtap_MultiSaas_Backend_modern\SharedCore\Flowtap_Infrastructure\BackgroundJobs\WhatsAppDispatchService.cs:line 45
   at Flowtap_Infrastructure.BackgroundJobs.WhatsAppDispatchService.ExecuteAsync(CancellationToken stoppingToken) in D:\Git\Flowtap_MultiSaas_Backend_modern\SharedCore\Flowtap_Infrastructure\BackgroundJobs\WhatsAppDispatchService.cs:line 29
  Exception data:
    Severity: ERROR
    SqlState: 42703
    MessageText: column n.CompanyId does not exist
    Position: 16
    File: parse_relation.c
    Line: 3827
    Routine: errorMissingColumn
2026-05-31 22:19:19.989 +05:30 [WRN] : JWT Authentication failed.
Microsoft.IdentityModel.Tokens.SecurityTokenExpiredException: IDX10223: Lifetime validation failed. The token is expired. ValidTo (UTC): '29-05-2026 05:15:26 AM', Current time (UTC): '31-05-2026 04:49:19 PM'.
   at Microsoft.IdentityModel.Tokens.ValidatorUtilities.ValidateLifetime(Nullable`1 notBefore, Nullable`1 expires, SecurityToken securityToken, TokenValidationParameters validationParameters)
   at Microsoft.IdentityModel.Tokens.Validators.ValidateLifetime(Nullable`1 notBefore, Nullable`1 expires, SecurityToken securityToken, TokenValidationParameters validationParameters)
   at Microsoft.IdentityModel.JsonWebTokens.JsonWebTokenHandler.ValidateTokenPayloadAsync(JsonWebToken jsonWebToken, TokenValidationParameters validationParameters, BaseConfiguration configuration)
   at Microsoft.IdentityModel.JsonWebTokens.JsonWebTokenHandler.ValidateJWSAsync(JsonWebToken jsonWebToken, TokenValidationParameters validationParameters, BaseConfiguration configuration)
2026-05-31 22:19:19.989 +05:30 [WRN] : JWT Authentication failed.
Microsoft.IdentityModel.Tokens.SecurityTokenExpiredException: IDX10223: Lifetime validation failed. The token is expired. ValidTo (UTC): '29-05-2026 05:15:26 AM', Current time (UTC): '31-05-2026 04:49:19 PM'.
   at Microsoft.IdentityModel.Tokens.ValidatorUtilities.ValidateLifetime(Nullable`1 notBefore, Nullable`1 expires, SecurityToken securityToken, TokenValidationParameters validationParameters)
   at Microsoft.IdentityModel.Tokens.Validators.ValidateLifetime(Nullable`1 notBefore, Nullable`1 expires, SecurityToken securityToken, TokenValidationParameters validationParameters)
   at Microsoft.IdentityModel.JsonWebTokens.JsonWebTokenHandler.ValidateTokenPayloadAsync(JsonWebToken jsonWebToken, TokenValidationParameters validationParameters, BaseConfiguration configuration)
   at Microsoft.IdentityModel.JsonWebTokens.JsonWebTokenHandler.ValidateJWSAsync(JsonWebToken jsonWebToken, TokenValidationParameters validationParameters, BaseConfiguration configuration)
2026-05-31 22:19:19.989 +05:30 [WRN] : JWT Authentication failed.
Microsoft.IdentityModel.Tokens.SecurityTokenExpiredException: IDX10223: Lifetime validation failed. The token is expired. ValidTo (UTC): '29-05-2026 05:15:26 AM', Current time (UTC): '31-05-2026 04:49:19 PM'.
   at Microsoft.IdentityModel.Tokens.ValidatorUtilities.ValidateLifetime(Nullable`1 notBefore, Nullable`1 expires, SecurityToken securityToken, TokenValidationParameters validationParameters)
   at Microsoft.IdentityModel.Tokens.Validators.ValidateLifetime(Nullable`1 notBefore, Nullable`1 expires, SecurityToken securityToken, TokenValidationParameters validationParameters)
   at Microsoft.IdentityModel.JsonWebTokens.JsonWebTokenHandler.ValidateTokenPayloadAsync(JsonWebToken jsonWebToken, TokenValidationParameters validationParameters, BaseConfiguration configuration)
   at Microsoft.IdentityModel.JsonWebTokens.JsonWebTokenHandler.ValidateJWSAsync(JsonWebToken jsonWebToken, TokenValidationParameters validationParameters, BaseConfiguration configuration)
2026-05-31 22:19:19.989 +05:30 [WRN] : JWT Authentication failed.
Microsoft.IdentityModel.Tokens.SecurityTokenExpiredException: IDX10223: Lifetime validation failed. The token is expired. ValidTo (UTC): '29-05-2026 05:15:26 AM', Current time (UTC): '31-05-2026 04:49:19 PM'.
   at Microsoft.IdentityModel.Tokens.ValidatorUtilities.ValidateLifetime(Nullable`1 notBefore, Nullable`1 expires, SecurityToken securityToken, TokenValidationParameters validationParameters)
   at Microsoft.IdentityModel.Tokens.Validators.ValidateLifetime(Nullable`1 notBefore, Nullable`1 expires, SecurityToken securityToken, TokenValidationParameters validationParameters)
   at Microsoft.IdentityModel.JsonWebTokens.JsonWebTokenHandler.ValidateTokenPayloadAsync(JsonWebToken jsonWebToken, TokenValidationParameters validationParameters, BaseConfiguration configuration)
   at Microsoft.IdentityModel.JsonWebTokens.JsonWebTokenHandler.ValidateJWSAsync(JsonWebToken jsonWebToken, TokenValidationParameters validationParameters, BaseConfiguration configuration)
2026-05-31 22:19:20.059 +05:30 [INF] Flowtap_Middleware.RequestLoggingMiddleware: POST /hubs/communications/negotiate → 401 | 4095ms | Tenant: -
2026-05-31 22:19:20.060 +05:30 [INF] Flowtap_Middleware.RequestLoggingMiddleware: POST /hubs/communications/negotiate → 401 | 4095ms | Tenant: -
2026-05-31 22:19:20.060 +05:30 [INF] Flowtap_Middleware.RequestLoggingMiddleware: GET /api/v1/tenant → 401 | 4093ms | Tenant: -
2026-05-31 22:19:20.060 +05:30 [INF] Flowtap_Middleware.RequestLoggingMiddleware: GET /api/v1/auth/me → 401 | 4093ms | Tenant: -
2026-05-31 22:19:20.109 +05:30 [WRN] : JWT Authentication failed.
Microsoft.IdentityModel.Tokens.SecurityTokenExpiredException: IDX10223: Lifetime validation failed. The token is expired. ValidTo (UTC): '29-05-2026 05:15:26 AM', Current time (UTC): '31-05-2026 04:49:20 PM'.
   at Microsoft.IdentityModel.Tokens.ValidatorUtilities.ValidateLifetime(Nullable`1 notBefore, Nullable`1 expires, SecurityToken securityToken, TokenValidationParameters validationParameters)
   at Microsoft.IdentityModel.Tokens.Validators.ValidateLifetime(Nullable`1 notBefore, Nullable`1 expires, SecurityToken securityToken, TokenValidationParameters validationParameters)
   at Microsoft.IdentityModel.JsonWebTokens.JsonWebTokenHandler.ValidateTokenPayloadAsync(JsonWebToken jsonWebToken, TokenValidationParameters validationParameters, BaseConfiguration configuration)
   at Microsoft.IdentityModel.JsonWebTokens.JsonWebTokenHandler.ValidateJWSAsync(JsonWebToken jsonWebToken, TokenValidationParameters validationParameters, BaseConfiguration configuration)
2026-05-31 22:19:20.110 +05:30 [WRN] : JWT Authentication failed.
Microsoft.IdentityModel.Tokens.SecurityTokenExpiredException: IDX10223: Lifetime validation failed. The token is expired. ValidTo (UTC): '29-05-2026 05:15:26 AM', Current time (UTC): '31-05-2026 04:49:20 PM'.
   at Microsoft.IdentityModel.Tokens.ValidatorUtilities.ValidateLifetime(Nullable`1 notBefore, Nullable`1 expires, SecurityToken securityToken, TokenValidationParameters validationParameters)
   at Microsoft.IdentityModel.Tokens.Validators.ValidateLifetime(Nullable`1 notBefore, Nullable`1 expires, SecurityToken securityToken, TokenValidationParameters validationParameters)
   at Microsoft.IdentityModel.JsonWebTokens.JsonWebTokenHandler.ValidateTokenPayloadAsync(JsonWebToken jsonWebToken, TokenValidationParameters validationParameters, BaseConfiguration configuration)
   at Microsoft.IdentityModel.JsonWebTokens.JsonWebTokenHandler.ValidateJWSAsync(JsonWebToken jsonWebToken, TokenValidationParameters validationParameters, BaseConfiguration configuration)
2026-05-31 22:19:20.119 +05:30 [INF] Flowtap_Middleware.RequestLoggingMiddleware: GET /api/v1/tenant → 401 | 14ms | Tenant: -
2026-05-31 22:19:20.126 +05:30 [INF] Flowtap_Middleware.RequestLoggingMiddleware: GET /api/v1/auth/me → 401 | 16ms | Tenant: -
2026-05-31 22:19:21.628 +05:30 [ERR] Microsoft.EntityFrameworkCore.Database.Command: Failed executing DbCommand (12ms) [Parameters=[@__p_0='?' (DbType = Int32)], CommandType='"Text"', CommandTimeout='30']
SELECT n."Id", n."CompanyId", n."CreatedAt", n."CreatedBy", n."Error", n."Payload", n."Recipient", n."RetryCount", n."SentAt", n."Status", n."Subject", n."Type", n."UpdatedAt", n."UpdatedBy"
FROM "NotificationQueues" AS n
WHERE n."Type" = 'Email' AND n."SentAt" IS NULL AND n."RetryCount" < 3
LIMIT @__p_0
2026-05-31 22:19:21.674 +05:30 [ERR] Microsoft.EntityFrameworkCore.Query: An exception occurred while iterating over the results of a query for context type 'Flowtap_Infrastructure.Persistence.DbContext.ApplicationDbContext'.
Npgsql.PostgresException (0x80004005): 42703: column n.CompanyId does not exist

POSITION: 16
   at Npgsql.Internal.NpgsqlConnector.ReadMessageLong(Boolean async, DataRowLoadingMode dataRowLoadingMode, Boolean readingNotifications, Boolean isReadingPrependedMessage)
   at System.Runtime.CompilerServices.PoolingAsyncValueTaskMethodBuilder`1.StateMachineBox`1.System.Threading.Tasks.Sources.IValueTaskSource<TResult>.GetResult(Int16 token)
   at Npgsql.NpgsqlDataReader.NextResult(Boolean async, Boolean isConsuming, CancellationToken cancellationToken)
   at Npgsql.NpgsqlDataReader.NextResult(Boolean async, Boolean isConsuming, CancellationToken cancellationToken)
   at Npgsql.NpgsqlCommand.ExecuteReader(Boolean async, CommandBehavior behavior, CancellationToken cancellationToken)
   at Npgsql.NpgsqlCommand.ExecuteReader(Boolean async, CommandBehavior behavior, CancellationToken cancellationToken)
   at Npgsql.NpgsqlCommand.ExecuteDbDataReaderAsync(CommandBehavior behavior, CancellationToken cancellationToken)
   at Microsoft.EntityFrameworkCore.Storage.RelationalCommand.ExecuteReaderAsync(RelationalCommandParameterObject parameterObject, CancellationToken cancellationToken)
   at Microsoft.EntityFrameworkCore.Storage.RelationalCommand.ExecuteReaderAsync(RelationalCommandParameterObject parameterObject, CancellationToken cancellationToken)
   at Microsoft.EntityFrameworkCore.Query.Internal.SingleQueryingEnumerable`1.AsyncEnumerator.InitializeReaderAsync(AsyncEnumerator enumerator, CancellationToken cancellationToken)
   at Npgsql.EntityFrameworkCore.PostgreSQL.Storage.Internal.NpgsqlExecutionStrategy.ExecuteAsync[TState,TResult](TState state, Func`4 operation, Func`4 verifySucceeded, CancellationToken cancellationToken)
   at Microsoft.EntityFrameworkCore.Query.Internal.SingleQueryingEnumerable`1.AsyncEnumerator.MoveNextAsync()
  Exception data:
    Severity: ERROR
    SqlState: 42703
    MessageText: column n.CompanyId does not exist
    Position: 16
    File: parse_relation.c
    Line: 3827
    Routine: errorMissingColumn
Npgsql.PostgresException (0x80004005): 42703: column n.CompanyId does not exist

POSITION: 16
   at Npgsql.Internal.NpgsqlConnector.ReadMessageLong(Boolean async, DataRowLoadingMode dataRowLoadingMode, Boolean readingNotifications, Boolean isReadingPrependedMessage)
   at System.Runtime.CompilerServices.PoolingAsyncValueTaskMethodBuilder`1.StateMachineBox`1.System.Threading.Tasks.Sources.IValueTaskSource<TResult>.GetResult(Int16 token)
   at Npgsql.NpgsqlDataReader.NextResult(Boolean async, Boolean isConsuming, CancellationToken cancellationToken)
   at Npgsql.NpgsqlDataReader.NextResult(Boolean async, Boolean isConsuming, CancellationToken cancellationToken)
   at Npgsql.NpgsqlCommand.ExecuteReader(Boolean async, CommandBehavior behavior, CancellationToken cancellationToken)
   at Npgsql.NpgsqlCommand.ExecuteReader(Boolean async, CommandBehavior behavior, CancellationToken cancellationToken)
   at Npgsql.NpgsqlCommand.ExecuteDbDataReaderAsync(CommandBehavior behavior, CancellationToken cancellationToken)
   at Microsoft.EntityFrameworkCore.Storage.RelationalCommand.ExecuteReaderAsync(RelationalCommandParameterObject parameterObject, CancellationToken cancellationToken)
   at Microsoft.EntityFrameworkCore.Storage.RelationalCommand.ExecuteReaderAsync(RelationalCommandParameterObject parameterObject, CancellationToken cancellationToken)
   at Microsoft.EntityFrameworkCore.Query.Internal.SingleQueryingEnumerable`1.AsyncEnumerator.InitializeReaderAsync(AsyncEnumerator enumerator, CancellationToken cancellationToken)
   at Npgsql.EntityFrameworkCore.PostgreSQL.Storage.Internal.NpgsqlExecutionStrategy.ExecuteAsync[TState,TResult](TState state, Func`4 operation, Func`4 verifySucceeded, CancellationToken cancellationToken)
   at Microsoft.EntityFrameworkCore.Query.Internal.SingleQueryingEnumerable`1.AsyncEnumerator.MoveNextAsync()
  Exception data:
    Severity: ERROR
    SqlState: 42703
    MessageText: column n.CompanyId does not exist
    Position: 16
    File: parse_relation.c
    Line: 3827
    Routine: errorMissingColumn
2026-05-31 22:19:21.737 +05:30 [ERR] Flowtap_Infrastructure.BackgroundJobs.EmailDispatchService: Error processing notification queue
Npgsql.PostgresException (0x80004005): 42703: column n.CompanyId does not exist

POSITION: 16
   at Npgsql.Internal.NpgsqlConnector.ReadMessageLong(Boolean async, DataRowLoadingMode dataRowLoadingMode, Boolean readingNotifications, Boolean isReadingPrependedMessage)
   at System.Runtime.CompilerServices.PoolingAsyncValueTaskMethodBuilder`1.StateMachineBox`1.System.Threading.Tasks.Sources.IValueTaskSource<TResult>.GetResult(Int16 token)
   at Npgsql.NpgsqlDataReader.NextResult(Boolean async, Boolean isConsuming, CancellationToken cancellationToken)
   at Npgsql.NpgsqlDataReader.NextResult(Boolean async, Boolean isConsuming, CancellationToken cancellationToken)
   at Npgsql.NpgsqlCommand.ExecuteReader(Boolean async, CommandBehavior behavior, CancellationToken cancellationToken)
   at Npgsql.NpgsqlCommand.ExecuteReader(Boolean async, CommandBehavior behavior, CancellationToken cancellationToken)
   at Npgsql.NpgsqlCommand.ExecuteDbDataReaderAsync(CommandBehavior behavior, CancellationToken cancellationToken)
   at Microsoft.EntityFrameworkCore.Storage.RelationalCommand.ExecuteReaderAsync(RelationalCommandParameterObject parameterObject, CancellationToken cancellationToken)
   at Microsoft.EntityFrameworkCore.Storage.RelationalCommand.ExecuteReaderAsync(RelationalCommandParameterObject parameterObject, CancellationToken cancellationToken)
   at Microsoft.EntityFrameworkCore.Query.Internal.SingleQueryingEnumerable`1.AsyncEnumerator.InitializeReaderAsync(AsyncEnumerator enumerator, CancellationToken cancellationToken)
   at Npgsql.EntityFrameworkCore.PostgreSQL.Storage.Internal.NpgsqlExecutionStrategy.ExecuteAsync[TState,TResult](TState state, Func`4 operation, Func`4 verifySucceeded, CancellationToken cancellationToken)
   at Microsoft.EntityFrameworkCore.Query.Internal.SingleQueryingEnumerable`1.AsyncEnumerator.MoveNextAsync()
   at Microsoft.EntityFrameworkCore.EntityFrameworkQueryableExtensions.ToListAsync[TSource](IQueryable`1 source, CancellationToken cancellationToken)
   at Microsoft.EntityFrameworkCore.EntityFrameworkQueryableExtensions.ToListAsync[TSource](IQueryable`1 source, CancellationToken cancellationToken)
   at Flowtap_Infrastructure.BackgroundJobs.EmailDispatchService.ProcessPendingEmailsAsync(CancellationToken ct) in D:\Git\Flowtap_MultiSaas_Backend_modern\SharedCore\Flowtap_Infrastructure\BackgroundJobs\EmailDispatchService.cs:line 35
   at Flowtap_Infrastructure.BackgroundJobs.EmailDispatchService.ExecuteAsync(CancellationToken stoppingToken) in D:\Git\Flowtap_MultiSaas_Backend_modern\SharedCore\Flowtap_Infrastructure\BackgroundJobs\EmailDispatchService.cs:line 19
  Exception data:
    Severity: ERROR
    SqlState: 42703
    MessageText: column n.CompanyId does not exist
    Position: 16
    File: parse_relation.c
    Line: 3827
    Routine: errorMissingColumn
2026-05-31 22:19:22.044 +05:30 [ERR] Microsoft.EntityFrameworkCore.Database.Command: Failed executing DbCommand (3ms) [Parameters=[@__p_0='?' (DbType = Int32)], CommandType='"Text"', CommandTimeout='30']
SELECT n."Id", n."CompanyId", n."CreatedAt", n."CreatedBy", n."Error", n."Payload", n."Recipient", n."RetryCount", n."SentAt", n."Status", n."Subject", n."Type", n."UpdatedAt", n."UpdatedBy"
FROM "NotificationQueues" AS n
WHERE n."Type" = 'Sms' AND n."SentAt" IS NULL AND n."RetryCount" < 3
LIMIT @__p_0
2026-05-31 22:19:22.106 +05:30 [ERR] Microsoft.EntityFrameworkCore.Query: An exception occurred while iterating over the results of a query for context type 'Flowtap_Infrastructure.Persistence.DbContext.ApplicationDbContext'.
Npgsql.PostgresException (0x80004005): 42703: column n.CompanyId does not exist

POSITION: 16
   at Npgsql.Internal.NpgsqlConnector.ReadMessageLong(Boolean async, DataRowLoadingMode dataRowLoadingMode, Boolean readingNotifications, Boolean isReadingPrependedMessage)
   at System.Runtime.CompilerServices.PoolingAsyncValueTaskMethodBuilder`1.StateMachineBox`1.System.Threading.Tasks.Sources.IValueTaskSource<TResult>.GetResult(Int16 token)
   at Npgsql.NpgsqlDataReader.NextResult(Boolean async, Boolean isConsuming, CancellationToken cancellationToken)
   at Npgsql.NpgsqlDataReader.NextResult(Boolean async, Boolean isConsuming, CancellationToken cancellationToken)
   at Npgsql.NpgsqlCommand.ExecuteReader(Boolean async, CommandBehavior behavior, CancellationToken cancellationToken)
   at Npgsql.NpgsqlCommand.ExecuteReader(Boolean async, CommandBehavior behavior, CancellationToken cancellationToken)
   at Npgsql.NpgsqlCommand.ExecuteDbDataReaderAsync(CommandBehavior behavior, CancellationToken cancellationToken)
   at Microsoft.EntityFrameworkCore.Storage.RelationalCommand.ExecuteReaderAsync(RelationalCommandParameterObject parameterObject, CancellationToken cancellationToken)
   at Microsoft.EntityFrameworkCore.Storage.RelationalCommand.ExecuteReaderAsync(RelationalCommandParameterObject parameterObject, CancellationToken cancellationToken)
   at Microsoft.EntityFrameworkCore.Query.Internal.SingleQueryingEnumerable`1.AsyncEnumerator.InitializeReaderAsync(AsyncEnumerator enumerator, CancellationToken cancellationToken)
   at Npgsql.EntityFrameworkCore.PostgreSQL.Storage.Internal.NpgsqlExecutionStrategy.ExecuteAsync[TState,TResult](TState state, Func`4 operation, Func`4 verifySucceeded, CancellationToken cancellationToken)
   at Microsoft.EntityFrameworkCore.Query.Internal.SingleQueryingEnumerable`1.AsyncEnumerator.MoveNextAsync()
  Exception data:
    Severity: ERROR
    SqlState: 42703
    MessageText: column n.CompanyId does not exist
    Position: 16
    File: parse_relation.c
    Line: 3827
    Routine: errorMissingColumn
Npgsql.PostgresException (0x80004005): 42703: column n.CompanyId does not exist

POSITION: 16
   at Npgsql.Internal.NpgsqlConnector.ReadMessageLong(Boolean async, DataRowLoadingMode dataRowLoadingMode, Boolean readingNotifications, Boolean isReadingPrependedMessage)
   at System.Runtime.CompilerServices.PoolingAsyncValueTaskMethodBuilder`1.StateMachineBox`1.System.Threading.Tasks.Sources.IValueTaskSource<TResult>.GetResult(Int16 token)
   at Npgsql.NpgsqlDataReader.NextResult(Boolean async, Boolean isConsuming, CancellationToken cancellationToken)
   at Npgsql.NpgsqlDataReader.NextResult(Boolean async, Boolean isConsuming, CancellationToken cancellationToken)
   at Npgsql.NpgsqlCommand.ExecuteReader(Boolean async, CommandBehavior behavior, CancellationToken cancellationToken)
   at Npgsql.NpgsqlCommand.ExecuteReader(Boolean async, CommandBehavior behavior, CancellationToken cancellationToken)
   at Npgsql.NpgsqlCommand.ExecuteDbDataReaderAsync(CommandBehavior behavior, CancellationToken cancellationToken)
   at Microsoft.EntityFrameworkCore.Storage.RelationalCommand.ExecuteReaderAsync(RelationalCommandParameterObject parameterObject, CancellationToken cancellationToken)
   at Microsoft.EntityFrameworkCore.Storage.RelationalCommand.ExecuteReaderAsync(RelationalCommandParameterObject parameterObject, CancellationToken cancellationToken)
   at Microsoft.EntityFrameworkCore.Query.Internal.SingleQueryingEnumerable`1.AsyncEnumerator.InitializeReaderAsync(AsyncEnumerator enumerator, CancellationToken cancellationToken)
   at Npgsql.EntityFrameworkCore.PostgreSQL.Storage.Internal.NpgsqlExecutionStrategy.ExecuteAsync[TState,TResult](TState state, Func`4 operation, Func`4 verifySucceeded, CancellationToken cancellationToken)
   at Microsoft.EntityFrameworkCore.Query.Internal.SingleQueryingEnumerable`1.AsyncEnumerator.MoveNextAsync()
  Exception data:
    Severity: ERROR
    SqlState: 42703
    MessageText: column n.CompanyId does not exist
    Position: 16
    File: parse_relation.c
    Line: 3827
    Routine: errorMissingColumn
2026-05-31 22:19:22.110 +05:30 [DBG] Hangfire.Server.ServerHeartbeatProcess: Server antonyraj:19416:42ccf628 heartbeat successfully sent
2026-05-31 22:19:22.195 +05:30 [ERR] Flowtap_Infrastructure.BackgroundJobs.SmsDispatchService: Error processing SMS notification queue
Npgsql.PostgresException (0x80004005): 42703: column n.CompanyId does not exist

POSITION: 16
   at Npgsql.Internal.NpgsqlConnector.ReadMessageLong(Boolean async, DataRowLoadingMode dataRowLoadingMode, Boolean readingNotifications, Boolean isReadingPrependedMessage)
   at System.Runtime.CompilerServices.PoolingAsyncValueTaskMethodBuilder`1.StateMachineBox`1.System.Threading.Tasks.Sources.IValueTaskSource<TResult>.GetResult(Int16 token)
   at Npgsql.NpgsqlDataReader.NextResult(Boolean async, Boolean isConsuming, CancellationToken cancellationToken)
   at Npgsql.NpgsqlDataReader.NextResult(Boolean async, Boolean isConsuming, CancellationToken cancellationToken)
   at Npgsql.NpgsqlCommand.ExecuteReader(Boolean async, CommandBehavior behavior, CancellationToken cancellationToken)
   at Npgsql.NpgsqlCommand.ExecuteReader(Boolean async, CommandBehavior behavior, CancellationToken cancellationToken)
   at Npgsql.NpgsqlCommand.ExecuteDbDataReaderAsync(CommandBehavior behavior, CancellationToken cancellationToken)
   at Microsoft.EntityFrameworkCore.Storage.RelationalCommand.ExecuteReaderAsync(RelationalCommandParameterObject parameterObject, CancellationToken cancellationToken)
   at Microsoft.EntityFrameworkCore.Storage.RelationalCommand.ExecuteReaderAsync(RelationalCommandParameterObject parameterObject, CancellationToken cancellationToken)
   at Microsoft.EntityFrameworkCore.Query.Internal.SingleQueryingEnumerable`1.AsyncEnumerator.InitializeReaderAsync(AsyncEnumerator enumerator, CancellationToken cancellationToken)
   at Npgsql.EntityFrameworkCore.PostgreSQL.Storage.Internal.NpgsqlExecutionStrategy.ExecuteAsync[TState,TResult](TState state, Func`4 operation, Func`4 verifySucceeded, CancellationToken cancellationToken)
   at Microsoft.EntityFrameworkCore.Query.Internal.SingleQueryingEnumerable`1.AsyncEnumerator.MoveNextAsync()
   at Microsoft.EntityFrameworkCore.EntityFrameworkQueryableExtensions.ToListAsync[TSource](IQueryable`1 source, CancellationToken cancellationToken)
   at Microsoft.EntityFrameworkCore.EntityFrameworkQueryableExtensions.ToListAsync[TSource](IQueryable`1 source, CancellationToken cancellationToken)
   at Flowtap_Infrastructure.BackgroundJobs.SmsDispatchService.ProcessPendingSmsAsync(CancellationToken ct) in D:\Git\Flowtap_MultiSaas_Backend_modern\SharedCore\Flowtap_Infrastructure\BackgroundJobs\SmsDispatchService.cs:line 45
   at Flowtap_Infrastructure.BackgroundJobs.SmsDispatchService.ExecuteAsync(CancellationToken stoppingToken) in D:\Git\Flowtap_MultiSaas_Backend_modern\SharedCore\Flowtap_Infrastructure\BackgroundJobs\SmsDispatchService.cs:line 29
  Exception data:
    Severity: ERROR
    SqlState: 42703
    MessageText: column n.CompanyId does not exist
    Position: 16
    File: parse_relation.c
    Line: 3827
    Routine: errorMissingColumn
2026-05-31 22:19:22.202 +05:30 [ERR] Microsoft.EntityFrameworkCore.Database.Command: Failed executing DbCommand (3ms) [Parameters=[@__p_0='?' (DbType = Int32)], CommandType='"Text"', CommandTimeout='30']
SELECT n."Id", n."CompanyId", n."CreatedAt", n."CreatedBy", n."Error", n."Payload", n."Recipient", n."RetryCount", n."SentAt", n."Status", n."Subject", n."Type", n."UpdatedAt", n."UpdatedBy"
FROM "NotificationQueues" AS n
WHERE n."Type" = 'WhatsApp' AND n."SentAt" IS NULL AND n."RetryCount" < 3
LIMIT @__p_0
2026-05-31 22:19:22.297 +05:30 [ERR] Microsoft.EntityFrameworkCore.Query: An exception occurred while iterating over the results of a query for context type 'Flowtap_Infrastructure.Persistence.DbContext.ApplicationDbContext'.
Npgsql.PostgresException (0x80004005): 42703: column n.CompanyId does not exist

POSITION: 16
   at Npgsql.Internal.NpgsqlConnector.ReadMessageLong(Boolean async, DataRowLoadingMode dataRowLoadingMode, Boolean readingNotifications, Boolean isReadingPrependedMessage)
   at System.Runtime.CompilerServices.PoolingAsyncValueTaskMethodBuilder`1.StateMachineBox`1.System.Threading.Tasks.Sources.IValueTaskSource<TResult>.GetResult(Int16 token)
   at Npgsql.NpgsqlDataReader.NextResult(Boolean async, Boolean isConsuming, CancellationToken cancellationToken)
   at Npgsql.NpgsqlDataReader.NextResult(Boolean async, Boolean isConsuming, CancellationToken cancellationToken)
   at Npgsql.NpgsqlCommand.ExecuteReader(Boolean async, CommandBehavior behavior, CancellationToken cancellationToken)
   at Npgsql.NpgsqlCommand.ExecuteReader(Boolean async, CommandBehavior behavior, CancellationToken cancellationToken)
   at Npgsql.NpgsqlCommand.ExecuteDbDataReaderAsync(CommandBehavior behavior, CancellationToken cancellationToken)
   at Microsoft.EntityFrameworkCore.Storage.RelationalCommand.ExecuteReaderAsync(RelationalCommandParameterObject parameterObject, CancellationToken cancellationToken)
   at Microsoft.EntityFrameworkCore.Storage.RelationalCommand.ExecuteReaderAsync(RelationalCommandParameterObject parameterObject, CancellationToken cancellationToken)
   at Microsoft.EntityFrameworkCore.Query.Internal.SingleQueryingEnumerable`1.AsyncEnumerator.InitializeReaderAsync(AsyncEnumerator enumerator, CancellationToken cancellationToken)
   at Npgsql.EntityFrameworkCore.PostgreSQL.Storage.Internal.NpgsqlExecutionStrategy.ExecuteAsync[TState,TResult](TState state, Func`4 operation, Func`4 verifySucceeded, CancellationToken cancellationToken)
   at Microsoft.EntityFrameworkCore.Query.Internal.SingleQueryingEnumerable`1.AsyncEnumerator.MoveNextAsync()
  Exception data:
    Severity: ERROR
    SqlState: 42703
    MessageText: column n.CompanyId does not exist
    Position: 16
    File: parse_relation.c
    Line: 3827
    Routine: errorMissingColumn
Npgsql.PostgresException (0x80004005): 42703: column n.CompanyId does not exist

POSITION: 16
   at Npgsql.Internal.NpgsqlConnector.ReadMessageLong(Boolean async, DataRowLoadingMode dataRowLoadingMode, Boolean readingNotifications, Boolean isReadingPrependedMessage)
   at System.Runtime.CompilerServices.PoolingAsyncValueTaskMethodBuilder`1.StateMachineBox`1.System.Threading.Tasks.Sources.IValueTaskSource<TResult>.GetResult(Int16 token)
   at Npgsql.NpgsqlDataReader.NextResult(Boolean async, Boolean isConsuming, CancellationToken cancellationToken)
   at Npgsql.NpgsqlDataReader.NextResult(Boolean async, Boolean isConsuming, CancellationToken cancellationToken)
   at Npgsql.NpgsqlCommand.ExecuteReader(Boolean async, CommandBehavior behavior, CancellationToken cancellationToken)
   at Npgsql.NpgsqlCommand.ExecuteReader(Boolean async, CommandBehavior behavior, CancellationToken cancellationToken)
   at Npgsql.NpgsqlCommand.ExecuteDbDataReaderAsync(CommandBehavior behavior, CancellationToken cancellationToken)
   at Microsoft.EntityFrameworkCore.Storage.RelationalCommand.ExecuteReaderAsync(RelationalCommandParameterObject parameterObject, CancellationToken cancellationToken)
   at Microsoft.EntityFrameworkCore.Storage.RelationalCommand.ExecuteReaderAsync(RelationalCommandParameterObject parameterObject, CancellationToken cancellationToken)
   at Microsoft.EntityFrameworkCore.Query.Internal.SingleQueryingEnumerable`1.AsyncEnumerator.InitializeReaderAsync(AsyncEnumerator enumerator, CancellationToken cancellationToken)
   at Npgsql.EntityFrameworkCore.PostgreSQL.Storage.Internal.NpgsqlExecutionStrategy.ExecuteAsync[TState,TResult](TState state, Func`4 operation, Func`4 verifySucceeded, CancellationToken cancellationToken)
   at Microsoft.EntityFrameworkCore.Query.Internal.SingleQueryingEnumerable`1.AsyncEnumerator.MoveNextAsync()
  Exception data:
    Severity: ERROR
    SqlState: 42703
    MessageText: column n.CompanyId does not exist
    Position: 16
    File: parse_relation.c
    Line: 3827
    Routine: errorMissingColumn
2026-05-31 22:19:22.337 +05:30 [ERR] Flowtap_Infrastructure.BackgroundJobs.WhatsAppDispatchService: Error processing WhatsApp notification queue
Npgsql.PostgresException (0x80004005): 42703: column n.CompanyId does not exist

POSITION: 16
   at Npgsql.Internal.NpgsqlConnector.ReadMessageLong(Boolean async, DataRowLoadingMode dataRowLoadingMode, Boolean readingNotifications, Boolean isReadingPrependedMessage)
   at System.Runtime.CompilerServices.PoolingAsyncValueTaskMethodBuilder`1.StateMachineBox`1.System.Threading.Tasks.Sources.IValueTaskSource<TResult>.GetResult(Int16 token)
   at Npgsql.NpgsqlDataReader.NextResult(Boolean async, Boolean isConsuming, CancellationToken cancellationToken)
   at Npgsql.NpgsqlDataReader.NextResult(Boolean async, Boolean isConsuming, CancellationToken cancellationToken)
   at Npgsql.NpgsqlCommand.ExecuteReader(Boolean async, CommandBehavior behavior, CancellationToken cancellationToken)
   at Npgsql.NpgsqlCommand.ExecuteReader(Boolean async, CommandBehavior behavior, CancellationToken cancellationToken)
   at Npgsql.NpgsqlCommand.ExecuteDbDataReaderAsync(CommandBehavior behavior, CancellationToken cancellationToken)
   at Microsoft.EntityFrameworkCore.Storage.RelationalCommand.ExecuteReaderAsync(RelationalCommandParameterObject parameterObject, CancellationToken cancellationToken)
   at Microsoft.EntityFrameworkCore.Storage.RelationalCommand.ExecuteReaderAsync(RelationalCommandParameterObject parameterObject, CancellationToken cancellationToken)
   at Microsoft.EntityFrameworkCore.Query.Internal.SingleQueryingEnumerable`1.AsyncEnumerator.InitializeReaderAsync(AsyncEnumerator enumerator, CancellationToken cancellationToken)
   at Npgsql.EntityFrameworkCore.PostgreSQL.Storage.Internal.NpgsqlExecutionStrategy.ExecuteAsync[TState,TResult](TState state, Func`4 operation, Func`4 verifySucceeded, CancellationToken cancellationToken)
   at Microsoft.EntityFrameworkCore.Query.Internal.SingleQueryingEnumerable`1.AsyncEnumerator.MoveNextAsync()
   at Microsoft.EntityFrameworkCore.EntityFrameworkQueryableExtensions.ToListAsync[TSource](IQueryable`1 source, CancellationToken cancellationToken)
   at Microsoft.EntityFrameworkCore.EntityFrameworkQueryableExtensions.ToListAsync[TSource](IQueryable`1 source, CancellationToken cancellationToken)
   at Flowtap_Infrastructure.BackgroundJobs.WhatsAppDispatchService.ProcessPendingWhatsAppAsync(CancellationToken ct) in D:\Git\Flowtap_MultiSaas_Backend_modern\SharedCore\Flowtap_Infrastructure\BackgroundJobs\WhatsAppDispatchService.cs:line 45
   at Flowtap_Infrastructure.BackgroundJobs.WhatsAppDispatchService.ExecuteAsync(CancellationToken stoppingToken) in D:\Git\Flowtap_MultiSaas_Backend_modern\SharedCore\Flowtap_Infrastructure\BackgroundJobs\WhatsAppDispatchService.cs:line 29
  Exception data:
    Severity: ERROR
    SqlState: 42703
    MessageText: column n.CompanyId does not exist
    Position: 16
    File: parse_relation.c
    Line: 3827
    Routine: errorMissingColumn
2026-05-31 22:19:31.387 +05:30 [INF] Flowtap_Application.Common.Behaviors.LoggingBehavior: Handling LoginCommand
2026-05-31 22:19:32.088 +05:30 [INF] Microsoft.EntityFrameworkCore.Database.Command: Executed DbCommand (71ms) [Parameters=[@__ToLower_0='?'], CommandType='"Text"', CommandTimeout='30']
SELECT u."Id", u."AccountType", u."CreatedAt", u."CreatedBy", u."Email", u."EmailVerificationToken", u."EmailVerificationTokenExpiresAt", u."IsActive", u."IsEmailVerified", u."OTP", u."OTPExpiresAt", u."PasswordHash", u."PhoneNumber", u."UpdatedAt", u."UpdatedBy", u0."Id", u0."AvatarUrl", u0."Email", u0."Name", u0."Phone", u0."UserAccountId"
FROM "UserAccounts" AS u
LEFT JOIN "UserProfiles" AS u0 ON u."Id" = u0."UserAccountId"
WHERE u."Email" = @__ToLower_0
LIMIT 1
2026-05-31 22:19:33.387 +05:30 [WRN] Flowtap_Application.Common.Behaviors.PerformanceBehavior: Slow request detected: LoginCommand took 1980ms. Request: {"Email":"antonyraj.snt.work@gmail.com","Password":"Test2123'","DeviceInfo":null,"IpAddress":null,"$type":"LoginCommand"}
2026-05-31 22:19:33.444 +05:30 [INF] Flowtap_Application.Common.Behaviors.LoggingBehavior: Handled LoginCommand
2026-05-31 22:19:33.540 +05:30 [INF] Flowtap_Middleware.RequestLoggingMiddleware: POST /api/v1/auth/login → 400 | 2964ms | Tenant: -
2026-05-31 22:19:41.285 +05:30 [INF] Flowtap_Application.Common.Behaviors.LoggingBehavior: Handling LoginCommand
2026-05-31 22:19:41.305 +05:30 [INF] Microsoft.EntityFrameworkCore.Database.Command: Executed DbCommand (11ms) [Parameters=[@__ToLower_0='?'], CommandType='"Text"', CommandTimeout='30']
SELECT u."Id", u."AccountType", u."CreatedAt", u."CreatedBy", u."Email", u."EmailVerificationToken", u."EmailVerificationTokenExpiresAt", u."IsActive", u."IsEmailVerified", u."OTP", u."OTPExpiresAt", u."PasswordHash", u."PhoneNumber", u."UpdatedAt", u."UpdatedBy", u0."Id", u0."AvatarUrl", u0."Email", u0."Name", u0."Phone", u0."UserAccountId"
FROM "UserAccounts" AS u
LEFT JOIN "UserProfiles" AS u0 ON u."Id" = u0."UserAccountId"
WHERE u."Email" = @__ToLower_0
LIMIT 1
2026-05-31 22:19:41.938 +05:30 [INF] Microsoft.EntityFrameworkCore.Database.Command: Executed DbCommand (21ms) [Parameters=[@__account_Id_0='?' (DbType = Guid)], CommandType='"Text"', CommandTimeout='30']
SELECT a."Id", a."CompanyId", a."CreatedAt", a."CreatedBy", a."DefaultLocationId", a."UpdatedAt", a."UpdatedBy", a."UserAccountId"
FROM "AppUsers" AS a
WHERE a."UserAccountId" = @__account_Id_0
LIMIT 1
2026-05-31 22:19:42.469 +05:30 [INF] Microsoft.EntityFrameworkCore.Database.Command: Executed DbCommand (59ms) [Parameters=[@p0='?' (DbType = Guid), @p1='?' (DbType = DateTime), @p2='?' (DbType = DateTime), @p3='?' (DbType = Boolean), @p4='?', @p5='?' (DbType = DateTime), @p6='?', @p7='?' (DbType = Guid), @p8='?' (DbType = Guid), @p9='?' (DbType = DateTime), @p10='?', @p11='?', @p12='?' (DbType = Boolean), @p13='?' (DbType = Boolean), @p14='?' (DbType = DateTime), @p15='?' (DbType = Guid), @p16='?'], CommandType='"Text"', CommandTimeout='30']
INSERT INTO "RefreshTokens" ("Id", "CreatedAt", "ExpiresAt", "IsRevoked", "ReplacedByToken", "RevokedAt", "Token", "UserAccountId")
VALUES (@p0, @p1, @p2, @p3, @p4, @p5, @p6, @p7);
INSERT INTO "UserSessions" ("Id", "CreatedAt", "DeviceInfo", "IpAddress", "IsCurrent", "IsRevoked", "LastSeenAt", "UserAccountId", "UserAgent")
VALUES (@p8, @p9, @p10, @p11, @p12, @p13, @p14, @p15, @p16);
2026-05-31 22:19:42.524 +05:30 [WRN] Flowtap_Application.Common.Behaviors.PerformanceBehavior: Slow request detected: LoginCommand took 1233ms. Request: {"Email":"antonyraj.snt.work@gmail.com","Password":"Test@123","DeviceInfo":null,"IpAddress":null,"$type":"LoginCommand"}
2026-05-31 22:19:42.539 +05:30 [INF] Flowtap_Application.Common.Behaviors.LoggingBehavior: Handled LoginCommand
2026-05-31 22:19:42.569 +05:30 [INF] Flowtap_Middleware.RequestLoggingMiddleware: POST /api/v1/auth/login → 200 | 1290ms | Tenant: -
2026-05-31 22:19:42.650 +05:30 [DBG] Flowtap_Middleware.TenantMiddleware: Request for tenant 591b97e6-5334-4870-b151-1a695ad19310 at /api/v1/tenant
2026-05-31 22:19:42.650 +05:30 [DBG] Flowtap_Middleware.TenantMiddleware: Request for tenant 591b97e6-5334-4870-b151-1a695ad19310 at /api/v1/auth/me
2026-05-31 22:19:42.650 +05:30 [DBG] Flowtap_Middleware.TenantMiddleware: Request for tenant 591b97e6-5334-4870-b151-1a695ad19310 at /hubs/communications/negotiate
2026-05-31 22:19:42.726 +05:30 [INF] Microsoft.EntityFrameworkCore.Database.Command: Executed DbCommand (13ms) [Parameters=[@__8__locals1_tenantId_0='?' (DbType = Guid), @__now_1='?' (DbType = DateTime)], CommandType='"Text"', CommandTimeout='30']
SELECT EXISTS (
    SELECT 1
    FROM "CompanySubscriptions" AS c
    WHERE c."IsActive" AND c."CompanyId" = @__8__locals1_tenantId_0 AND c."Status" = 1 AND c."EndDate" > @__now_1)
2026-05-31 22:19:42.726 +05:30 [INF] Microsoft.EntityFrameworkCore.Database.Command: Executed DbCommand (13ms) [Parameters=[@__8__locals1_tenantId_0='?' (DbType = Guid), @__now_1='?' (DbType = DateTime)], CommandType='"Text"', CommandTimeout='30']
SELECT EXISTS (
    SELECT 1
    FROM "CompanySubscriptions" AS c
    WHERE c."IsActive" AND c."CompanyId" = @__8__locals1_tenantId_0 AND c."Status" = 1 AND c."EndDate" > @__now_1)
2026-05-31 22:19:42.726 +05:30 [INF] Microsoft.EntityFrameworkCore.Database.Command: Executed DbCommand (13ms) [Parameters=[@__8__locals1_tenantId_0='?' (DbType = Guid), @__now_1='?' (DbType = DateTime)], CommandType='"Text"', CommandTimeout='30']
SELECT EXISTS (
    SELECT 1
    FROM "CompanySubscriptions" AS c
    WHERE c."IsActive" AND c."CompanyId" = @__8__locals1_tenantId_0 AND c."Status" = 1 AND c."EndDate" > @__now_1)
2026-05-31 22:19:42.751 +05:30 [INF] Microsoft.EntityFrameworkCore.Database.Command: Executed DbCommand (4ms) [Parameters=[@__8__locals1_tenantId_0='?' (DbType = Guid), @__now_1='?' (DbType = DateTime)], CommandType='"Text"', CommandTimeout='30']
SELECT EXISTS (
    SELECT 1
    FROM "TrialPlans" AS t
    WHERE t."IsActive" AND t."CompanyId" = @__8__locals1_tenantId_0 AND NOT (t."IsExpired") AND t."TrialEndDate" > @__now_1)
2026-05-31 22:19:42.757 +05:30 [INF] Microsoft.EntityFrameworkCore.Database.Command: Executed DbCommand (10ms) [Parameters=[@__8__locals1_tenantId_0='?' (DbType = Guid), @__now_1='?' (DbType = DateTime)], CommandType='"Text"', CommandTimeout='30']
SELECT EXISTS (
    SELECT 1
    FROM "TrialPlans" AS t
    WHERE t."IsActive" AND t."CompanyId" = @__8__locals1_tenantId_0 AND NOT (t."IsExpired") AND t."TrialEndDate" > @__now_1)
2026-05-31 22:19:42.758 +05:30 [INF] Microsoft.EntityFrameworkCore.Database.Command: Executed DbCommand (6ms) [Parameters=[@__8__locals1_tenantId_0='?' (DbType = Guid), @__now_1='?' (DbType = DateTime)], CommandType='"Text"', CommandTimeout='30']
SELECT EXISTS (
    SELECT 1
    FROM "TrialPlans" AS t
    WHERE t."IsActive" AND t."CompanyId" = @__8__locals1_tenantId_0 AND NOT (t."IsExpired") AND t."TrialEndDate" > @__now_1)
2026-05-31 22:19:42.793 +05:30 [INF] Flowtap_Middleware.RequestLoggingMiddleware: POST /hubs/communications/negotiate → 200 | 160ms | Tenant: 591b97e6-5334-4870-b151-1a695ad19310
2026-05-31 22:19:42.809 +05:30 [DBG] Flowtap_Middleware.TenantMiddleware: Request for tenant 591b97e6-5334-4870-b151-1a695ad19310 at /hubs/communications
2026-05-31 22:19:42.832 +05:30 [INF] Flowtap_Application.Common.Behaviors.LoggingBehavior: Handling GetTenantQuery
2026-05-31 22:19:42.847 +05:30 [INF] Flowtap_Application.Common.Behaviors.LoggingBehavior: Handling GetCurrentUserQuery
2026-05-31 22:19:42.864 +05:30 [INF] Microsoft.EntityFrameworkCore.Database.Command: Executed DbCommand (13ms) [Parameters=[@__8__locals1_tenantId_0='?' (DbType = Guid), @__now_1='?' (DbType = DateTime)], CommandType='"Text"', CommandTimeout='30']
SELECT EXISTS (
    SELECT 1
    FROM "CompanySubscriptions" AS c
    WHERE c."IsActive" AND c."CompanyId" = @__8__locals1_tenantId_0 AND c."Status" = 1 AND c."EndDate" > @__now_1)
2026-05-31 22:19:42.892 +05:30 [INF] Microsoft.EntityFrameworkCore.Database.Command: Executed DbCommand (1ms) [Parameters=[@__P_UserId_0='?' (DbType = Guid)], CommandType='"Text"', CommandTimeout='30']
SELECT u."Id", u."AccountType", u."CreatedAt", u."CreatedBy", u."Email", u."EmailVerificationToken", u."EmailVerificationTokenExpiresAt", u."IsActive", u."IsEmailVerified", u."OTP", u."OTPExpiresAt", u."PasswordHash", u."PhoneNumber", u."UpdatedAt", u."UpdatedBy", u0."Id", u0."AvatarUrl", u0."Email", u0."Name", u0."Phone", u0."UserAccountId"
FROM "UserAccounts" AS u
LEFT JOIN "UserProfiles" AS u0 ON u."Id" = u0."UserAccountId"
WHERE u."Id" = @__P_UserId_0
LIMIT 1
2026-05-31 22:19:42.907 +05:30 [INF] Microsoft.EntityFrameworkCore.Database.Command: Executed DbCommand (6ms) [Parameters=[@__8__locals1_tenantId_0='?' (DbType = Guid), @__now_1='?' (DbType = DateTime)], CommandType='"Text"', CommandTimeout='30']
SELECT EXISTS (
    SELECT 1
    FROM "TrialPlans" AS t
    WHERE t."IsActive" AND t."CompanyId" = @__8__locals1_tenantId_0 AND NOT (t."IsExpired") AND t."TrialEndDate" > @__now_1)
2026-05-31 22:19:42.931 +05:30 [INF] Microsoft.EntityFrameworkCore.Database.Command: Executed DbCommand (5ms) [Parameters=[@__account_Id_0='?' (DbType = Guid)], CommandType='"Text"', CommandTimeout='30']
SELECT a."Id", a."CompanyId", a."CreatedAt", a."CreatedBy", a."DefaultLocationId", a."UpdatedAt", a."UpdatedBy", a."UserAccountId"
FROM "AppUsers" AS a
WHERE a."UserAccountId" = @__account_Id_0
LIMIT 1
2026-05-31 22:19:42.931 +05:30 [INF] Microsoft.EntityFrameworkCore.Database.Command: Executed DbCommand (17ms) [Parameters=[@__request_TenantId_0='?' (DbType = Guid)], CommandType='"Text"', CommandTimeout='30']
SELECT t."Id", t."ActiveModules", t."Address", t."BusinessType", t."Country", t."CreatedAt", t."CreatedBy", t."Currency", t."Email", t."IndustryType", t."IsActive", t."OwnerId", t."Phone", t."Requisites", t."SubDomain", t."Title", t."UpdatedAt", t."UpdatedBy", t."Website", t0."Id", t0."AllowedModules", t0."CompanyId", t0."IsOnboardingComplete", t0."LogoUrl", t0."MaxEmployees", t0."MaxLocations", t0."TimeZoneId"
FROM "Tenants" AS t
LEFT JOIN "TenantSettings" AS t0 ON t."Id" = t0."CompanyId"
WHERE t."Id" = @__request_TenantId_0 AND t."IsActive"
LIMIT 1
2026-05-31 22:19:42.945 +05:30 [INF] Flowtap_Application.Common.Behaviors.LoggingBehavior: Handled GetCurrentUserQuery
2026-05-31 22:19:42.958 +05:30 [INF] Flowtap_Middleware.RequestLoggingMiddleware: GET /api/v1/auth/me → 200 | 321ms | Tenant: 591b97e6-5334-4870-b151-1a695ad19310
2026-05-31 22:19:43.259 +05:30 [INF] Flowtap_Application.Common.Behaviors.LoggingBehavior: Handled GetTenantQuery
2026-05-31 22:19:43.314 +05:30 [INF] Flowtap_Middleware.RequestLoggingMiddleware: GET /api/v1/tenant → 200 | 678ms | Tenant: 591b97e6-5334-4870-b151-1a695ad19310
2026-05-31 22:19:43.343 +05:30 [DBG] Flowtap_Middleware.TenantMiddleware: Request for tenant 591b97e6-5334-4870-b151-1a695ad19310 at /api/v1/stores
2026-05-31 22:19:43.352 +05:30 [INF] Microsoft.EntityFrameworkCore.Database.Command: Executed DbCommand (1ms) [Parameters=[@__8__locals1_tenantId_0='?' (DbType = Guid), @__now_1='?' (DbType = DateTime)], CommandType='"Text"', CommandTimeout='30']
SELECT EXISTS (
    SELECT 1
    FROM "CompanySubscriptions" AS c
    WHERE c."IsActive" AND c."CompanyId" = @__8__locals1_tenantId_0 AND c."Status" = 1 AND c."EndDate" > @__now_1)
2026-05-31 22:19:43.364 +05:30 [INF] Microsoft.EntityFrameworkCore.Database.Command: Executed DbCommand (6ms) [Parameters=[@__8__locals1_tenantId_0='?' (DbType = Guid), @__now_1='?' (DbType = DateTime)], CommandType='"Text"', CommandTimeout='30']
SELECT EXISTS (
    SELECT 1
    FROM "TrialPlans" AS t
    WHERE t."IsActive" AND t."CompanyId" = @__8__locals1_tenantId_0 AND NOT (t."IsExpired") AND t."TrialEndDate" > @__now_1)
2026-05-31 22:19:43.399 +05:30 [DBG] Flowtap_Middleware.TenantMiddleware: Request for tenant 591b97e6-5334-4870-b151-1a695ad19310 at /api/v1/notifications/broadcasts
2026-05-31 22:19:43.400 +05:30 [DBG] Flowtap_Middleware.TenantMiddleware: Request for tenant 591b97e6-5334-4870-b151-1a695ad19310 at /api/v1/reports/dashboard
2026-05-31 22:19:43.400 +05:30 [DBG] Flowtap_Middleware.TenantMiddleware: Request for tenant 591b97e6-5334-4870-b151-1a695ad19310 at /api/v1/tickets
2026-05-31 22:19:43.400 +05:30 [DBG] Flowtap_Middleware.TenantMiddleware: Request for tenant 591b97e6-5334-4870-b151-1a695ad19310 at /api/v1/messages/unread-count
2026-05-31 22:19:43.406 +05:30 [DBG] Flowtap_Middleware.TenantMiddleware: Request for tenant 591b97e6-5334-4870-b151-1a695ad19310 at /api/v1/notifications/broadcasts
2026-05-31 22:19:43.434 +05:30 [INF] Microsoft.EntityFrameworkCore.Database.Command: Executed DbCommand (12ms) [Parameters=[@__8__locals1_tenantId_0='?' (DbType = Guid), @__now_1='?' (DbType = DateTime)], CommandType='"Text"', CommandTimeout='30']
SELECT EXISTS (
    SELECT 1
    FROM "CompanySubscriptions" AS c
    WHERE c."IsActive" AND c."CompanyId" = @__8__locals1_tenantId_0 AND c."Status" = 1 AND c."EndDate" > @__now_1)
2026-05-31 22:19:43.452 +05:30 [INF] Flowtap_Application.Common.Behaviors.LoggingBehavior: Handling GetStoresQuery
2026-05-31 22:19:43.456 +05:30 [INF] Microsoft.EntityFrameworkCore.Database.Command: Executed DbCommand (4ms) [Parameters=[@__8__locals1_tenantId_0='?' (DbType = Guid), @__now_1='?' (DbType = DateTime)], CommandType='"Text"', CommandTimeout='30']
SELECT EXISTS (
    SELECT 1
    FROM "CompanySubscriptions" AS c
    WHERE c."IsActive" AND c."CompanyId" = @__8__locals1_tenantId_0 AND c."Status" = 1 AND c."EndDate" > @__now_1)
2026-05-31 22:19:43.469 +05:30 [INF] Microsoft.EntityFrameworkCore.Database.Command: Executed DbCommand (6ms) [Parameters=[@__8__locals1_tenantId_0='?' (DbType = Guid), @__now_1='?' (DbType = DateTime)], CommandType='"Text"', CommandTimeout='30']
SELECT EXISTS (
    SELECT 1
    FROM "CompanySubscriptions" AS c
    WHERE c."IsActive" AND c."CompanyId" = @__8__locals1_tenantId_0 AND c."Status" = 1 AND c."EndDate" > @__now_1)
2026-05-31 22:19:43.475 +05:30 [INF] Microsoft.EntityFrameworkCore.Database.Command: Executed DbCommand (3ms) [Parameters=[@__8__locals1_tenantId_0='?' (DbType = Guid), @__now_1='?' (DbType = DateTime)], CommandType='"Text"', CommandTimeout='30']
SELECT EXISTS (
    SELECT 1
    FROM "CompanySubscriptions" AS c
    WHERE c."IsActive" AND c."CompanyId" = @__8__locals1_tenantId_0 AND c."Status" = 1 AND c."EndDate" > @__now_1)
2026-05-31 22:19:43.489 +05:30 [INF] Microsoft.EntityFrameworkCore.Database.Command: Executed DbCommand (1ms) [Parameters=[@__8__locals1_tenantId_0='?' (DbType = Guid), @__now_1='?' (DbType = DateTime)], CommandType='"Text"', CommandTimeout='30']
SELECT EXISTS (
    SELECT 1
    FROM "TrialPlans" AS t
    WHERE t."IsActive" AND t."CompanyId" = @__8__locals1_tenantId_0 AND NOT (t."IsExpired") AND t."TrialEndDate" > @__now_1)
2026-05-31 22:19:43.489 +05:30 [INF] Microsoft.EntityFrameworkCore.Database.Command: Executed DbCommand (7ms) [Parameters=[@__8__locals1_tenantId_0='?' (DbType = Guid), @__now_1='?' (DbType = DateTime)], CommandType='"Text"', CommandTimeout='30']
SELECT EXISTS (
    SELECT 1
    FROM "CompanySubscriptions" AS c
    WHERE c."IsActive" AND c."CompanyId" = @__8__locals1_tenantId_0 AND c."Status" = 1 AND c."EndDate" > @__now_1)
2026-05-31 22:19:43.512 +05:30 [INF] Microsoft.EntityFrameworkCore.Database.Command: Executed DbCommand (7ms) [Parameters=[@__8__locals1_tenantId_0='?' (DbType = Guid), @__now_1='?' (DbType = DateTime)], CommandType='"Text"', CommandTimeout='30']
SELECT EXISTS (
    SELECT 1
    FROM "TrialPlans" AS t
    WHERE t."IsActive" AND t."CompanyId" = @__8__locals1_tenantId_0 AND NOT (t."IsExpired") AND t."TrialEndDate" > @__now_1)
2026-05-31 22:19:43.538 +05:30 [INF] Microsoft.EntityFrameworkCore.Database.Command: Executed DbCommand (7ms) [Parameters=[@__8__locals1_tenantId_0='?' (DbType = Guid), @__now_1='?' (DbType = DateTime)], CommandType='"Text"', CommandTimeout='30']
SELECT EXISTS (
    SELECT 1
    FROM "TrialPlans" AS t
    WHERE t."IsActive" AND t."CompanyId" = @__8__locals1_tenantId_0 AND NOT (t."IsExpired") AND t."TrialEndDate" > @__now_1)
2026-05-31 22:19:43.572 +05:30 [INF] Microsoft.EntityFrameworkCore.Database.Command: Executed DbCommand (1ms) [Parameters=[@__8__locals1_tenantId_0='?' (DbType = Guid), @__now_1='?' (DbType = DateTime)], CommandType='"Text"', CommandTimeout='30']
SELECT EXISTS (
    SELECT 1
    FROM "TrialPlans" AS t
    WHERE t."IsActive" AND t."CompanyId" = @__8__locals1_tenantId_0 AND NOT (t."IsExpired") AND t."TrialEndDate" > @__now_1)
2026-05-31 22:19:43.588 +05:30 [ERR] Microsoft.EntityFrameworkCore.Database.Command: Failed executing DbCommand (29ms) [Parameters=[@__request_CompanyId_0='?' (DbType = Guid)], CommandType='"Text"', CommandTimeout='30']
SELECT s."Id", s."Address", s."AlwaysUseDefaultCashier", s."CompanyId", s."CountryCode", s."CreatedAt", s."CreatedBy", s."CurrencyCode", s."CurrentOrderCounter", s."DefaultCashierId", s."DefaultOrderType", s."DefaultWarehouseId", s."IsActive", s."LocationCode", s."ManagerEmployeeId", s."Phone", s."TaxConfigurationId", s."TenantId", s."TimeZoneId", s."Title", s."UpdatedAt", s."UpdatedBy"
FROM "Stores" AS s
WHERE s."CompanyId" = @__request_CompanyId_0 AND s."IsActive"
ORDER BY s."Title"
2026-05-31 22:19:43.612 +05:30 [INF] Microsoft.EntityFrameworkCore.Database.Command: Executed DbCommand (3ms) [Parameters=[@__8__locals1_tenantId_0='?' (DbType = Guid), @__now_1='?' (DbType = DateTime)], CommandType='"Text"', CommandTimeout='30']
SELECT EXISTS (
    SELECT 1
    FROM "TrialPlans" AS t
    WHERE t."IsActive" AND t."CompanyId" = @__8__locals1_tenantId_0 AND NOT (t."IsExpired") AND t."TrialEndDate" > @__now_1)
2026-05-31 22:19:43.628 +05:30 [INF] Flowtap_Application.Common.Behaviors.LoggingBehavior: Handling GetAdminBroadcastsQuery
2026-05-31 22:19:43.677 +05:30 [INF] Flowtap_Application.Common.Behaviors.LoggingBehavior: Handling GetDashboardStatsQuery
2026-05-31 22:19:43.712 +05:30 [INF] Flowtap_Application.Common.Behaviors.LoggingBehavior: Handling GetUnreadMessageCountQuery
2026-05-31 22:19:43.723 +05:30 [ERR] Microsoft.EntityFrameworkCore.Query: An exception occurred while iterating over the results of a query for context type 'Flowtap_Infrastructure.Persistence.DbContext.ApplicationDbContext'.
Npgsql.PostgresException (0x80004005): 42703: column s.ManagerEmployeeId does not exist

POSITION: 263
   at Npgsql.Internal.NpgsqlConnector.ReadMessageLong(Boolean async, DataRowLoadingMode dataRowLoadingMode, Boolean readingNotifications, Boolean isReadingPrependedMessage)
   at System.Runtime.CompilerServices.PoolingAsyncValueTaskMethodBuilder`1.StateMachineBox`1.System.Threading.Tasks.Sources.IValueTaskSource<TResult>.GetResult(Int16 token)
   at Npgsql.NpgsqlDataReader.NextResult(Boolean async, Boolean isConsuming, CancellationToken cancellationToken)
   at Npgsql.NpgsqlDataReader.NextResult(Boolean async, Boolean isConsuming, CancellationToken cancellationToken)
   at Npgsql.NpgsqlCommand.ExecuteReader(Boolean async, CommandBehavior behavior, CancellationToken cancellationToken)
   at Npgsql.NpgsqlCommand.ExecuteReader(Boolean async, CommandBehavior behavior, CancellationToken cancellationToken)
   at Npgsql.NpgsqlCommand.ExecuteDbDataReaderAsync(CommandBehavior behavior, CancellationToken cancellationToken)
   at Microsoft.EntityFrameworkCore.Storage.RelationalCommand.ExecuteReaderAsync(RelationalCommandParameterObject parameterObject, CancellationToken cancellationToken)
   at Microsoft.EntityFrameworkCore.Storage.RelationalCommand.ExecuteReaderAsync(RelationalCommandParameterObject parameterObject, CancellationToken cancellationToken)
   at Microsoft.EntityFrameworkCore.Query.Internal.SingleQueryingEnumerable`1.AsyncEnumerator.InitializeReaderAsync(AsyncEnumerator enumerator, CancellationToken cancellationToken)
   at Npgsql.EntityFrameworkCore.PostgreSQL.Storage.Internal.NpgsqlExecutionStrategy.ExecuteAsync[TState,TResult](TState state, Func`4 operation, Func`4 verifySucceeded, CancellationToken cancellationToken)
   at Microsoft.EntityFrameworkCore.Query.Internal.SingleQueryingEnumerable`1.AsyncEnumerator.MoveNextAsync()
  Exception data:
    Severity: ERROR
    SqlState: 42703
    MessageText: column s.ManagerEmployeeId does not exist
    Position: 263
    File: parse_relation.c
    Line: 3827
    Routine: errorMissingColumn
Npgsql.PostgresException (0x80004005): 42703: column s.ManagerEmployeeId does not exist

POSITION: 263
   at Npgsql.Internal.NpgsqlConnector.ReadMessageLong(Boolean async, DataRowLoadingMode dataRowLoadingMode, Boolean readingNotifications, Boolean isReadingPrependedMessage)
   at System.Runtime.CompilerServices.PoolingAsyncValueTaskMethodBuilder`1.StateMachineBox`1.System.Threading.Tasks.Sources.IValueTaskSource<TResult>.GetResult(Int16 token)
   at Npgsql.NpgsqlDataReader.NextResult(Boolean async, Boolean isConsuming, CancellationToken cancellationToken)
   at Npgsql.NpgsqlDataReader.NextResult(Boolean async, Boolean isConsuming, CancellationToken cancellationToken)
   at Npgsql.NpgsqlCommand.ExecuteReader(Boolean async, CommandBehavior behavior, CancellationToken cancellationToken)
   at Npgsql.NpgsqlCommand.ExecuteReader(Boolean async, CommandBehavior behavior, CancellationToken cancellationToken)
   at Npgsql.NpgsqlCommand.ExecuteDbDataReaderAsync(CommandBehavior behavior, CancellationToken cancellationToken)
   at Microsoft.EntityFrameworkCore.Storage.RelationalCommand.ExecuteReaderAsync(RelationalCommandParameterObject parameterObject, CancellationToken cancellationToken)
   at Microsoft.EntityFrameworkCore.Storage.RelationalCommand.ExecuteReaderAsync(RelationalCommandParameterObject parameterObject, CancellationToken cancellationToken)
   at Microsoft.EntityFrameworkCore.Query.Internal.SingleQueryingEnumerable`1.AsyncEnumerator.InitializeReaderAsync(AsyncEnumerator enumerator, CancellationToken cancellationToken)
   at Npgsql.EntityFrameworkCore.PostgreSQL.Storage.Internal.NpgsqlExecutionStrategy.ExecuteAsync[TState,TResult](TState state, Func`4 operation, Func`4 verifySucceeded, CancellationToken cancellationToken)
   at Microsoft.EntityFrameworkCore.Query.Internal.SingleQueryingEnumerable`1.AsyncEnumerator.MoveNextAsync()
  Exception data:
    Severity: ERROR
    SqlState: 42703
    MessageText: column s.ManagerEmployeeId does not exist
    Position: 263
    File: parse_relation.c
    Line: 3827
    Routine: errorMissingColumn
2026-05-31 22:19:43.770 +05:30 [INF] Microsoft.EntityFrameworkCore.Database.Command: Executed DbCommand (10ms) [Parameters=[@__tenantId_0='?' (DbType = Guid)], CommandType='"Text"', CommandTimeout='30']
SELECT t."Id", t."ActiveModules", t."Address", t."BusinessType", t."Country", t."CreatedAt", t."CreatedBy", t."Currency", t."Email", t."IndustryType", t."IsActive", t."OwnerId", t."Phone", t."Requisites", t."SubDomain", t."Title", t."UpdatedAt", t."UpdatedBy", t."Website"
FROM "Tenants" AS t
WHERE t."Id" = @__tenantId_0
LIMIT 1
2026-05-31 22:19:43.772 +05:30 [INF] Flowtap_Application.Common.Behaviors.LoggingBehavior: Handling GetAdminBroadcastsQuery
2026-05-31 22:19:43.970 +05:30 [INF] Microsoft.EntityFrameworkCore.Database.Command: Executed DbCommand (37ms) [Parameters=[@__request_CompanyId_0='?' (DbType = Guid), @__request_UserId_1='?' (DbType = Guid)], CommandType='"Text"', CommandTimeout='30']
SELECT count(*)::int
FROM "DirectMessages" AS d
WHERE d."CompanyId" = @__request_CompanyId_0 AND d."RecipientId" = @__request_UserId_1 AND NOT (d."IsRead") AND NOT (d."IsDeletedByRecipient")
2026-05-31 22:19:43.975 +05:30 [INF] Microsoft.EntityFrameworkCore.Database.Command: Executed DbCommand (45ms) [Parameters=[@__request_CompanyId_0='?' (DbType = Guid), @__today_1='?' (DbType = DateTime)], CommandType='"Text"', CommandTimeout='30']
SELECT COALESCE(sum(s."TotalAmount"), 0.0)
FROM "Sales" AS s
WHERE s."IsActive" AND s."CompanyId" = @__request_CompanyId_0 AND s."CreatedAt" >= @__today_1
2026-05-31 22:19:43.997 +05:30 [INF] Microsoft.EntityFrameworkCore.Database.Command: Executed DbCommand (23ms) [Parameters=[@__request_CompanyId_0='?' (DbType = Guid), @__request_UserId_1='?' (DbType = Guid), @__p_2='?' (DbType = Int32)], CommandType='"Text"', CommandTimeout='30']
SELECT a."Id", a."Subject", a."Message", a."Severity", a."SentBy", a."CreatedAt", a."LocationId", a."Type", a."TargetType", a."Priority", a."StartDate", a."EndDate"
FROM "AdminBroadcasts" AS a
WHERE a."CompanyId" = @__request_CompanyId_0 AND a."IsActive" AND NOT (COALESCE(a."Id" IN (
    SELECT u."ReferenceId"
    FROM "UserNotifications" AS u
    WHERE u."UserId" = @__request_UserId_1 AND u."Type" = 'DismissedBroadcast' AND u."ReferenceId" IS NOT NULL
), FALSE))
ORDER BY a."CreatedAt" DESC
LIMIT @__p_2
2026-05-31 22:19:44.023 +05:30 [ERR] Flowtap_Middleware.ExceptionMiddleware: Unhandled exception: 42703: column s.ManagerEmployeeId does not exist

POSITION: 263
Npgsql.PostgresException (0x80004005): 42703: column s.ManagerEmployeeId does not exist

POSITION: 263
   at Npgsql.Internal.NpgsqlConnector.ReadMessageLong(Boolean async, DataRowLoadingMode dataRowLoadingMode, Boolean readingNotifications, Boolean isReadingPrependedMessage)
   at System.Runtime.CompilerServices.PoolingAsyncValueTaskMethodBuilder`1.StateMachineBox`1.System.Threading.Tasks.Sources.IValueTaskSource<TResult>.GetResult(Int16 token)
   at Npgsql.NpgsqlDataReader.NextResult(Boolean async, Boolean isConsuming, CancellationToken cancellationToken)
   at Npgsql.NpgsqlDataReader.NextResult(Boolean async, Boolean isConsuming, CancellationToken cancellationToken)
   at Npgsql.NpgsqlCommand.ExecuteReader(Boolean async, CommandBehavior behavior, CancellationToken cancellationToken)
   at Npgsql.NpgsqlCommand.ExecuteReader(Boolean async, CommandBehavior behavior, CancellationToken cancellationToken)
   at Npgsql.NpgsqlCommand.ExecuteDbDataReaderAsync(CommandBehavior behavior, CancellationToken cancellationToken)
   at Microsoft.EntityFrameworkCore.Storage.RelationalCommand.ExecuteReaderAsync(RelationalCommandParameterObject parameterObject, CancellationToken cancellationToken)
   at Microsoft.EntityFrameworkCore.Storage.RelationalCommand.ExecuteReaderAsync(RelationalCommandParameterObject parameterObject, CancellationToken cancellationToken)
   at Microsoft.EntityFrameworkCore.Query.Internal.SingleQueryingEnumerable`1.AsyncEnumerator.InitializeReaderAsync(AsyncEnumerator enumerator, CancellationToken cancellationToken)
   at Npgsql.EntityFrameworkCore.PostgreSQL.Storage.Internal.NpgsqlExecutionStrategy.ExecuteAsync[TState,TResult](TState state, Func`4 operation, Func`4 verifySucceeded, CancellationToken cancellationToken)
   at Microsoft.EntityFrameworkCore.Query.Internal.SingleQueryingEnumerable`1.AsyncEnumerator.MoveNextAsync()
   at Microsoft.EntityFrameworkCore.EntityFrameworkQueryableExtensions.ToListAsync[TSource](IQueryable`1 source, CancellationToken cancellationToken)
   at Microsoft.EntityFrameworkCore.EntityFrameworkQueryableExtensions.ToListAsync[TSource](IQueryable`1 source, CancellationToken cancellationToken)
   at Flowtap_Application.Features.Organization.Store.Queries.GetStores.GetStoresQueryHandler.Handle(GetStoresQuery request, CancellationToken ct) in D:\Git\Flowtap_MultiSaas_Backend_modern\SharedCore\Flowtap_Application\Features\Organization\Store\Queries\GetStores\GetStoresQueryHandler.cs:line 15
   at Flowtap_Application.Common.Behaviors.PerformanceBehavior`2.Handle(TRequest request, RequestHandlerDelegate`1 next, CancellationToken cancellationToken) in D:\Git\Flowtap_MultiSaas_Backend_modern\SharedCore\Flowtap_Application\Common\Behaviors\PerformanceBehavior.cs:line 20
   at Flowtap_Application.Common.Behaviors.LoggingBehavior`2.Handle(TRequest request, RequestHandlerDelegate`1 next, CancellationToken cancellationToken) in D:\Git\Flowtap_MultiSaas_Backend_modern\SharedCore\Flowtap_Application\Common\Behaviors\LoggingBehavior.cs:line 18
   at Flowtap_Application.Common.Behaviors.ValidationBehavior`2.Handle(TRequest request, RequestHandlerDelegate`1 next, CancellationToken cancellationToken) in D:\Git\Flowtap_MultiSaas_Backend_modern\SharedCore\Flowtap_Application\Common\Behaviors\ValidationBehavior.cs:line 16
   at Flowtap_Presentation.Controllers.StoreController.GetAll(GetStoresQuery query, CancellationToken ct) in D:\Git\Flowtap_MultiSaas_Backend_modern\SharedCore\Flowtap_Presentation.Core\Controllers\StoreController.cs:line 22
   at Microsoft.AspNetCore.Mvc.Infrastructure.ActionMethodExecutor.TaskOfIActionResultExecutor.Execute(ActionContext actionContext, IActionResultTypeMapper mapper, ObjectMethodExecutor executor, Object controller, Object[] arguments)
   at Microsoft.AspNetCore.Mvc.Infrastructure.ControllerActionInvoker.<InvokeActionMethodAsync>g__Awaited|12_0(ControllerActionInvoker invoker, ValueTask`1 actionResultValueTask)
   at Microsoft.AspNetCore.Mvc.Infrastructure.ControllerActionInvoker.<InvokeNextActionFilterAsync>g__Awaited|10_0(ControllerActionInvoker invoker, Task lastTask, State next, Scope scope, Object state, Boolean isCompleted)
   at Microsoft.AspNetCore.Mvc.Infrastructure.ControllerActionInvoker.Rethrow(ActionExecutedContextSealed context)
   at Microsoft.AspNetCore.Mvc.Infrastructure.ControllerActionInvoker.Next(State& next, Scope& scope, Object& state, Boolean& isCompleted)
   at Microsoft.AspNetCore.Mvc.Infrastructure.ControllerActionInvoker.<InvokeInnerFilterAsync>g__Awaited|13_0(ControllerActionInvoker invoker, Task lastTask, State next, Scope scope, Object state, Boolean isCompleted)
   at Microsoft.AspNetCore.Mvc.Infrastructure.ResourceInvoker.<InvokeFilterPipelineAsync>g__Awaited|20_0(ResourceInvoker invoker, Task lastTask, State next, Scope scope, Object state, Boolean isCompleted)
   at Microsoft.AspNetCore.Mvc.Infrastructure.ResourceInvoker.<InvokeAsync>g__Awaited|17_0(ResourceInvoker invoker, Task task, IDisposable scope)
   at Microsoft.AspNetCore.Mvc.Infrastructure.ResourceInvoker.<InvokeAsync>g__Awaited|17_0(ResourceInvoker invoker, Task task, IDisposable scope)
   at Flowtap_Middleware.TenantMiddleware.InvokeAsync(HttpContext context) in D:\Git\Flowtap_MultiSaas_Backend_modern\SharedCore\Flowtap_Middleware\TenantMiddleware.cs:line 84
   at Microsoft.AspNetCore.Authorization.AuthorizationMiddleware.Invoke(HttpContext context)
   at Microsoft.AspNetCore.Authentication.AuthenticationMiddleware.Invoke(HttpContext context)
   at Flowtap_Middleware.ExceptionMiddleware.InvokeAsync(HttpContext context) in D:\Git\Flowtap_MultiSaas_Backend_modern\SharedCore\Flowtap_Middleware\ExceptionMiddleware.cs:line 23
  Exception data:
    Severity: ERROR
    SqlState: 42703
    MessageText: column s.ManagerEmployeeId does not exist
    Position: 263
    File: parse_relation.c
    Line: 3827
    Routine: errorMissingColumn
2026-05-31 22:19:44.043 +05:30 [INF] Flowtap_Application.Common.Behaviors.LoggingBehavior: Handling GetTicketsQuery
2026-05-31 22:19:44.092 +05:30 [INF] Microsoft.EntityFrameworkCore.Database.Command: Executed DbCommand (9ms) [Parameters=[@__request_CompanyId_0='?' (DbType = Guid), @__request_UserId_1='?' (DbType = Guid), @__p_2='?' (DbType = Int32)], CommandType='"Text"', CommandTimeout='30']
SELECT a."Id", a."Subject", a."Message", a."Severity", a."SentBy", a."CreatedAt", a."LocationId", a."Type", a."TargetType", a."Priority", a."StartDate", a."EndDate"
FROM "AdminBroadcasts" AS a
WHERE a."CompanyId" = @__request_CompanyId_0 AND a."IsActive" AND NOT (COALESCE(a."Id" IN (
    SELECT u."ReferenceId"
    FROM "UserNotifications" AS u
    WHERE u."UserId" = @__request_UserId_1 AND u."Type" = 'DismissedBroadcast' AND u."ReferenceId" IS NOT NULL
), FALSE))
ORDER BY a."CreatedAt" DESC
LIMIT @__p_2
2026-05-31 22:19:44.203 +05:30 [INF] Flowtap_Application.Common.Behaviors.LoggingBehavior: Handled GetUnreadMessageCountQuery
2026-05-31 22:19:44.282 +05:30 [WRN] Flowtap_Application.Common.Behaviors.PerformanceBehavior: Slow request detected: GetAdminBroadcastsQuery took 513ms. Request: {"CompanyId":"591b97e6-5334-4870-b151-1a695ad19310","UserId":"b7fc06a0-0ded-4506-be4d-0a4fe36f6255","LocationId":null,"Limit":10,"Type":null,"ActiveOnly":true,"$type":"GetAdminBroadcastsQuery"}
2026-05-31 22:19:44.290 +05:30 [INF] Microsoft.EntityFrameworkCore.Database.Command: Executed DbCommand (8ms) [Parameters=[@__request_CompanyId_0='?' (DbType = Guid), @__today_1='?' (DbType = DateTime)], CommandType='"Text"', CommandTimeout='30']
SELECT count(*)::int
FROM "Sales" AS s
WHERE s."IsActive" AND s."CompanyId" = @__request_CompanyId_0 AND s."CreatedAt" >= @__today_1
2026-05-31 22:19:44.420 +05:30 [INF] Flowtap_Middleware.RequestLoggingMiddleware: GET /api/v1/stores → 500 | 1076ms | Tenant: 591b97e6-5334-4870-b151-1a695ad19310
2026-05-31 22:19:44.427 +05:30 [INF] Flowtap_Application.Common.Behaviors.LoggingBehavior: Handled GetAdminBroadcastsQuery
2026-05-31 22:19:44.446 +05:30 [INF] Flowtap_Middleware.RequestLoggingMiddleware: GET /api/v1/messages/unread-count → 200 | 1046ms | Tenant: 591b97e6-5334-4870-b151-1a695ad19310
2026-05-31 22:19:44.459 +05:30 [INF] Flowtap_Application.Common.Behaviors.LoggingBehavior: Handled GetAdminBroadcastsQuery
2026-05-31 22:19:44.511 +05:30 [INF] Microsoft.EntityFrameworkCore.Database.Command: Executed DbCommand (22ms) [Parameters=[@__request_CompanyId_0='?' (DbType = Guid), @__monthStart_1='?' (DbType = DateTime)], CommandType='"Text"', CommandTimeout='30']
SELECT COALESCE(sum(s."TotalAmount"), 0.0)
FROM "Sales" AS s
WHERE s."IsActive" AND s."CompanyId" = @__request_CompanyId_0 AND s."CreatedAt" >= @__monthStart_1
2026-05-31 22:19:44.516 +05:30 [DBG] Flowtap_Middleware.TenantMiddleware: Request for tenant 591b97e6-5334-4870-b151-1a695ad19310 at /api/v1/notifications/announcements
2026-05-31 22:19:44.542 +05:30 [INF] Microsoft.EntityFrameworkCore.Database.Command: Executed DbCommand (18ms) [Parameters=[@__request_CompanyId_0='?' (DbType = Guid)], CommandType='"Text"', CommandTimeout='30']
SELECT count(*)::int
FROM "ServiceTickets" AS s
WHERE s."IsActive" AND s."CompanyId" = @__request_CompanyId_0 AND s."Status" = 1
2026-05-31 22:19:44.556 +05:30 [DBG] Flowtap_Middleware.TenantMiddleware: Request for tenant 591b97e6-5334-4870-b151-1a695ad19310 at /api/v1/reports/sales
2026-05-31 22:19:44.578 +05:30 [INF] Flowtap_Middleware.RequestLoggingMiddleware: GET /api/v1/notifications/broadcasts → 200 | 1176ms | Tenant: 591b97e6-5334-4870-b151-1a695ad19310
2026-05-31 22:19:44.581 +05:30 [INF] Flowtap_Middleware.RequestLoggingMiddleware: GET /api/v1/notifications/broadcasts → 200 | 1182ms | Tenant: 591b97e6-5334-4870-b151-1a695ad19310
2026-05-31 22:19:44.609 +05:30 [INF] Microsoft.EntityFrameworkCore.Database.Command: Executed DbCommand (2ms) [Parameters=[@__8__locals1_tenantId_0='?' (DbType = Guid), @__now_1='?' (DbType = DateTime)], CommandType='"Text"', CommandTimeout='30']
SELECT EXISTS (
    SELECT 1
    FROM "CompanySubscriptions" AS c
    WHERE c."IsActive" AND c."CompanyId" = @__8__locals1_tenantId_0 AND c."Status" = 1 AND c."EndDate" > @__now_1)
2026-05-31 22:19:44.649 +05:30 [INF] Microsoft.EntityFrameworkCore.Database.Command: Executed DbCommand (15ms) [Parameters=[@__request_CompanyId_0='?' (DbType = Guid), @__monthStart_1='?' (DbType = DateTime)], CommandType='"Text"', CommandTimeout='30']
SELECT count(*)::int
FROM "Clients" AS c
WHERE c."IsActive" AND c."CompanyId" = @__request_CompanyId_0 AND c."CreatedAt" >= @__monthStart_1
2026-05-31 22:19:44.656 +05:30 [INF] Microsoft.EntityFrameworkCore.Database.Command: Executed DbCommand (3ms) [Parameters=[@__8__locals1_tenantId_0='?' (DbType = Guid), @__now_1='?' (DbType = DateTime)], CommandType='"Text"', CommandTimeout='30']
SELECT EXISTS (
    SELECT 1
    FROM "CompanySubscriptions" AS c
    WHERE c."IsActive" AND c."CompanyId" = @__8__locals1_tenantId_0 AND c."Status" = 1 AND c."EndDate" > @__now_1)
2026-05-31 22:19:44.693 +05:30 [DBG] Flowtap_Middleware.TenantMiddleware: Request for tenant 591b97e6-5334-4870-b151-1a695ad19310 at /api/v1/notifications/announcements
2026-05-31 22:19:44.720 +05:30 [DBG] Flowtap_Middleware.TenantMiddleware: Request for tenant 591b97e6-5334-4870-b151-1a695ad19310 at /api/v1/reports/top-products
2026-05-31 22:19:44.747 +05:30 [INF] Microsoft.EntityFrameworkCore.Database.Command: Executed DbCommand (7ms) [Parameters=[@__8__locals1_tenantId_0='?' (DbType = Guid), @__now_1='?' (DbType = DateTime)], CommandType='"Text"', CommandTimeout='30']
SELECT EXISTS (
    SELECT 1
    FROM "TrialPlans" AS t
    WHERE t."IsActive" AND t."CompanyId" = @__8__locals1_tenantId_0 AND NOT (t."IsExpired") AND t."TrialEndDate" > @__now_1)
2026-05-31 22:19:44.784 +05:30 [INF] Microsoft.EntityFrameworkCore.Database.Command: Executed DbCommand (8ms) [Parameters=[@__request_CompanyId_0='?' (DbType = Guid)], CommandType='"Text"', CommandTimeout='30']
SELECT t."Id", t."ActiveModules", t."Address", t."BusinessType", t."Country", t."CreatedAt", t."CreatedBy", t."Currency", t."Email", t."IndustryType", t."IsActive", t."OwnerId", t."Phone", t."Requisites", t."SubDomain", t."Title", t."UpdatedAt", t."UpdatedBy", t."Website"
FROM "Tenants" AS t
WHERE t."Id" = @__request_CompanyId_0
LIMIT 1
2026-05-31 22:19:44.798 +05:30 [INF] Microsoft.EntityFrameworkCore.Database.Command: Executed DbCommand (2ms) [Parameters=[@__8__locals1_tenantId_0='?' (DbType = Guid), @__now_1='?' (DbType = DateTime)], CommandType='"Text"', CommandTimeout='30']
SELECT EXISTS (
    SELECT 1
    FROM "TrialPlans" AS t
    WHERE t."IsActive" AND t."CompanyId" = @__8__locals1_tenantId_0 AND NOT (t."IsExpired") AND t."TrialEndDate" > @__now_1)
2026-05-31 22:19:44.816 +05:30 [INF] Microsoft.EntityFrameworkCore.Database.Command: Executed DbCommand (3ms) [Parameters=[@__8__locals1_tenantId_0='?' (DbType = Guid), @__now_1='?' (DbType = DateTime)], CommandType='"Text"', CommandTimeout='30']
SELECT EXISTS (
    SELECT 1
    FROM "CompanySubscriptions" AS c
    WHERE c."IsActive" AND c."CompanyId" = @__8__locals1_tenantId_0 AND c."Status" = 1 AND c."EndDate" > @__now_1)
2026-05-31 22:19:44.835 +05:30 [INF] Microsoft.EntityFrameworkCore.Database.Command: Executed DbCommand (2ms) [Parameters=[@__8__locals1_tenantId_0='?' (DbType = Guid), @__now_1='?' (DbType = DateTime)], CommandType='"Text"', CommandTimeout='30']
SELECT EXISTS (
    SELECT 1
    FROM "CompanySubscriptions" AS c
    WHERE c."IsActive" AND c."CompanyId" = @__8__locals1_tenantId_0 AND c."Status" = 1 AND c."EndDate" > @__now_1)
2026-05-31 22:19:44.854 +05:30 [INF] Flowtap_Application.Common.Behaviors.LoggingBehavior: Handling GetAdminBroadcastsQuery
2026-05-31 22:19:44.859 +05:30 [INF] Microsoft.EntityFrameworkCore.Database.Command: Executed DbCommand (14ms) [Parameters=[@__request_CompanyId_0='?' (DbType = Guid), @__p_2='?' (DbType = Int32), @__p_1='?' (DbType = Int32)], CommandType='"Text"', CommandTimeout='30']
SELECT t."Id", t."AccessoryList", t."Appearance", t."ClientId", t."ClosedAt", t."CompanyId", t."CreatedAt", t."CreatedBy", t."Deadline", t."Equipment", t."ExecutorEmployeeId", t."IsActive", t."LocationId", t."ManagerEmployeeId", t."MastersNotes", t."Modification", t."Password", t."PreRepairChecklist", t."PrimaryServiceId", t."Priority", t."Reason", t."RowVersion", t."SaleId", t."Status", t."TicketNumber", t."Type", t."UpdatedAt", t."UpdatedBy", t."DeviceDetails_Appearance", t."DeviceDetails_Brand", t."DeviceDetails_DeviceType", t."DeviceDetails_Equipment", t."DeviceDetails_Model", t."DeviceDetails_Modification", t."DeviceDetails_Password", t."DeviceDetails_Serial", t."Financials_EstimatedCost", t."Financials_IsPaid", t."Financials_Prepayment", t."Financials_PrepaymentMethod", t."Financials_PrepaymentPaidAt", t."Financials_TotalCost", t0."Id", t0."StartedAt", t0."StartedByEmployeeId", t0."StoppedAt", t0."TicketId"
FROM (
    SELECT s."Id", s."AccessoryList", s."Appearance", s."ClientId", s."ClosedAt", s."CompanyId", s."CreatedAt", s."CreatedBy", s."Deadline", s."Equipment", s."ExecutorEmployeeId", s."IsActive", s."LocationId", s."ManagerEmployeeId", s."MastersNotes", s."Modification", s."Password", s."PreRepairChecklist", s."PrimaryServiceId", s."Priority", s."Reason", s."RowVersion", s."SaleId", s."Status", s."TicketNumber", s."Type", s."UpdatedAt", s."UpdatedBy", s."DeviceDetails_Appearance", s."DeviceDetails_Brand", s."DeviceDetails_DeviceType", s."DeviceDetails_Equipment", s."DeviceDetails_Model", s."DeviceDetails_Modification", s."DeviceDetails_Password", s."DeviceDetails_Serial", s."Financials_EstimatedCost", s."Financials_IsPaid", s."Financials_Prepayment", s."Financials_PrepaymentMethod", s."Financials_PrepaymentPaidAt", s."Financials_TotalCost"
    FROM "ServiceTickets" AS s
    WHERE s."IsActive" AND s."CompanyId" = @__request_CompanyId_0 AND s."Status" = 1
    ORDER BY s."CreatedAt" DESC
    LIMIT @__p_2 OFFSET @__p_1
) AS t
LEFT JOIN "TicketTimeLogs" AS t0 ON t."Id" = t0."TicketId"
ORDER BY t."CreatedAt" DESC, t."Id"
2026-05-31 22:19:44.865 +05:30 [INF] Microsoft.EntityFrameworkCore.Database.Command: Executed DbCommand (1ms) [Parameters=[@__8__locals1_tenantId_0='?' (DbType = Guid), @__now_1='?' (DbType = DateTime)], CommandType='"Text"', CommandTimeout='30']
SELECT EXISTS (
    SELECT 1
    FROM "TrialPlans" AS t
    WHERE t."IsActive" AND t."CompanyId" = @__8__locals1_tenantId_0 AND NOT (t."IsExpired") AND t."TrialEndDate" > @__now_1)
2026-05-31 22:19:44.879 +05:30 [INF] Microsoft.EntityFrameworkCore.Database.Command: Executed DbCommand (4ms) [Parameters=[@__8__locals1_tenantId_0='?' (DbType = Guid), @__now_1='?' (DbType = DateTime)], CommandType='"Text"', CommandTimeout='30']
SELECT EXISTS (
    SELECT 1
    FROM "TrialPlans" AS t
    WHERE t."IsActive" AND t."CompanyId" = @__8__locals1_tenantId_0 AND NOT (t."IsExpired") AND t."TrialEndDate" > @__now_1)
2026-05-31 22:19:44.881 +05:30 [INF] Flowtap_Application.Common.Behaviors.LoggingBehavior: Handling GetSalesReportQuery
2026-05-31 22:19:44.892 +05:30 [WRN] Microsoft.EntityFrameworkCore.Query: The query uses the 'First'/'FirstOrDefault' operator without 'OrderBy' and filter operators. This may lead to unpredictable results.
2026-05-31 22:19:44.910 +05:30 [INF] Microsoft.EntityFrameworkCore.Database.Command: Executed DbCommand (6ms) [Parameters=[@__request_CompanyId_0='?' (DbType = Guid), @__request_UserId_1='?' (DbType = Guid), @__request_Type_2='?', @__p_3='?' (DbType = Int32)], CommandType='"Text"', CommandTimeout='30']
SELECT a."Id", a."Subject", a."Message", a."Severity", a."SentBy", a."CreatedAt", a."LocationId", a."Type", a."TargetType", a."Priority", a."StartDate", a."EndDate"
FROM "AdminBroadcasts" AS a
WHERE a."CompanyId" = @__request_CompanyId_0 AND a."IsActive" AND NOT (COALESCE(a."Id" IN (
    SELECT u."ReferenceId"
    FROM "UserNotifications" AS u
    WHERE u."UserId" = @__request_UserId_1 AND u."Type" = 'DismissedBroadcast' AND u."ReferenceId" IS NOT NULL
), FALSE)) AND a."Type" = @__request_Type_2
ORDER BY a."CreatedAt" DESC
LIMIT @__p_3
2026-05-31 22:19:44.926 +05:30 [INF] Flowtap_Application.Common.Behaviors.LoggingBehavior: Handling GetAdminBroadcastsQuery
2026-05-31 22:19:44.969 +05:30 [INF] Flowtap_Application.Common.Behaviors.LoggingBehavior: Handling GetTopProductsQuery
2026-05-31 22:19:45.037 +05:30 [INF] Microsoft.EntityFrameworkCore.Database.Command: Executed DbCommand (13ms) [Parameters=[@__request_CompanyId_0='?' (DbType = Guid), @__request_From_1='?' (DbType = DateTime), @__request_To_2='?' (DbType = DateTime)], CommandType='"Text"', CommandTimeout='30']
SELECT s."Id", s."CancellationReason", s."CashierEmployeeId", s."ClientId", s."CompanyId", s."CreatedAt", s."CreatedBy", s."DiscountAmount", s."FoodOrderType", s."IdempotencyKey", s."IsActive", s."LocationId", s."Notes", s."RefundReason", s."Source", s."Status", s."SubTotal", s."TableId", s."TaxAmount", s."TicketId", s."TotalAmount", s."TransactionNumber", s."UpdatedAt", s."UpdatedBy", s.xmin
FROM "Sales" AS s
WHERE s."IsActive" AND s."CompanyId" = @__request_CompanyId_0 AND s."CreatedAt" >= @__request_From_1 AND s."CreatedAt" <= @__request_To_2 AND s."Status" = 2
2026-05-31 22:19:45.047 +05:30 [INF] Microsoft.EntityFrameworkCore.Database.Command: Executed DbCommand (10ms) [Parameters=[p0='?' (DbType = Guid)], CommandType='"Text"', CommandTimeout='30']
SELECT t."Value"
FROM (
    SELECT COUNT(*)::int AS "Value"
    FROM   "ServiceTickets"
    WHERE  "CompanyId" = @p0
      AND  "IsActive"  = true
      AND  "ClosedAt"  IS NULL
) AS t
LIMIT 1
2026-05-31 22:19:45.153 +05:30 [INF] Flowtap_Application.Common.Behaviors.LoggingBehavior: Handled GetAdminBroadcastsQuery
2026-05-31 22:19:45.181 +05:30 [INF] Microsoft.EntityFrameworkCore.Database.Command: Executed DbCommand (7ms) [Parameters=[@__request_CompanyId_0='?' (DbType = Guid), @__request_UserId_1='?' (DbType = Guid), @__request_Type_2='?', @__p_3='?' (DbType = Int32)], CommandType='"Text"', CommandTimeout='30']
SELECT a."Id", a."Subject", a."Message", a."Severity", a."SentBy", a."CreatedAt", a."LocationId", a."Type", a."TargetType", a."Priority", a."StartDate", a."EndDate"
FROM "AdminBroadcasts" AS a
WHERE a."CompanyId" = @__request_CompanyId_0 AND a."IsActive" AND NOT (COALESCE(a."Id" IN (
    SELECT u."ReferenceId"
    FROM "UserNotifications" AS u
    WHERE u."UserId" = @__request_UserId_1 AND u."Type" = 'DismissedBroadcast' AND u."ReferenceId" IS NOT NULL
), FALSE)) AND a."Type" = @__request_Type_2
ORDER BY a."CreatedAt" DESC
LIMIT @__p_3
2026-05-31 22:19:45.354 +05:30 [INF] Flowtap_Middleware.RequestLoggingMiddleware: GET /api/v1/notifications/announcements → 200 | 838ms | Tenant: 591b97e6-5334-4870-b151-1a695ad19310
2026-05-31 22:19:45.377 +05:30 [INF] Microsoft.EntityFrameworkCore.Database.Command: Executed DbCommand (42ms) [Parameters=[@__request_CompanyId_0='?' (DbType = Guid), @__request_From_1='?' (DbType = DateTime), @__request_To_2='?' (DbType = DateTime), @__p_3='?' (DbType = Int32)], CommandType='"Text"', CommandTimeout='30']
SELECT s."ProductId", s."ProductName", COALESCE(sum(s."Quantity"), 0.0)::int AS "QuantitySold", COALESCE(sum(s."Total"), 0.0) AS "Revenue"
FROM "SaleItems" AS s
INNER JOIN (
    SELECT s0."Id", s0."CompanyId", s0."CreatedAt"
    FROM "Sales" AS s0
    WHERE s0."IsActive"
) AS t ON s."SaleId" = t."Id"
WHERE t."CompanyId" = @__request_CompanyId_0 AND t."CreatedAt" >= @__request_From_1 AND t."CreatedAt" <= @__request_To_2
GROUP BY s."ProductId", s."ProductName"
ORDER BY COALESCE(sum(s."Total"), 0.0) DESC
LIMIT @__p_3
2026-05-31 22:19:45.388 +05:30 [INF] Microsoft.EntityFrameworkCore.Database.Command: Executed DbCommand (23ms) [Parameters=[@__request_CompanyId_0='?' (DbType = Guid)], CommandType='"Text"', CommandTimeout='30']
SELECT count(*)::int
FROM "ReorderAlerts" AS r
WHERE r."IsActive" AND r."CompanyId" = @__request_CompanyId_0 AND NOT (r."IsHandled")
2026-05-31 22:19:45.439 +05:30 [INF] Flowtap_Application.Common.Behaviors.LoggingBehavior: Handled GetAdminBroadcastsQuery
2026-05-31 22:19:45.505 +05:30 [DBG] Flowtap_Middleware.TenantMiddleware: Request for tenant 591b97e6-5334-4870-b151-1a695ad19310 at /api/v1/notifications/announcements
2026-05-31 22:19:45.522 +05:30 [INF] Microsoft.EntityFrameworkCore.Database.Command: Executed DbCommand (34ms) [Parameters=[@__clientIds_0='?' (DbType = Object)], CommandType='"Text"', CommandTimeout='30']
SELECT c."Id", c."AddressLine1", c."City", c."CompanyId", c."CompanyName", c."Country", c."CreatedAt", c."CreatedBy", c."CreatedByEmployeeId", c."DateOfBirth", c."DiscountPercent", c."Email", c."GSTIN", c."IsActive", c."LocationId", c."Name", c."Notes", c."Phone", c."PostalCode", c."ReferralSource", c."State", c."Type", c."UpdatedAt", c."UpdatedBy", c."UpdatedByEmployeeId", c."WhatsApp"
FROM "Clients" AS c
WHERE c."IsActive" AND c."Id" = ANY (@__clientIds_0)
2026-05-31 22:19:45.524 +05:30 [WRN] Flowtap_Application.Common.Behaviors.PerformanceBehavior: Slow request detected: GetSalesReportQuery took 563ms. Request: {"CompanyId":"591b97e6-5334-4870-b151-1a695ad19310","LocationId":null,"From":"2026-05-24T18:30:00.0000000Z","To":"2026-05-31T16:49:43.3570000Z","$type":"GetSalesReportQuery"}
2026-05-31 22:19:45.551 +05:30 [WRN] Flowtap_Application.Common.Behaviors.PerformanceBehavior: Slow request detected: GetDashboardStatsQuery took 1769ms. Request: {"CompanyId":"591b97e6-5334-4870-b151-1a695ad19310","LocationId":null,"$type":"GetDashboardStatsQuery"}
2026-05-31 22:19:45.560 +05:30 [INF] Flowtap_Middleware.RequestLoggingMiddleware: GET /api/v1/notifications/announcements → 200 | 867ms | Tenant: 591b97e6-5334-4870-b151-1a695ad19310
2026-05-31 22:19:45.568 +05:30 [INF] Microsoft.EntityFrameworkCore.Database.Command: Executed DbCommand (10ms) [Parameters=[@__productIds_0='?' (DbType = Object)], CommandType='"Text"', CommandTimeout='30']
SELECT p."Id", p."CategoryId", p."CompanyId", p."CreatedAt", p."CreatedBy", p."DefaultCostPrice", p."DefaultSalePrice", p."Emoji", p."HsnCode", p."IndustryMetadata", p."IsActive", p."IsSerialized", p."IsUniversal", p."Kind", p."Name", p."PublishStatus", p."SKU", p."Tag", p."TaxSlabId", p."UpdatedAt", p."UpdatedBy"
FROM "Products" AS p
WHERE p."IsActive" AND p."Id" = ANY (@__productIds_0)
2026-05-31 22:19:45.574 +05:30 [INF] Microsoft.EntityFrameworkCore.Database.Command: Executed DbCommand (1ms) [Parameters=[@__8__locals1_tenantId_0='?' (DbType = Guid), @__now_1='?' (DbType = DateTime)], CommandType='"Text"', CommandTimeout='30']
SELECT EXISTS (
    SELECT 1
    FROM "CompanySubscriptions" AS c
    WHERE c."IsActive" AND c."CompanyId" = @__8__locals1_tenantId_0 AND c."Status" = 1 AND c."EndDate" > @__now_1)
2026-05-31 22:19:45.615 +05:30 [INF] Flowtap_Application.Common.Behaviors.LoggingBehavior: Handled GetSalesReportQuery
2026-05-31 22:19:45.634 +05:30 [INF] Flowtap_Application.Common.Behaviors.LoggingBehavior: Handled GetDashboardStatsQuery
2026-05-31 22:19:45.648 +05:30 [DBG] Flowtap_Middleware.TenantMiddleware: Request for tenant 591b97e6-5334-4870-b151-1a695ad19310 at /api/v1/user-notifications/count
2026-05-31 22:19:45.692 +05:30 [INF] Microsoft.EntityFrameworkCore.Database.Command: Executed DbCommand (5ms) [Parameters=[@__8__locals1_tenantId_0='?' (DbType = Guid), @__now_1='?' (DbType = DateTime)], CommandType='"Text"', CommandTimeout='30']
SELECT EXISTS (
    SELECT 1
    FROM "TrialPlans" AS t
    WHERE t."IsActive" AND t."CompanyId" = @__8__locals1_tenantId_0 AND NOT (t."IsExpired") AND t."TrialEndDate" > @__now_1)
2026-05-31 22:19:45.776 +05:30 [INF] Flowtap_Middleware.RequestLoggingMiddleware: GET /api/v1/reports/dashboard → 200 | 2376ms | Tenant: 591b97e6-5334-4870-b151-1a695ad19310
2026-05-31 22:19:45.789 +05:30 [INF] Flowtap_Middleware.RequestLoggingMiddleware: GET /api/v1/reports/sales → 200 | 1236ms | Tenant: 591b97e6-5334-4870-b151-1a695ad19310
2026-05-31 22:19:45.815 +05:30 [INF] Microsoft.EntityFrameworkCore.Database.Command: Executed DbCommand (1ms) [Parameters=[@__8__locals1_tenantId_0='?' (DbType = Guid), @__now_1='?' (DbType = DateTime)], CommandType='"Text"', CommandTimeout='30']
SELECT EXISTS (
    SELECT 1
    FROM "CompanySubscriptions" AS c
    WHERE c."IsActive" AND c."CompanyId" = @__8__locals1_tenantId_0 AND c."Status" = 1 AND c."EndDate" > @__now_1)
2026-05-31 22:19:45.852 +05:30 [INF] Microsoft.EntityFrameworkCore.Database.Command: Executed DbCommand (9ms) [Parameters=[@__employeeIds_0='?' (DbType = Object)], CommandType='"Text"', CommandTimeout='30']
SELECT e."Id", u."Name"
FROM "Employees" AS e
INNER JOIN "UserProfiles" AS u ON e."UserAccountId" = u."UserAccountId"
WHERE e."Id" = ANY (@__employeeIds_0)
2026-05-31 22:19:45.868 +05:30 [INF] Flowtap_Application.Common.Behaviors.LoggingBehavior: Handling GetAdminBroadcastsQuery
2026-05-31 22:19:45.893 +05:30 [DBG] Flowtap_Middleware.TenantMiddleware: Request for tenant 591b97e6-5334-4870-b151-1a695ad19310 at /api/v1/sales
2026-05-31 22:19:45.912 +05:30 [DBG] Flowtap_Middleware.TenantMiddleware: Request for tenant 591b97e6-5334-4870-b151-1a695ad19310 at /api/v1/reports/sales
2026-05-31 22:19:45.931 +05:30 [INF] Microsoft.EntityFrameworkCore.Database.Command: Executed DbCommand (4ms) [Parameters=[@__8__locals1_tenantId_0='?' (DbType = Guid), @__now_1='?' (DbType = DateTime)], CommandType='"Text"', CommandTimeout='30']
SELECT EXISTS (
    SELECT 1
    FROM "TrialPlans" AS t
    WHERE t."IsActive" AND t."CompanyId" = @__8__locals1_tenantId_0 AND NOT (t."IsExpired") AND t."TrialEndDate" > @__now_1)
2026-05-31 22:19:45.942 +05:30 [WRN] Flowtap_Application.Common.Behaviors.PerformanceBehavior: Slow request detected: GetTopProductsQuery took 729ms. Request: {"CompanyId":"591b97e6-5334-4870-b151-1a695ad19310","LocationId":null,"From":"2026-05-24T18:30:00.0000000Z","To":"2026-05-31T16:49:43.3570000Z","Top":5,"$type":"GetTopProductsQuery"}
2026-05-31 22:19:45.955 +05:30 [INF] Microsoft.EntityFrameworkCore.Database.Command: Executed DbCommand (3ms) [Parameters=[@__request_CompanyId_0='?' (DbType = Guid), @__request_UserId_1='?' (DbType = Guid), @__request_Type_2='?', @__p_3='?' (DbType = Int32)], CommandType='"Text"', CommandTimeout='30']
SELECT a."Id", a."Subject", a."Message", a."Severity", a."SentBy", a."CreatedAt", a."LocationId", a."Type", a."TargetType", a."Priority", a."StartDate", a."EndDate"
FROM "AdminBroadcasts" AS a
WHERE a."CompanyId" = @__request_CompanyId_0 AND a."IsActive" AND NOT (COALESCE(a."Id" IN (
    SELECT u."ReferenceId"
    FROM "UserNotifications" AS u
    WHERE u."UserId" = @__request_UserId_1 AND u."Type" = 'DismissedBroadcast' AND u."ReferenceId" IS NOT NULL
), FALSE)) AND a."Type" = @__request_Type_2
ORDER BY a."CreatedAt" DESC
LIMIT @__p_3
2026-05-31 22:19:45.966 +05:30 [INF] Microsoft.EntityFrameworkCore.Database.Command: Executed DbCommand (4ms) [Parameters=[@__8__locals1_tenantId_0='?' (DbType = Guid), @__now_1='?' (DbType = DateTime)], CommandType='"Text"', CommandTimeout='30']
SELECT EXISTS (
    SELECT 1
    FROM "CompanySubscriptions" AS c
    WHERE c."IsActive" AND c."CompanyId" = @__8__locals1_tenantId_0 AND c."Status" = 1 AND c."EndDate" > @__now_1)
2026-05-31 22:19:45.979 +05:30 [INF] Microsoft.EntityFrameworkCore.Database.Command: Executed DbCommand (4ms) [Parameters=[@__brandGuids_0='?' (DbType = Object)], CommandType='"Text"', CommandTimeout='30']
SELECT d."Id", d."Color", d."CreatedAt", d."CreatedBy", d."IconUrl", d."IsActive", d."Name", d."ProductCategoryId", d."UpdatedAt", d."UpdatedBy"
FROM "DeviceBrands" AS d
WHERE d."Id" = ANY (@__brandGuids_0)
2026-05-31 22:19:45.982 +05:30 [INF] Microsoft.EntityFrameworkCore.Database.Command: Executed DbCommand (2ms) [Parameters=[@__8__locals1_tenantId_0='?' (DbType = Guid), @__now_1='?' (DbType = DateTime)], CommandType='"Text"', CommandTimeout='30']
SELECT EXISTS (
    SELECT 1
    FROM "CompanySubscriptions" AS c
    WHERE c."IsActive" AND c."CompanyId" = @__8__locals1_tenantId_0 AND c."Status" = 1 AND c."EndDate" > @__now_1)
2026-05-31 22:19:46.016 +05:30 [INF] Flowtap_Application.Common.Behaviors.LoggingBehavior: Handling GetUnreadNotificationCountQuery
2026-05-31 22:19:46.032 +05:30 [INF] Flowtap_Application.Common.Behaviors.LoggingBehavior: Handled GetTopProductsQuery
2026-05-31 22:19:46.040 +05:30 [INF] Flowtap_Application.Common.Behaviors.LoggingBehavior: Handled GetAdminBroadcastsQuery
2026-05-31 22:19:46.054 +05:30 [INF] Microsoft.EntityFrameworkCore.Database.Command: Executed DbCommand (2ms) [Parameters=[@__8__locals1_tenantId_0='?' (DbType = Guid), @__now_1='?' (DbType = DateTime)], CommandType='"Text"', CommandTimeout='30']
SELECT EXISTS (
    SELECT 1
    FROM "TrialPlans" AS t
    WHERE t."IsActive" AND t."CompanyId" = @__8__locals1_tenantId_0 AND NOT (t."IsExpired") AND t."TrialEndDate" > @__now_1)
2026-05-31 22:19:46.114 +05:30 [INF] Microsoft.EntityFrameworkCore.Database.Command: Executed DbCommand (13ms) [Parameters=[@__modelGuids_0='?' (DbType = Object)], CommandType='"Text"', CommandTimeout='30']
SELECT d."Id", d."BrandId", d."CreatedAt", d."CreatedBy", d."ImageUrl", d."IsActive", d."Name", d."ParentModelId", d."ProductCategoryId", d."UpdatedAt", d."UpdatedBy"
FROM "DeviceModels" AS d
WHERE d."Id" = ANY (@__modelGuids_0)
2026-05-31 22:19:46.115 +05:30 [INF] Microsoft.EntityFrameworkCore.Database.Command: Executed DbCommand (1ms) [Parameters=[@__8__locals1_tenantId_0='?' (DbType = Guid), @__now_1='?' (DbType = DateTime)], CommandType='"Text"', CommandTimeout='30']
SELECT EXISTS (
    SELECT 1
    FROM "TrialPlans" AS t
    WHERE t."IsActive" AND t."CompanyId" = @__8__locals1_tenantId_0 AND NOT (t."IsExpired") AND t."TrialEndDate" > @__now_1)
2026-05-31 22:19:46.143 +05:30 [INF] Microsoft.EntityFrameworkCore.Database.Command: Executed DbCommand (2ms) [Parameters=[@__request_CompanyId_0='?' (DbType = Guid), @__request_UserId_1='?' (DbType = Guid)], CommandType='"Text"', CommandTimeout='30']
SELECT count(*)::int
FROM "UserNotifications" AS u
WHERE u."CompanyId" = @__request_CompanyId_0 AND u."UserId" = @__request_UserId_1 AND NOT (u."IsRead")
2026-05-31 22:19:46.157 +05:30 [INF] Flowtap_Middleware.RequestLoggingMiddleware: GET /api/v1/notifications/announcements → 200 | 654ms | Tenant: 591b97e6-5334-4870-b151-1a695ad19310
2026-05-31 22:19:46.166 +05:30 [INF] Flowtap_Middleware.RequestLoggingMiddleware: GET /api/v1/reports/top-products → 200 | 1446ms | Tenant: 591b97e6-5334-4870-b151-1a695ad19310
2026-05-31 22:19:46.240 +05:30 [INF] Flowtap_Application.Common.Behaviors.LoggingBehavior: Handling GetSalesQuery
2026-05-31 22:19:46.337 +05:30 [WRN] Flowtap_Application.Common.Behaviors.PerformanceBehavior: Slow request detected: GetTicketsQuery took 1923ms. Request: {"CompanyId":"591b97e6-5334-4870-b151-1a695ad19310","LocationId":null,"Status":"Pending","Page":1,"PageSize":5,"$type":"GetTicketsQuery"}
2026-05-31 22:19:46.386 +05:30 [INF] Flowtap_Application.Common.Behaviors.LoggingBehavior: Handling GetSalesReportQuery
2026-05-31 22:19:46.424 +05:30 [INF] Flowtap_Application.Common.Behaviors.LoggingBehavior: Handled GetUnreadNotificationCountQuery
2026-05-31 22:19:46.446 +05:30 [DBG] Flowtap_Middleware.TenantMiddleware: Request for tenant 591b97e6-5334-4870-b151-1a695ad19310 at /api/v1/reports/top-products
2026-05-31 22:19:46.496 +05:30 [DBG] Flowtap_Middleware.TenantMiddleware: Request for tenant 591b97e6-5334-4870-b151-1a695ad19310 at /api/v1/messages/unread-count
2026-05-31 22:19:46.525 +05:30 [INF] Microsoft.EntityFrameworkCore.Database.Command: Executed DbCommand (7ms) [Parameters=[@__request_CompanyId_0='?' (DbType = Guid)], CommandType='"Text"', CommandTimeout='30']
SELECT count(*)::int
FROM "Sales" AS s
WHERE s."IsActive" AND s."CompanyId" = @__request_CompanyId_0
2026-05-31 22:19:46.664 +05:30 [INF] Flowtap_Application.Common.Behaviors.LoggingBehavior: Handled GetTicketsQuery
2026-05-31 22:19:46.697 +05:30 [INF] Microsoft.EntityFrameworkCore.Database.Command: Executed DbCommand (4ms) [Parameters=[@__request_CompanyId_0='?' (DbType = Guid), @__request_From_1='?' (DbType = DateTime), @__request_To_2='?' (DbType = DateTime)], CommandType='"Text"', CommandTimeout='30']
SELECT s."Id", s."CancellationReason", s."CashierEmployeeId", s."ClientId", s."CompanyId", s."CreatedAt", s."CreatedBy", s."DiscountAmount", s."FoodOrderType", s."IdempotencyKey", s."IsActive", s."LocationId", s."Notes", s."RefundReason", s."Source", s."Status", s."SubTotal", s."TableId", s."TaxAmount", s."TicketId", s."TotalAmount", s."TransactionNumber", s."UpdatedAt", s."UpdatedBy", s.xmin
FROM "Sales" AS s
WHERE s."IsActive" AND s."CompanyId" = @__request_CompanyId_0 AND s."CreatedAt" >= @__request_From_1 AND s."CreatedAt" <= @__request_To_2 AND s."Status" = 2
2026-05-31 22:19:46.707 +05:30 [INF] Flowtap_Middleware.RequestLoggingMiddleware: GET /api/v1/user-notifications/count → 200 | 1059ms | Tenant: 591b97e6-5334-4870-b151-1a695ad19310
2026-05-31 22:19:46.730 +05:30 [INF] Microsoft.EntityFrameworkCore.Database.Command: Executed DbCommand (4ms) [Parameters=[@__8__locals1_tenantId_0='?' (DbType = Guid), @__now_1='?' (DbType = DateTime)], CommandType='"Text"', CommandTimeout='30']
SELECT EXISTS (
    SELECT 1
    FROM "CompanySubscriptions" AS c
    WHERE c."IsActive" AND c."CompanyId" = @__8__locals1_tenantId_0 AND c."Status" = 1 AND c."EndDate" > @__now_1)
2026-05-31 22:19:46.740 +05:30 [INF] Microsoft.EntityFrameworkCore.Database.Command: Executed DbCommand (3ms) [Parameters=[@__8__locals1_tenantId_0='?' (DbType = Guid), @__now_1='?' (DbType = DateTime)], CommandType='"Text"', CommandTimeout='30']
SELECT EXISTS (
    SELECT 1
    FROM "CompanySubscriptions" AS c
    WHERE c."IsActive" AND c."CompanyId" = @__8__locals1_tenantId_0 AND c."Status" = 1 AND c."EndDate" > @__now_1)
2026-05-31 22:19:46.873 +05:30 [INF] Flowtap_Application.Common.Behaviors.LoggingBehavior: Handled GetSalesReportQuery
2026-05-31 22:19:46.920 +05:30 [DBG] Flowtap_Middleware.TenantMiddleware: Request for tenant 591b97e6-5334-4870-b151-1a695ad19310 at /api/v1/notifications/broadcasts
2026-05-31 22:19:46.971 +05:30 [WRN] Microsoft.EntityFrameworkCore.Query: Compiling a query which loads related collections for more than one collection navigation, either via 'Include' or through projection, but no 'QuerySplittingBehavior' has been configured. By default, Entity Framework will use 'QuerySplittingBehavior.SingleQuery', which can potentially result in slow query performance. See https://go.microsoft.com/fwlink/?linkid=2134277 for more information. To identify the query that's triggering this warning call 'ConfigureWarnings(w => w.Throw(RelationalEventId.MultipleCollectionIncludeWarning))'.
2026-05-31 22:19:46.985 +05:30 [INF] Flowtap_Middleware.RequestLoggingMiddleware: GET /api/v1/tickets → 200 | 3586ms | Tenant: 591b97e6-5334-4870-b151-1a695ad19310
2026-05-31 22:19:47.063 +05:30 [INF] Microsoft.EntityFrameworkCore.Database.Command: Executed DbCommand (10ms) [Parameters=[@__8__locals1_tenantId_0='?' (DbType = Guid), @__now_1='?' (DbType = DateTime)], CommandType='"Text"', CommandTimeout='30']
SELECT EXISTS (
    SELECT 1
    FROM "TrialPlans" AS t
    WHERE t."IsActive" AND t."CompanyId" = @__8__locals1_tenantId_0 AND NOT (t."IsExpired") AND t."TrialEndDate" > @__now_1)
2026-05-31 22:19:47.086 +05:30 [INF] Microsoft.EntityFrameworkCore.Database.Command: Executed DbCommand (1ms) [Parameters=[@__8__locals1_tenantId_0='?' (DbType = Guid), @__now_1='?' (DbType = DateTime)], CommandType='"Text"', CommandTimeout='30']
SELECT EXISTS (
    SELECT 1
    FROM "TrialPlans" AS t
    WHERE t."IsActive" AND t."CompanyId" = @__8__locals1_tenantId_0 AND NOT (t."IsExpired") AND t."TrialEndDate" > @__now_1)
2026-05-31 22:19:47.090 +05:30 [INF] Flowtap_Middleware.RequestLoggingMiddleware: GET /api/v1/reports/sales → 200 | 1178ms | Tenant: 591b97e6-5334-4870-b151-1a695ad19310
2026-05-31 22:19:47.105 +05:30 [INF] Microsoft.EntityFrameworkCore.Database.Command: Executed DbCommand (1ms) [Parameters=[@__8__locals1_tenantId_0='?' (DbType = Guid), @__now_1='?' (DbType = DateTime)], CommandType='"Text"', CommandTimeout='30']
SELECT EXISTS (
    SELECT 1
    FROM "CompanySubscriptions" AS c
    WHERE c."IsActive" AND c."CompanyId" = @__8__locals1_tenantId_0 AND c."Status" = 1 AND c."EndDate" > @__now_1)
2026-05-31 22:19:47.140 +05:30 [ERR] Microsoft.EntityFrameworkCore.Database.Command: Failed executing DbCommand (4ms) [Parameters=[@__request_CompanyId_0='?' (DbType = Guid), @__p_2='?' (DbType = Int32), @__p_1='?' (DbType = Int32)], CommandType='"Text"', CommandTimeout='30']
SELECT t."Id", t."CancellationReason", t."CashierEmployeeId", t."ClientId", t."CompanyId", t."CreatedAt", t."CreatedBy", t."DiscountAmount", t."FoodOrderType", t."IdempotencyKey", t."IsActive", t."LocationId", t."Notes", t."RefundReason", t."Source", t."Status", t."SubTotal", t."TableId", t."TaxAmount", t."TicketId", t."TotalAmount", t."TransactionNumber", t."UpdatedAt", t."UpdatedBy", t.xmin, s0."Id", s0."DiscountAmount", s0."DiscountPercent", s0."Notes", s0."ProductId", s0."ProductName", s0."Quantity", s0."SaleId", s0."SerialNumber", s0."TaxPercent", s0."Total", s0."Type", s0."UnitPrice", s0."VariantId", t0."Id", t0."AccountId", t0."Amount", t0."Comment", t0."CompanyId", t0."CreatedAt", t0."CreatedBy", t0."EmployeeId", t0."ExternalReference", t0."IdempotencyKey", t0."IsActive", t0."Method", t0."PaidAt", t0."Purpose", t0."SaleId", t0."TicketId", t0."UpdatedAt", t0."UpdatedBy"
FROM (
    SELECT s."Id", s."CancellationReason", s."CashierEmployeeId", s."ClientId", s."CompanyId", s."CreatedAt", s."CreatedBy", s."DiscountAmount", s."FoodOrderType", s."IdempotencyKey", s."IsActive", s."LocationId", s."Notes", s."RefundReason", s."Source", s."Status", s."SubTotal", s."TableId", s."TaxAmount", s."TicketId", s."TotalAmount", s."TransactionNumber", s."UpdatedAt", s."UpdatedBy", s.xmin
    FROM "Sales" AS s
    WHERE s."IsActive" AND s."CompanyId" = @__request_CompanyId_0
    ORDER BY s."CreatedAt" DESC
    LIMIT @__p_2 OFFSET @__p_1
) AS t
LEFT JOIN "SaleItems" AS s0 ON t."Id" = s0."SaleId"
LEFT JOIN (
    SELECT p."Id", p."AccountId", p."Amount", p."Comment", p."CompanyId", p."CreatedAt", p."CreatedBy", p."EmployeeId", p."ExternalReference", p."IdempotencyKey", p."IsActive", p."Method", p."PaidAt", p."Purpose", p."SaleId", p."TicketId", p."UpdatedAt", p."UpdatedBy"
    FROM "Payments" AS p
    WHERE p."IsActive"
) AS t0 ON t."Id" = t0."SaleId"
ORDER BY t."CreatedAt" DESC, t."Id", s0."Id"
2026-05-31 22:19:47.144 +05:30 [DBG] Flowtap_Middleware.TenantMiddleware: Request for tenant 591b97e6-5334-4870-b151-1a695ad19310 at /api/v1/notifications/broadcasts
2026-05-31 22:19:47.156 +05:30 [INF] Flowtap_Application.Common.Behaviors.LoggingBehavior: Handling GetTopProductsQuery
2026-05-31 22:19:47.168 +05:30 [INF] Flowtap_Application.Common.Behaviors.LoggingBehavior: Handling GetUnreadMessageCountQuery
2026-05-31 22:19:47.177 +05:30 [DBG] Flowtap_Middleware.TenantMiddleware: Request for tenant 591b97e6-5334-4870-b151-1a695ad19310 at /api/v1/notifications/announcements
2026-05-31 22:19:47.189 +05:30 [INF] Microsoft.EntityFrameworkCore.Database.Command: Executed DbCommand (1ms) [Parameters=[@__8__locals1_tenantId_0='?' (DbType = Guid), @__now_1='?' (DbType = DateTime)], CommandType='"Text"', CommandTimeout='30']
SELECT EXISTS (
    SELECT 1
    FROM "TrialPlans" AS t
    WHERE t."IsActive" AND t."CompanyId" = @__8__locals1_tenantId_0 AND NOT (t."IsExpired") AND t."TrialEndDate" > @__now_1)
2026-05-31 22:19:47.268 +05:30 [ERR] Microsoft.EntityFrameworkCore.Query: An exception occurred while iterating over the results of a query for context type 'Flowtap_Infrastructure.Persistence.DbContext.ApplicationDbContext'.
Npgsql.PostgresException (0x80004005): 42703: column s0.Notes does not exist

POSITION: 450
   at Npgsql.Internal.NpgsqlConnector.ReadMessageLong(Boolean async, DataRowLoadingMode dataRowLoadingMode, Boolean readingNotifications, Boolean isReadingPrependedMessage)
   at System.Runtime.CompilerServices.PoolingAsyncValueTaskMethodBuilder`1.StateMachineBox`1.System.Threading.Tasks.Sources.IValueTaskSource<TResult>.GetResult(Int16 token)
   at Npgsql.NpgsqlDataReader.NextResult(Boolean async, Boolean isConsuming, CancellationToken cancellationToken)
   at Npgsql.NpgsqlDataReader.NextResult(Boolean async, Boolean isConsuming, CancellationToken cancellationToken)
   at Npgsql.NpgsqlCommand.ExecuteReader(Boolean async, CommandBehavior behavior, CancellationToken cancellationToken)
   at Npgsql.NpgsqlCommand.ExecuteReader(Boolean async, CommandBehavior behavior, CancellationToken cancellationToken)
   at Npgsql.NpgsqlCommand.ExecuteDbDataReaderAsync(CommandBehavior behavior, CancellationToken cancellationToken)
   at Microsoft.EntityFrameworkCore.Storage.RelationalCommand.ExecuteReaderAsync(RelationalCommandParameterObject parameterObject, CancellationToken cancellationToken)
   at Microsoft.EntityFrameworkCore.Storage.RelationalCommand.ExecuteReaderAsync(RelationalCommandParameterObject parameterObject, CancellationToken cancellationToken)
   at Microsoft.EntityFrameworkCore.Query.Internal.SingleQueryingEnumerable`1.AsyncEnumerator.InitializeReaderAsync(AsyncEnumerator enumerator, CancellationToken cancellationToken)
   at Npgsql.EntityFrameworkCore.PostgreSQL.Storage.Internal.NpgsqlExecutionStrategy.ExecuteAsync[TState,TResult](TState state, Func`4 operation, Func`4 verifySucceeded, CancellationToken cancellationToken)
   at Microsoft.EntityFrameworkCore.Query.Internal.SingleQueryingEnumerable`1.AsyncEnumerator.MoveNextAsync()
  Exception data:
    Severity: ERROR
    SqlState: 42703
    MessageText: column s0.Notes does not exist
    Hint: Perhaps you meant to reference the column "t.Notes".
    Position: 450
    File: parse_relation.c
    Line: 3838
    Routine: errorMissingColumn
Npgsql.PostgresException (0x80004005): 42703: column s0.Notes does not exist

POSITION: 450
   at Npgsql.Internal.NpgsqlConnector.ReadMessageLong(Boolean async, DataRowLoadingMode dataRowLoadingMode, Boolean readingNotifications, Boolean isReadingPrependedMessage)
   at System.Runtime.CompilerServices.PoolingAsyncValueTaskMethodBuilder`1.StateMachineBox`1.System.Threading.Tasks.Sources.IValueTaskSource<TResult>.GetResult(Int16 token)
   at Npgsql.NpgsqlDataReader.NextResult(Boolean async, Boolean isConsuming, CancellationToken cancellationToken)
   at Npgsql.NpgsqlDataReader.NextResult(Boolean async, Boolean isConsuming, CancellationToken cancellationToken)
   at Npgsql.NpgsqlCommand.ExecuteReader(Boolean async, CommandBehavior behavior, CancellationToken cancellationToken)
   at Npgsql.NpgsqlCommand.ExecuteReader(Boolean async, CommandBehavior behavior, CancellationToken cancellationToken)
   at Npgsql.NpgsqlCommand.ExecuteDbDataReaderAsync(CommandBehavior behavior, CancellationToken cancellationToken)
   at Microsoft.EntityFrameworkCore.Storage.RelationalCommand.ExecuteReaderAsync(RelationalCommandParameterObject parameterObject, CancellationToken cancellationToken)
   at Microsoft.EntityFrameworkCore.Storage.RelationalCommand.ExecuteReaderAsync(RelationalCommandParameterObject parameterObject, CancellationToken cancellationToken)
   at Microsoft.EntityFrameworkCore.Query.Internal.SingleQueryingEnumerable`1.AsyncEnumerator.InitializeReaderAsync(AsyncEnumerator enumerator, CancellationToken cancellationToken)
   at Npgsql.EntityFrameworkCore.PostgreSQL.Storage.Internal.NpgsqlExecutionStrategy.ExecuteAsync[TState,TResult](TState state, Func`4 operation, Func`4 verifySucceeded, CancellationToken cancellationToken)
   at Microsoft.EntityFrameworkCore.Query.Internal.SingleQueryingEnumerable`1.AsyncEnumerator.MoveNextAsync()
  Exception data:
    Severity: ERROR
    SqlState: 42703
    MessageText: column s0.Notes does not exist
    Hint: Perhaps you meant to reference the column "t.Notes".
    Position: 450
    File: parse_relation.c
    Line: 3838
    Routine: errorMissingColumn
2026-05-31 22:19:47.276 +05:30 [INF] Microsoft.EntityFrameworkCore.Database.Command: Executed DbCommand (5ms) [Parameters=[@__8__locals1_tenantId_0='?' (DbType = Guid), @__now_1='?' (DbType = DateTime)], CommandType='"Text"', CommandTimeout='30']
SELECT EXISTS (
    SELECT 1
    FROM "CompanySubscriptions" AS c
    WHERE c."IsActive" AND c."CompanyId" = @__8__locals1_tenantId_0 AND c."Status" = 1 AND c."EndDate" > @__now_1)
2026-05-31 22:19:47.292 +05:30 [INF] Microsoft.EntityFrameworkCore.Database.Command: Executed DbCommand (5ms) [Parameters=[@__request_CompanyId_0='?' (DbType = Guid), @__request_From_1='?' (DbType = DateTime), @__request_To_2='?' (DbType = DateTime), @__p_3='?' (DbType = Int32)], CommandType='"Text"', CommandTimeout='30']
SELECT s."ProductId", s."ProductName", COALESCE(sum(s."Quantity"), 0.0)::int AS "QuantitySold", COALESCE(sum(s."Total"), 0.0) AS "Revenue"
FROM "SaleItems" AS s
INNER JOIN (
    SELECT s0."Id", s0."CompanyId", s0."CreatedAt"
    FROM "Sales" AS s0
    WHERE s0."IsActive"
) AS t ON s."SaleId" = t."Id"
WHERE t."CompanyId" = @__request_CompanyId_0 AND t."CreatedAt" >= @__request_From_1 AND t."CreatedAt" <= @__request_To_2
GROUP BY s."ProductId", s."ProductName"
ORDER BY COALESCE(sum(s."Total"), 0.0) DESC
LIMIT @__p_3
2026-05-31 22:19:47.303 +05:30 [INF] Microsoft.EntityFrameworkCore.Database.Command: Executed DbCommand (4ms) [Parameters=[@__request_CompanyId_0='?' (DbType = Guid), @__request_UserId_1='?' (DbType = Guid)], CommandType='"Text"', CommandTimeout='30']
SELECT count(*)::int
FROM "DirectMessages" AS d
WHERE d."CompanyId" = @__request_CompanyId_0 AND d."RecipientId" = @__request_UserId_1 AND NOT (d."IsRead") AND NOT (d."IsDeletedByRecipient")
2026-05-31 22:19:47.326 +05:30 [INF] Microsoft.EntityFrameworkCore.Database.Command: Executed DbCommand (3ms) [Parameters=[@__8__locals1_tenantId_0='?' (DbType = Guid), @__now_1='?' (DbType = DateTime)], CommandType='"Text"', CommandTimeout='30']
SELECT EXISTS (
    SELECT 1
    FROM "CompanySubscriptions" AS c
    WHERE c."IsActive" AND c."CompanyId" = @__8__locals1_tenantId_0 AND c."Status" = 1 AND c."EndDate" > @__now_1)
2026-05-31 22:19:47.344 +05:30 [INF] Flowtap_Application.Common.Behaviors.LoggingBehavior: Handling GetAdminBroadcastsQuery
2026-05-31 22:19:47.448 +05:30 [ERR] Flowtap_Middleware.ExceptionMiddleware: Unhandled exception: 42703: column s0.Notes does not exist

POSITION: 450
Npgsql.PostgresException (0x80004005): 42703: column s0.Notes does not exist

POSITION: 450
   at Npgsql.Internal.NpgsqlConnector.ReadMessageLong(Boolean async, DataRowLoadingMode dataRowLoadingMode, Boolean readingNotifications, Boolean isReadingPrependedMessage)
   at System.Runtime.CompilerServices.PoolingAsyncValueTaskMethodBuilder`1.StateMachineBox`1.System.Threading.Tasks.Sources.IValueTaskSource<TResult>.GetResult(Int16 token)
   at Npgsql.NpgsqlDataReader.NextResult(Boolean async, Boolean isConsuming, CancellationToken cancellationToken)
   at Npgsql.NpgsqlDataReader.NextResult(Boolean async, Boolean isConsuming, CancellationToken cancellationToken)
   at Npgsql.NpgsqlCommand.ExecuteReader(Boolean async, CommandBehavior behavior, CancellationToken cancellationToken)
   at Npgsql.NpgsqlCommand.ExecuteReader(Boolean async, CommandBehavior behavior, CancellationToken cancellationToken)
   at Npgsql.NpgsqlCommand.ExecuteDbDataReaderAsync(CommandBehavior behavior, CancellationToken cancellationToken)
   at Microsoft.EntityFrameworkCore.Storage.RelationalCommand.ExecuteReaderAsync(RelationalCommandParameterObject parameterObject, CancellationToken cancellationToken)
   at Microsoft.EntityFrameworkCore.Storage.RelationalCommand.ExecuteReaderAsync(RelationalCommandParameterObject parameterObject, CancellationToken cancellationToken)
   at Microsoft.EntityFrameworkCore.Query.Internal.SingleQueryingEnumerable`1.AsyncEnumerator.InitializeReaderAsync(AsyncEnumerator enumerator, CancellationToken cancellationToken)
   at Npgsql.EntityFrameworkCore.PostgreSQL.Storage.Internal.NpgsqlExecutionStrategy.ExecuteAsync[TState,TResult](TState state, Func`4 operation, Func`4 verifySucceeded, CancellationToken cancellationToken)
   at Microsoft.EntityFrameworkCore.Query.Internal.SingleQueryingEnumerable`1.AsyncEnumerator.MoveNextAsync()
   at Microsoft.EntityFrameworkCore.EntityFrameworkQueryableExtensions.ToListAsync[TSource](IQueryable`1 source, CancellationToken cancellationToken)
   at Microsoft.EntityFrameworkCore.EntityFrameworkQueryableExtensions.ToListAsync[TSource](IQueryable`1 source, CancellationToken cancellationToken)
   at Flowtap_Application.Features.Sales.Queries.GetSales.GetSalesQueryHandler.Handle(GetSalesQuery request, CancellationToken ct) in D:\Git\Flowtap_MultiSaas_Backend_modern\SharedCore\Flowtap_Application\Features\Sales\Queries\GetSales\GetSalesQueryHandler.cs:line 30
   at Flowtap_Application.Common.Behaviors.PerformanceBehavior`2.Handle(TRequest request, RequestHandlerDelegate`1 next, CancellationToken cancellationToken) in D:\Git\Flowtap_MultiSaas_Backend_modern\SharedCore\Flowtap_Application\Common\Behaviors\PerformanceBehavior.cs:line 20
   at Flowtap_Application.Common.Behaviors.LoggingBehavior`2.Handle(TRequest request, RequestHandlerDelegate`1 next, CancellationToken cancellationToken) in D:\Git\Flowtap_MultiSaas_Backend_modern\SharedCore\Flowtap_Application\Common\Behaviors\LoggingBehavior.cs:line 18
   at Flowtap_Application.Common.Behaviors.ValidationBehavior`2.Handle(TRequest request, RequestHandlerDelegate`1 next, CancellationToken cancellationToken) in D:\Git\Flowtap_MultiSaas_Backend_modern\SharedCore\Flowtap_Application\Common\Behaviors\ValidationBehavior.cs:line 16
   at Flowtap_Presentation.Controllers.SaleController.GetAll(GetSalesQuery query, CancellationToken ct) in D:\Git\Flowtap_MultiSaas_Backend_modern\SharedCore\Flowtap_Presentation.Core\Controllers\SaleController.cs:line 23
   at Microsoft.AspNetCore.Mvc.Infrastructure.ActionMethodExecutor.TaskOfIActionResultExecutor.Execute(ActionContext actionContext, IActionResultTypeMapper mapper, ObjectMethodExecutor executor, Object controller, Object[] arguments)
   at Microsoft.AspNetCore.Mvc.Infrastructure.ControllerActionInvoker.<InvokeActionMethodAsync>g__Awaited|12_0(ControllerActionInvoker invoker, ValueTask`1 actionResultValueTask)
   at Microsoft.AspNetCore.Mvc.Infrastructure.ControllerActionInvoker.<InvokeNextActionFilterAsync>g__Awaited|10_0(ControllerActionInvoker invoker, Task lastTask, State next, Scope scope, Object state, Boolean isCompleted)
   at Microsoft.AspNetCore.Mvc.Infrastructure.ControllerActionInvoker.Rethrow(ActionExecutedContextSealed context)
   at Microsoft.AspNetCore.Mvc.Infrastructure.ControllerActionInvoker.Next(State& next, Scope& scope, Object& state, Boolean& isCompleted)
   at Microsoft.AspNetCore.Mvc.Infrastructure.ControllerActionInvoker.<InvokeInnerFilterAsync>g__Awaited|13_0(ControllerActionInvoker invoker, Task lastTask, State next, Scope scope, Object state, Boolean isCompleted)
   at Microsoft.AspNetCore.Mvc.Infrastructure.ResourceInvoker.<InvokeFilterPipelineAsync>g__Awaited|20_0(ResourceInvoker invoker, Task lastTask, State next, Scope scope, Object state, Boolean isCompleted)
   at Microsoft.AspNetCore.Mvc.Infrastructure.ResourceInvoker.<InvokeAsync>g__Awaited|17_0(ResourceInvoker invoker, Task task, IDisposable scope)
   at Microsoft.AspNetCore.Mvc.Infrastructure.ResourceInvoker.<InvokeAsync>g__Awaited|17_0(ResourceInvoker invoker, Task task, IDisposable scope)
   at Flowtap_Middleware.TenantMiddleware.InvokeAsync(HttpContext context) in D:\Git\Flowtap_MultiSaas_Backend_modern\SharedCore\Flowtap_Middleware\TenantMiddleware.cs:line 84
   at Microsoft.AspNetCore.Authorization.AuthorizationMiddleware.Invoke(HttpContext context)
   at Microsoft.AspNetCore.Authentication.AuthenticationMiddleware.Invoke(HttpContext context)
   at Flowtap_Middleware.ExceptionMiddleware.InvokeAsync(HttpContext context) in D:\Git\Flowtap_MultiSaas_Backend_modern\SharedCore\Flowtap_Middleware\ExceptionMiddleware.cs:line 23
  Exception data:
    Severity: ERROR
    SqlState: 42703
    MessageText: column s0.Notes does not exist
    Hint: Perhaps you meant to reference the column "t.Notes".
    Position: 450
    File: parse_relation.c
    Line: 3838
    Routine: errorMissingColumn
2026-05-31 22:19:47.471 +05:30 [INF] Microsoft.EntityFrameworkCore.Database.Command: Executed DbCommand (3ms) [Parameters=[@__8__locals1_tenantId_0='?' (DbType = Guid), @__now_1='?' (DbType = DateTime)], CommandType='"Text"', CommandTimeout='30']
SELECT EXISTS (
    SELECT 1
    FROM "TrialPlans" AS t
    WHERE t."IsActive" AND t."CompanyId" = @__8__locals1_tenantId_0 AND NOT (t."IsExpired") AND t."TrialEndDate" > @__now_1)
2026-05-31 22:19:47.506 +05:30 [INF] Microsoft.EntityFrameworkCore.Database.Command: Executed DbCommand (7ms) [Parameters=[@__productIds_0='?' (DbType = Object)], CommandType='"Text"', CommandTimeout='30']
SELECT p."Id", p."CategoryId", p."CompanyId", p."CreatedAt", p."CreatedBy", p."DefaultCostPrice", p."DefaultSalePrice", p."Emoji", p."HsnCode", p."IndustryMetadata", p."IsActive", p."IsSerialized", p."IsUniversal", p."Kind", p."Name", p."PublishStatus", p."SKU", p."Tag", p."TaxSlabId", p."UpdatedAt", p."UpdatedBy"
FROM "Products" AS p
WHERE p."IsActive" AND p."Id" = ANY (@__productIds_0)
2026-05-31 22:19:47.531 +05:30 [INF] Flowtap_Application.Common.Behaviors.LoggingBehavior: Handled GetUnreadMessageCountQuery
2026-05-31 22:19:47.552 +05:30 [INF] Microsoft.EntityFrameworkCore.Database.Command: Executed DbCommand (1ms) [Parameters=[@__8__locals1_tenantId_0='?' (DbType = Guid), @__now_1='?' (DbType = DateTime)], CommandType='"Text"', CommandTimeout='30']
SELECT EXISTS (
    SELECT 1
    FROM "TrialPlans" AS t
    WHERE t."IsActive" AND t."CompanyId" = @__8__locals1_tenantId_0 AND NOT (t."IsExpired") AND t."TrialEndDate" > @__now_1)
2026-05-31 22:19:47.571 +05:30 [INF] Microsoft.EntityFrameworkCore.Database.Command: Executed DbCommand (6ms) [Parameters=[@__request_CompanyId_0='?' (DbType = Guid), @__request_UserId_1='?' (DbType = Guid), @__p_2='?' (DbType = Int32)], CommandType='"Text"', CommandTimeout='30']
SELECT a."Id", a."Subject", a."Message", a."Severity", a."SentBy", a."CreatedAt", a."LocationId", a."Type", a."TargetType", a."Priority", a."StartDate", a."EndDate"
FROM "AdminBroadcasts" AS a
WHERE a."CompanyId" = @__request_CompanyId_0 AND a."IsActive" AND NOT (COALESCE(a."Id" IN (
    SELECT u."ReferenceId"
    FROM "UserNotifications" AS u
    WHERE u."UserId" = @__request_UserId_1 AND u."Type" = 'DismissedBroadcast' AND u."ReferenceId" IS NOT NULL
), FALSE))
ORDER BY a."CreatedAt" DESC
LIMIT @__p_2
2026-05-31 22:19:47.734 +05:30 [INF] Flowtap_Middleware.RequestLoggingMiddleware: GET /api/v1/sales → 500 | 1841ms | Tenant: 591b97e6-5334-4870-b151-1a695ad19310
2026-05-31 22:19:47.738 +05:30 [INF] Flowtap_Application.Common.Behaviors.LoggingBehavior: Handling GetAdminBroadcastsQuery
2026-05-31 22:19:47.783 +05:30 [WRN] Flowtap_Application.Common.Behaviors.PerformanceBehavior: Slow request detected: GetTopProductsQuery took 502ms. Request: {"CompanyId":"591b97e6-5334-4870-b151-1a695ad19310","LocationId":null,"From":"2026-05-24T18:30:00.0000000Z","To":"2026-05-31T16:49:43.3580000Z","Top":5,"$type":"GetTopProductsQuery"}
2026-05-31 22:19:47.791 +05:30 [INF] Flowtap_Middleware.RequestLoggingMiddleware: GET /api/v1/messages/unread-count → 200 | 1295ms | Tenant: 591b97e6-5334-4870-b151-1a695ad19310
2026-05-31 22:19:47.803 +05:30 [INF] Flowtap_Application.Common.Behaviors.LoggingBehavior: Handling GetAdminBroadcastsQuery
2026-05-31 22:19:47.814 +05:30 [INF] Flowtap_Application.Common.Behaviors.LoggingBehavior: Handled GetAdminBroadcastsQuery
2026-05-31 22:19:47.847 +05:30 [DBG] Flowtap_Middleware.TenantMiddleware: Request for tenant 591b97e6-5334-4870-b151-1a695ad19310 at /api/v1/notifications/announcements
2026-05-31 22:19:47.868 +05:30 [INF] Microsoft.EntityFrameworkCore.Database.Command: Executed DbCommand (2ms) [Parameters=[@__request_CompanyId_0='?' (DbType = Guid), @__request_UserId_1='?' (DbType = Guid), @__p_2='?' (DbType = Int32)], CommandType='"Text"', CommandTimeout='30']
SELECT a."Id", a."Subject", a."Message", a."Severity", a."SentBy", a."CreatedAt", a."LocationId", a."Type", a."TargetType", a."Priority", a."StartDate", a."EndDate"
FROM "AdminBroadcasts" AS a
WHERE a."CompanyId" = @__request_CompanyId_0 AND a."IsActive" AND NOT (COALESCE(a."Id" IN (
    SELECT u."ReferenceId"
    FROM "UserNotifications" AS u
    WHERE u."UserId" = @__request_UserId_1 AND u."Type" = 'DismissedBroadcast' AND u."ReferenceId" IS NOT NULL
), FALSE))
ORDER BY a."CreatedAt" DESC
LIMIT @__p_2
2026-05-31 22:19:47.999 +05:30 [INF] Flowtap_Application.Common.Behaviors.LoggingBehavior: Handled GetTopProductsQuery
2026-05-31 22:19:48.052 +05:30 [DBG] Flowtap_Middleware.TenantMiddleware: Request for tenant 591b97e6-5334-4870-b151-1a695ad19310 at /api/v1/reports/dashboard
2026-05-31 22:19:48.079 +05:30 [INF] Microsoft.EntityFrameworkCore.Database.Command: Executed DbCommand (8ms) [Parameters=[@__request_CompanyId_0='?' (DbType = Guid), @__request_UserId_1='?' (DbType = Guid), @__request_Type_2='?', @__p_3='?' (DbType = Int32)], CommandType='"Text"', CommandTimeout='30']
SELECT a."Id", a."Subject", a."Message", a."Severity", a."SentBy", a."CreatedAt", a."LocationId", a."Type", a."TargetType", a."Priority", a."StartDate", a."EndDate"
FROM "AdminBroadcasts" AS a
WHERE a."CompanyId" = @__request_CompanyId_0 AND a."IsActive" AND NOT (COALESCE(a."Id" IN (
    SELECT u."ReferenceId"
    FROM "UserNotifications" AS u
    WHERE u."UserId" = @__request_UserId_1 AND u."Type" = 'DismissedBroadcast' AND u."ReferenceId" IS NOT NULL
), FALSE)) AND a."Type" = @__request_Type_2
ORDER BY a."CreatedAt" DESC
LIMIT @__p_3
2026-05-31 22:19:48.083 +05:30 [INF] Flowtap_Middleware.RequestLoggingMiddleware: GET /api/v1/notifications/broadcasts → 200 | 1165ms | Tenant: 591b97e6-5334-4870-b151-1a695ad19310
2026-05-31 22:19:48.109 +05:30 [INF] Microsoft.EntityFrameworkCore.Database.Command: Executed DbCommand (1ms) [Parameters=[@__8__locals1_tenantId_0='?' (DbType = Guid), @__now_1='?' (DbType = DateTime)], CommandType='"Text"', CommandTimeout='30']
SELECT EXISTS (
    SELECT 1
    FROM "CompanySubscriptions" AS c
    WHERE c."IsActive" AND c."CompanyId" = @__8__locals1_tenantId_0 AND c."Status" = 1 AND c."EndDate" > @__now_1)
2026-05-31 22:19:48.132 +05:30 [INF] Flowtap_Application.Common.Behaviors.LoggingBehavior: Handled GetAdminBroadcastsQuery
2026-05-31 22:19:48.141 +05:30 [INF] Flowtap_Middleware.RequestLoggingMiddleware: GET /api/v1/reports/top-products → 200 | 1697ms | Tenant: 591b97e6-5334-4870-b151-1a695ad19310
2026-05-31 22:19:48.161 +05:30 [INF] Microsoft.EntityFrameworkCore.Database.Command: Executed DbCommand (3ms) [Parameters=[@__8__locals1_tenantId_0='?' (DbType = Guid), @__now_1='?' (DbType = DateTime)], CommandType='"Text"', CommandTimeout='30']
SELECT EXISTS (
    SELECT 1
    FROM "CompanySubscriptions" AS c
    WHERE c."IsActive" AND c."CompanyId" = @__8__locals1_tenantId_0 AND c."Status" = 1 AND c."EndDate" > @__now_1)
2026-05-31 22:19:48.179 +05:30 [INF] Flowtap_Application.Common.Behaviors.LoggingBehavior: Handled GetAdminBroadcastsQuery
2026-05-31 22:19:48.198 +05:30 [DBG] Flowtap_Middleware.TenantMiddleware: Request for tenant 591b97e6-5334-4870-b151-1a695ad19310 at /api/v1/notifications/announcements
2026-05-31 22:19:48.225 +05:30 [INF] Microsoft.EntityFrameworkCore.Database.Command: Executed DbCommand (2ms) [Parameters=[@__8__locals1_tenantId_0='?' (DbType = Guid), @__now_1='?' (DbType = DateTime)], CommandType='"Text"', CommandTimeout='30']
SELECT EXISTS (
    SELECT 1
    FROM "TrialPlans" AS t
    WHERE t."IsActive" AND t."CompanyId" = @__8__locals1_tenantId_0 AND NOT (t."IsExpired") AND t."TrialEndDate" > @__now_1)
2026-05-31 22:19:48.235 +05:30 [INF] Flowtap_Middleware.RequestLoggingMiddleware: GET /api/v1/notifications/broadcasts → 200 | 1091ms | Tenant: 591b97e6-5334-4870-b151-1a695ad19310
2026-05-31 22:19:48.251 +05:30 [DBG] Flowtap_Middleware.TenantMiddleware: Request for tenant 591b97e6-5334-4870-b151-1a695ad19310 at /api/v1/user-notifications/count
2026-05-31 22:19:48.268 +05:30 [INF] Microsoft.EntityFrameworkCore.Database.Command: Executed DbCommand (1ms) [Parameters=[@__8__locals1_tenantId_0='?' (DbType = Guid), @__now_1='?' (DbType = DateTime)], CommandType='"Text"', CommandTimeout='30']
SELECT EXISTS (
    SELECT 1
    FROM "TrialPlans" AS t
    WHERE t."IsActive" AND t."CompanyId" = @__8__locals1_tenantId_0 AND NOT (t."IsExpired") AND t."TrialEndDate" > @__now_1)
2026-05-31 22:19:48.274 +05:30 [INF] Flowtap_Middleware.RequestLoggingMiddleware: GET /api/v1/notifications/announcements → 200 | 1097ms | Tenant: 591b97e6-5334-4870-b151-1a695ad19310
2026-05-31 22:19:48.292 +05:30 [INF] Microsoft.EntityFrameworkCore.Database.Command: Executed DbCommand (1ms) [Parameters=[@__8__locals1_tenantId_0='?' (DbType = Guid), @__now_1='?' (DbType = DateTime)], CommandType='"Text"', CommandTimeout='30']
SELECT EXISTS (
    SELECT 1
    FROM "CompanySubscriptions" AS c
    WHERE c."IsActive" AND c."CompanyId" = @__8__locals1_tenantId_0 AND c."Status" = 1 AND c."EndDate" > @__now_1)
2026-05-31 22:19:48.302 +05:30 [INF] Flowtap_Application.Common.Behaviors.LoggingBehavior: Handling GetAdminBroadcastsQuery
2026-05-31 22:19:48.312 +05:30 [DBG] Flowtap_Middleware.TenantMiddleware: Request for tenant 591b97e6-5334-4870-b151-1a695ad19310 at /api/v1/tickets
2026-05-31 22:19:48.319 +05:30 [INF] Microsoft.EntityFrameworkCore.Database.Command: Executed DbCommand (2ms) [Parameters=[@__8__locals1_tenantId_0='?' (DbType = Guid), @__now_1='?' (DbType = DateTime)], CommandType='"Text"', CommandTimeout='30']
SELECT EXISTS (
    SELECT 1
    FROM "CompanySubscriptions" AS c
    WHERE c."IsActive" AND c."CompanyId" = @__8__locals1_tenantId_0 AND c."Status" = 1 AND c."EndDate" > @__now_1)
2026-05-31 22:19:48.325 +05:30 [INF] Flowtap_Application.Common.Behaviors.LoggingBehavior: Handling GetDashboardStatsQuery
2026-05-31 22:19:48.336 +05:30 [DBG] Flowtap_Middleware.TenantMiddleware: Request for tenant 591b97e6-5334-4870-b151-1a695ad19310 at /api/v1/sales
2026-05-31 22:19:48.347 +05:30 [INF] Microsoft.EntityFrameworkCore.Database.Command: Executed DbCommand (3ms) [Parameters=[@__8__locals1_tenantId_0='?' (DbType = Guid), @__now_1='?' (DbType = DateTime)], CommandType='"Text"', CommandTimeout='30']
SELECT EXISTS (
    SELECT 1
    FROM "TrialPlans" AS t
    WHERE t."IsActive" AND t."CompanyId" = @__8__locals1_tenantId_0 AND NOT (t."IsExpired") AND t."TrialEndDate" > @__now_1)
2026-05-31 22:19:48.356 +05:30 [INF] Microsoft.EntityFrameworkCore.Database.Command: Executed DbCommand (2ms) [Parameters=[@__request_CompanyId_0='?' (DbType = Guid), @__request_UserId_1='?' (DbType = Guid), @__request_Type_2='?', @__p_3='?' (DbType = Int32)], CommandType='"Text"', CommandTimeout='30']
SELECT a."Id", a."Subject", a."Message", a."Severity", a."SentBy", a."CreatedAt", a."LocationId", a."Type", a."TargetType", a."Priority", a."StartDate", a."EndDate"
FROM "AdminBroadcasts" AS a
WHERE a."CompanyId" = @__request_CompanyId_0 AND a."IsActive" AND NOT (COALESCE(a."Id" IN (
    SELECT u."ReferenceId"
    FROM "UserNotifications" AS u
    WHERE u."UserId" = @__request_UserId_1 AND u."Type" = 'DismissedBroadcast' AND u."ReferenceId" IS NOT NULL
), FALSE)) AND a."Type" = @__request_Type_2
ORDER BY a."CreatedAt" DESC
LIMIT @__p_3
2026-05-31 22:19:48.364 +05:30 [INF] Microsoft.EntityFrameworkCore.Database.Command: Executed DbCommand (2ms) [Parameters=[@__8__locals1_tenantId_0='?' (DbType = Guid), @__now_1='?' (DbType = DateTime)], CommandType='"Text"', CommandTimeout='30']
SELECT EXISTS (
    SELECT 1
    FROM "CompanySubscriptions" AS c
    WHERE c."IsActive" AND c."CompanyId" = @__8__locals1_tenantId_0 AND c."Status" = 1 AND c."EndDate" > @__now_1)
2026-05-31 22:19:48.377 +05:30 [INF] Microsoft.EntityFrameworkCore.Database.Command: Executed DbCommand (2ms) [Parameters=[@__8__locals1_tenantId_0='?' (DbType = Guid), @__now_1='?' (DbType = DateTime)], CommandType='"Text"', CommandTimeout='30']
SELECT EXISTS (
    SELECT 1
    FROM "TrialPlans" AS t
    WHERE t."IsActive" AND t."CompanyId" = @__8__locals1_tenantId_0 AND NOT (t."IsExpired") AND t."TrialEndDate" > @__now_1)
2026-05-31 22:19:48.398 +05:30 [INF] Microsoft.EntityFrameworkCore.Database.Command: Executed DbCommand (10ms) [Parameters=[@__request_CompanyId_0='?' (DbType = Guid), @__today_1='?' (DbType = DateTime)], CommandType='"Text"', CommandTimeout='30']
SELECT COALESCE(sum(s."TotalAmount"), 0.0)
FROM "Sales" AS s
WHERE s."IsActive" AND s."CompanyId" = @__request_CompanyId_0 AND s."CreatedAt" >= @__today_1
2026-05-31 22:19:48.399 +05:30 [INF] Microsoft.EntityFrameworkCore.Database.Command: Executed DbCommand (1ms) [Parameters=[@__8__locals1_tenantId_0='?' (DbType = Guid), @__now_1='?' (DbType = DateTime)], CommandType='"Text"', CommandTimeout='30']
SELECT EXISTS (
    SELECT 1
    FROM "CompanySubscriptions" AS c
    WHERE c."IsActive" AND c."CompanyId" = @__8__locals1_tenantId_0 AND c."Status" = 1 AND c."EndDate" > @__now_1)
2026-05-31 22:19:48.408 +05:30 [INF] Flowtap_Application.Common.Behaviors.LoggingBehavior: Handling GetAdminBroadcastsQuery
2026-05-31 22:19:48.423 +05:30 [INF] Flowtap_Application.Common.Behaviors.LoggingBehavior: Handled GetAdminBroadcastsQuery
2026-05-31 22:19:48.438 +05:30 [INF] Microsoft.EntityFrameworkCore.Database.Command: Executed DbCommand (2ms) [Parameters=[@__8__locals1_tenantId_0='?' (DbType = Guid), @__now_1='?' (DbType = DateTime)], CommandType='"Text"', CommandTimeout='30']
SELECT EXISTS (
    SELECT 1
    FROM "TrialPlans" AS t
    WHERE t."IsActive" AND t."CompanyId" = @__8__locals1_tenantId_0 AND NOT (t."IsExpired") AND t."TrialEndDate" > @__now_1)
2026-05-31 22:19:48.456 +05:30 [INF] Flowtap_Application.Common.Behaviors.LoggingBehavior: Handling GetUnreadNotificationCountQuery
2026-05-31 22:19:48.521 +05:30 [INF] Microsoft.EntityFrameworkCore.Database.Command: Executed DbCommand (2ms) [Parameters=[@__request_CompanyId_0='?' (DbType = Guid), @__today_1='?' (DbType = DateTime)], CommandType='"Text"', CommandTimeout='30']
SELECT count(*)::int
FROM "Sales" AS s
WHERE s."IsActive" AND s."CompanyId" = @__request_CompanyId_0 AND s."CreatedAt" >= @__today_1
2026-05-31 22:19:48.590 +05:30 [INF] Microsoft.EntityFrameworkCore.Database.Command: Executed DbCommand (2ms) [Parameters=[@__8__locals1_tenantId_0='?' (DbType = Guid), @__now_1='?' (DbType = DateTime)], CommandType='"Text"', CommandTimeout='30']
SELECT EXISTS (
    SELECT 1
    FROM "TrialPlans" AS t
    WHERE t."IsActive" AND t."CompanyId" = @__8__locals1_tenantId_0 AND NOT (t."IsExpired") AND t."TrialEndDate" > @__now_1)
2026-05-31 22:19:48.609 +05:30 [INF] Microsoft.EntityFrameworkCore.Database.Command: Executed DbCommand (2ms) [Parameters=[@__request_CompanyId_0='?' (DbType = Guid), @__request_UserId_1='?' (DbType = Guid), @__request_Type_2='?', @__p_3='?' (DbType = Int32)], CommandType='"Text"', CommandTimeout='30']
SELECT a."Id", a."Subject", a."Message", a."Severity", a."SentBy", a."CreatedAt", a."LocationId", a."Type", a."TargetType", a."Priority", a."StartDate", a."EndDate"
FROM "AdminBroadcasts" AS a
WHERE a."CompanyId" = @__request_CompanyId_0 AND a."IsActive" AND NOT (COALESCE(a."Id" IN (
    SELECT u."ReferenceId"
    FROM "UserNotifications" AS u
    WHERE u."UserId" = @__request_UserId_1 AND u."Type" = 'DismissedBroadcast' AND u."ReferenceId" IS NOT NULL
), FALSE)) AND a."Type" = @__request_Type_2
ORDER BY a."CreatedAt" DESC
LIMIT @__p_3
2026-05-31 22:19:48.622 +05:30 [INF] Flowtap_Middleware.RequestLoggingMiddleware: GET /api/v1/notifications/announcements → 200 | 776ms | Tenant: 591b97e6-5334-4870-b151-1a695ad19310
2026-05-31 22:19:48.813 +05:30 [INF] Microsoft.EntityFrameworkCore.Database.Command: Executed DbCommand (6ms) [Parameters=[@__tenantId_0='?' (DbType = Guid)], CommandType='"Text"', CommandTimeout='30']
SELECT t."Id", t."ActiveModules", t."Address", t."BusinessType", t."Country", t."CreatedAt", t."CreatedBy", t."Currency", t."Email", t."IndustryType", t."IsActive", t."OwnerId", t."Phone", t."Requisites", t."SubDomain", t."Title", t."UpdatedAt", t."UpdatedBy", t."Website"
FROM "Tenants" AS t
WHERE t."Id" = @__tenantId_0
LIMIT 1
2026-05-31 22:19:48.869 +05:30 [INF] Microsoft.EntityFrameworkCore.Database.Command: Executed DbCommand (3ms) [Parameters=[@__request_CompanyId_0='?' (DbType = Guid), @__request_UserId_1='?' (DbType = Guid)], CommandType='"Text"', CommandTimeout='30']
SELECT count(*)::int
FROM "UserNotifications" AS u
WHERE u."CompanyId" = @__request_CompanyId_0 AND u."UserId" = @__request_UserId_1 AND NOT (u."IsRead")
2026-05-31 22:19:48.943 +05:30 [INF] Microsoft.EntityFrameworkCore.Database.Command: Executed DbCommand (9ms) [Parameters=[@__request_CompanyId_0='?' (DbType = Guid), @__monthStart_1='?' (DbType = DateTime)], CommandType='"Text"', CommandTimeout='30']
SELECT COALESCE(sum(s."TotalAmount"), 0.0)
FROM "Sales" AS s
WHERE s."IsActive" AND s."CompanyId" = @__request_CompanyId_0 AND s."CreatedAt" >= @__monthStart_1
2026-05-31 22:19:49.024 +05:30 [INF] Flowtap_Application.Common.Behaviors.LoggingBehavior: Handling GetSalesQuery
2026-05-31 22:19:49.067 +05:30 [INF] Flowtap_Application.Common.Behaviors.LoggingBehavior: Handled GetAdminBroadcastsQuery
2026-05-31 22:19:49.118 +05:30 [DBG] Flowtap_Middleware.TenantMiddleware: Request for tenant 591b97e6-5334-4870-b151-1a695ad19310 at /api/v1/notifications/broadcasts
2026-05-31 22:19:49.134 +05:30 [INF] Flowtap_Application.Common.Behaviors.LoggingBehavior: Handling GetTicketsQuery
2026-05-31 22:19:49.147 +05:30 [INF] Flowtap_Application.Common.Behaviors.LoggingBehavior: Handled GetUnreadNotificationCountQuery
2026-05-31 22:19:49.160 +05:30 [INF] Microsoft.EntityFrameworkCore.Database.Command: Executed DbCommand (4ms) [Parameters=[@__request_CompanyId_0='?' (DbType = Guid), @__monthStart_1='?' (DbType = DateTime)], CommandType='"Text"', CommandTimeout='30']
SELECT count(*)::int
FROM "Clients" AS c
WHERE c."IsActive" AND c."CompanyId" = @__request_CompanyId_0 AND c."CreatedAt" >= @__monthStart_1
2026-05-31 22:19:49.166 +05:30 [INF] Microsoft.EntityFrameworkCore.Database.Command: Executed DbCommand (1ms) [Parameters=[@__request_CompanyId_0='?' (DbType = Guid)], CommandType='"Text"', CommandTimeout='30']
SELECT count(*)::int
FROM "Sales" AS s
WHERE s."IsActive" AND s."CompanyId" = @__request_CompanyId_0
2026-05-31 22:19:49.166 +05:30 [INF] Flowtap_Middleware.RequestLoggingMiddleware: GET /api/v1/notifications/announcements → 200 | 968ms | Tenant: 591b97e6-5334-4870-b151-1a695ad19310
2026-05-31 22:19:49.181 +05:30 [INF] Microsoft.EntityFrameworkCore.Database.Command: Executed DbCommand (1ms) [Parameters=[@__8__locals1_tenantId_0='?' (DbType = Guid), @__now_1='?' (DbType = DateTime)], CommandType='"Text"', CommandTimeout='30']
SELECT EXISTS (
    SELECT 1
    FROM "CompanySubscriptions" AS c
    WHERE c."IsActive" AND c."CompanyId" = @__8__locals1_tenantId_0 AND c."Status" = 1 AND c."EndDate" > @__now_1)
2026-05-31 22:19:49.193 +05:30 [INF] Flowtap_Middleware.RequestLoggingMiddleware: GET /api/v1/user-notifications/count → 200 | 943ms | Tenant: 591b97e6-5334-4870-b151-1a695ad19310
2026-05-31 22:19:49.200 +05:30 [INF] Microsoft.EntityFrameworkCore.Database.Command: Executed DbCommand (9ms) [Parameters=[@__request_CompanyId_0='?' (DbType = Guid)], CommandType='"Text"', CommandTimeout='30']
SELECT count(*)::int
FROM "ServiceTickets" AS s
WHERE s."IsActive" AND s."CompanyId" = @__request_CompanyId_0 AND s."Status" = 1
2026-05-31 22:19:49.206 +05:30 [INF] Microsoft.EntityFrameworkCore.Database.Command: Executed DbCommand (1ms) [Parameters=[@__request_CompanyId_0='?' (DbType = Guid)], CommandType='"Text"', CommandTimeout='30']
SELECT t."Id", t."ActiveModules", t."Address", t."BusinessType", t."Country", t."CreatedAt", t."CreatedBy", t."Currency", t."Email", t."IndustryType", t."IsActive", t."OwnerId", t."Phone", t."Requisites", t."SubDomain", t."Title", t."UpdatedAt", t."UpdatedBy", t."Website"
FROM "Tenants" AS t
WHERE t."Id" = @__request_CompanyId_0
LIMIT 1
2026-05-31 22:19:49.231 +05:30 [ERR] Microsoft.EntityFrameworkCore.Database.Command: Failed executing DbCommand (6ms) [Parameters=[@__request_CompanyId_0='?' (DbType = Guid), @__p_2='?' (DbType = Int32), @__p_1='?' (DbType = Int32)], CommandType='"Text"', CommandTimeout='30']
SELECT t."Id", t."CancellationReason", t."CashierEmployeeId", t."ClientId", t."CompanyId", t."CreatedAt", t."CreatedBy", t."DiscountAmount", t."FoodOrderType", t."IdempotencyKey", t."IsActive", t."LocationId", t."Notes", t."RefundReason", t."Source", t."Status", t."SubTotal", t."TableId", t."TaxAmount", t."TicketId", t."TotalAmount", t."TransactionNumber", t."UpdatedAt", t."UpdatedBy", t.xmin, s0."Id", s0."DiscountAmount", s0."DiscountPercent", s0."Notes", s0."ProductId", s0."ProductName", s0."Quantity", s0."SaleId", s0."SerialNumber", s0."TaxPercent", s0."Total", s0."Type", s0."UnitPrice", s0."VariantId", t0."Id", t0."AccountId", t0."Amount", t0."Comment", t0."CompanyId", t0."CreatedAt", t0."CreatedBy", t0."EmployeeId", t0."ExternalReference", t0."IdempotencyKey", t0."IsActive", t0."Method", t0."PaidAt", t0."Purpose", t0."SaleId", t0."TicketId", t0."UpdatedAt", t0."UpdatedBy"
FROM (
    SELECT s."Id", s."CancellationReason", s."CashierEmployeeId", s."ClientId", s."CompanyId", s."CreatedAt", s."CreatedBy", s."DiscountAmount", s."FoodOrderType", s."IdempotencyKey", s."IsActive", s."LocationId", s."Notes", s."RefundReason", s."Source", s."Status", s."SubTotal", s."TableId", s."TaxAmount", s."TicketId", s."TotalAmount", s."TransactionNumber", s."UpdatedAt", s."UpdatedBy", s.xmin
    FROM "Sales" AS s
    WHERE s."IsActive" AND s."CompanyId" = @__request_CompanyId_0
    ORDER BY s."CreatedAt" DESC
    LIMIT @__p_2 OFFSET @__p_1
) AS t
LEFT JOIN "SaleItems" AS s0 ON t."Id" = s0."SaleId"
LEFT JOIN (
    SELECT p."Id", p."AccountId", p."Amount", p."Comment", p."CompanyId", p."CreatedAt", p."CreatedBy", p."EmployeeId", p."ExternalReference", p."IdempotencyKey", p."IsActive", p."Method", p."PaidAt", p."Purpose", p."SaleId", p."TicketId", p."UpdatedAt", p."UpdatedBy"
    FROM "Payments" AS p
    WHERE p."IsActive"
) AS t0 ON t."Id" = t0."SaleId"
ORDER BY t."CreatedAt" DESC, t."Id", s0."Id"
2026-05-31 22:19:49.318 +05:30 [INF] Microsoft.EntityFrameworkCore.Database.Command: Executed DbCommand (1ms) [Parameters=[@__8__locals1_tenantId_0='?' (DbType = Guid), @__now_1='?' (DbType = DateTime)], CommandType='"Text"', CommandTimeout='30']
SELECT EXISTS (
    SELECT 1
    FROM "TrialPlans" AS t
    WHERE t."IsActive" AND t."CompanyId" = @__8__locals1_tenantId_0 AND NOT (t."IsExpired") AND t."TrialEndDate" > @__now_1)
2026-05-31 22:19:49.382 +05:30 [INF] Microsoft.EntityFrameworkCore.Database.Command: Executed DbCommand (16ms) [Parameters=[@__request_CompanyId_0='?' (DbType = Guid), @__p_2='?' (DbType = Int32), @__p_1='?' (DbType = Int32)], CommandType='"Text"', CommandTimeout='30']
SELECT t."Id", t."AccessoryList", t."Appearance", t."ClientId", t."ClosedAt", t."CompanyId", t."CreatedAt", t."CreatedBy", t."Deadline", t."Equipment", t."ExecutorEmployeeId", t."IsActive", t."LocationId", t."ManagerEmployeeId", t."MastersNotes", t."Modification", t."Password", t."PreRepairChecklist", t."PrimaryServiceId", t."Priority", t."Reason", t."RowVersion", t."SaleId", t."Status", t."TicketNumber", t."Type", t."UpdatedAt", t."UpdatedBy", t."DeviceDetails_Appearance", t."DeviceDetails_Brand", t."DeviceDetails_DeviceType", t."DeviceDetails_Equipment", t."DeviceDetails_Model", t."DeviceDetails_Modification", t."DeviceDetails_Password", t."DeviceDetails_Serial", t."Financials_EstimatedCost", t."Financials_IsPaid", t."Financials_Prepayment", t."Financials_PrepaymentMethod", t."Financials_PrepaymentPaidAt", t."Financials_TotalCost", t0."Id", t0."StartedAt", t0."StartedByEmployeeId", t0."StoppedAt", t0."TicketId"
FROM (
    SELECT s."Id", s."AccessoryList", s."Appearance", s."ClientId", s."ClosedAt", s."CompanyId", s."CreatedAt", s."CreatedBy", s."Deadline", s."Equipment", s."ExecutorEmployeeId", s."IsActive", s."LocationId", s."ManagerEmployeeId", s."MastersNotes", s."Modification", s."Password", s."PreRepairChecklist", s."PrimaryServiceId", s."Priority", s."Reason", s."RowVersion", s."SaleId", s."Status", s."TicketNumber", s."Type", s."UpdatedAt", s."UpdatedBy", s."DeviceDetails_Appearance", s."DeviceDetails_Brand", s."DeviceDetails_DeviceType", s."DeviceDetails_Equipment", s."DeviceDetails_Model", s."DeviceDetails_Modification", s."DeviceDetails_Password", s."DeviceDetails_Serial", s."Financials_EstimatedCost", s."Financials_IsPaid", s."Financials_Prepayment", s."Financials_PrepaymentMethod", s."Financials_PrepaymentPaidAt", s."Financials_TotalCost"
    FROM "ServiceTickets" AS s
    WHERE s."IsActive" AND s."CompanyId" = @__request_CompanyId_0 AND s."Status" = 1
    ORDER BY s."CreatedAt" DESC
    LIMIT @__p_2 OFFSET @__p_1
) AS t
LEFT JOIN "TicketTimeLogs" AS t0 ON t."Id" = t0."TicketId"
ORDER BY t."CreatedAt" DESC, t."Id"
2026-05-31 22:19:49.427 +05:30 [INF] Microsoft.EntityFrameworkCore.Database.Command: Executed DbCommand (7ms) [Parameters=[p0='?' (DbType = Guid)], CommandType='"Text"', CommandTimeout='30']
SELECT t."Value"
FROM (
    SELECT COUNT(*)::int AS "Value"
    FROM   "ServiceTickets"
    WHERE  "CompanyId" = @p0
      AND  "IsActive"  = true
      AND  "ClosedAt"  IS NULL
) AS t
LIMIT 1
2026-05-31 22:19:49.445 +05:30 [ERR] Microsoft.EntityFrameworkCore.Query: An exception occurred while iterating over the results of a query for context type 'Flowtap_Infrastructure.Persistence.DbContext.ApplicationDbContext'.
Npgsql.PostgresException (0x80004005): 42703: column s0.Notes does not exist

POSITION: 450
   at Npgsql.Internal.NpgsqlConnector.ReadMessageLong(Boolean async, DataRowLoadingMode dataRowLoadingMode, Boolean readingNotifications, Boolean isReadingPrependedMessage)
   at System.Runtime.CompilerServices.PoolingAsyncValueTaskMethodBuilder`1.StateMachineBox`1.System.Threading.Tasks.Sources.IValueTaskSource<TResult>.GetResult(Int16 token)
   at Npgsql.NpgsqlDataReader.NextResult(Boolean async, Boolean isConsuming, CancellationToken cancellationToken)
   at Npgsql.NpgsqlDataReader.NextResult(Boolean async, Boolean isConsuming, CancellationToken cancellationToken)
   at Npgsql.NpgsqlCommand.ExecuteReader(Boolean async, CommandBehavior behavior, CancellationToken cancellationToken)
   at Npgsql.NpgsqlCommand.ExecuteReader(Boolean async, CommandBehavior behavior, CancellationToken cancellationToken)
   at Npgsql.NpgsqlCommand.ExecuteDbDataReaderAsync(CommandBehavior behavior, CancellationToken cancellationToken)
   at Microsoft.EntityFrameworkCore.Storage.RelationalCommand.ExecuteReaderAsync(RelationalCommandParameterObject parameterObject, CancellationToken cancellationToken)
   at Microsoft.EntityFrameworkCore.Storage.RelationalCommand.ExecuteReaderAsync(RelationalCommandParameterObject parameterObject, CancellationToken cancellationToken)
   at Microsoft.EntityFrameworkCore.Query.Internal.SingleQueryingEnumerable`1.AsyncEnumerator.InitializeReaderAsync(AsyncEnumerator enumerator, CancellationToken cancellationToken)
   at Npgsql.EntityFrameworkCore.PostgreSQL.Storage.Internal.NpgsqlExecutionStrategy.ExecuteAsync[TState,TResult](TState state, Func`4 operation, Func`4 verifySucceeded, CancellationToken cancellationToken)
   at Microsoft.EntityFrameworkCore.Query.Internal.SingleQueryingEnumerable`1.AsyncEnumerator.MoveNextAsync()
  Exception data:
    Severity: ERROR
    SqlState: 42703
    MessageText: column s0.Notes does not exist
    Hint: Perhaps you meant to reference the column "t.Notes".
    Position: 450
    File: parse_relation.c
    Line: 3838
    Routine: errorMissingColumn
Npgsql.PostgresException (0x80004005): 42703: column s0.Notes does not exist

POSITION: 450
   at Npgsql.Internal.NpgsqlConnector.ReadMessageLong(Boolean async, DataRowLoadingMode dataRowLoadingMode, Boolean readingNotifications, Boolean isReadingPrependedMessage)
   at System.Runtime.CompilerServices.PoolingAsyncValueTaskMethodBuilder`1.StateMachineBox`1.System.Threading.Tasks.Sources.IValueTaskSource<TResult>.GetResult(Int16 token)
   at Npgsql.NpgsqlDataReader.NextResult(Boolean async, Boolean isConsuming, CancellationToken cancellationToken)
   at Npgsql.NpgsqlDataReader.NextResult(Boolean async, Boolean isConsuming, CancellationToken cancellationToken)
   at Npgsql.NpgsqlCommand.ExecuteReader(Boolean async, CommandBehavior behavior, CancellationToken cancellationToken)
   at Npgsql.NpgsqlCommand.ExecuteReader(Boolean async, CommandBehavior behavior, CancellationToken cancellationToken)
   at Npgsql.NpgsqlCommand.ExecuteDbDataReaderAsync(CommandBehavior behavior, CancellationToken cancellationToken)
   at Microsoft.EntityFrameworkCore.Storage.RelationalCommand.ExecuteReaderAsync(RelationalCommandParameterObject parameterObject, CancellationToken cancellationToken)
   at Microsoft.EntityFrameworkCore.Storage.RelationalCommand.ExecuteReaderAsync(RelationalCommandParameterObject parameterObject, CancellationToken cancellationToken)
   at Microsoft.EntityFrameworkCore.Query.Internal.SingleQueryingEnumerable`1.AsyncEnumerator.InitializeReaderAsync(AsyncEnumerator enumerator, CancellationToken cancellationToken)
   at Npgsql.EntityFrameworkCore.PostgreSQL.Storage.Internal.NpgsqlExecutionStrategy.ExecuteAsync[TState,TResult](TState state, Func`4 operation, Func`4 verifySucceeded, CancellationToken cancellationToken)
   at Microsoft.EntityFrameworkCore.Query.Internal.SingleQueryingEnumerable`1.AsyncEnumerator.MoveNextAsync()
  Exception data:
    Severity: ERROR
    SqlState: 42703
    MessageText: column s0.Notes does not exist
    Hint: Perhaps you meant to reference the column "t.Notes".
    Position: 450
    File: parse_relation.c
    Line: 3838
    Routine: errorMissingColumn
2026-05-31 22:19:49.453 +05:30 [INF] Flowtap_Application.Common.Behaviors.LoggingBehavior: Handling GetAdminBroadcastsQuery
2026-05-31 22:19:49.469 +05:30 [INF] Microsoft.EntityFrameworkCore.Database.Command: Executed DbCommand (2ms) [Parameters=[@__clientIds_0='?' (DbType = Object)], CommandType='"Text"', CommandTimeout='30']
SELECT c."Id", c."AddressLine1", c."City", c."CompanyId", c."CompanyName", c."Country", c."CreatedAt", c."CreatedBy", c."CreatedByEmployeeId", c."DateOfBirth", c."DiscountPercent", c."Email", c."GSTIN", c."IsActive", c."LocationId", c."Name", c."Notes", c."Phone", c."PostalCode", c."ReferralSource", c."State", c."Type", c."UpdatedAt", c."UpdatedBy", c."UpdatedByEmployeeId", c."WhatsApp"
FROM "Clients" AS c
WHERE c."IsActive" AND c."Id" = ANY (@__clientIds_0)
2026-05-31 22:19:49.486 +05:30 [INF] Microsoft.EntityFrameworkCore.Database.Command: Executed DbCommand (8ms) [Parameters=[@__request_CompanyId_0='?' (DbType = Guid)], CommandType='"Text"', CommandTimeout='30']
SELECT count(*)::int
FROM "ReorderAlerts" AS r
WHERE r."IsActive" AND r."CompanyId" = @__request_CompanyId_0 AND NOT (r."IsHandled")
2026-05-31 22:19:49.510 +05:30 [ERR] Flowtap_Middleware.ExceptionMiddleware: Unhandled exception: 42703: column s0.Notes does not exist

POSITION: 450
Npgsql.PostgresException (0x80004005): 42703: column s0.Notes does not exist

POSITION: 450
   at Npgsql.Internal.NpgsqlConnector.ReadMessageLong(Boolean async, DataRowLoadingMode dataRowLoadingMode, Boolean readingNotifications, Boolean isReadingPrependedMessage)
   at System.Runtime.CompilerServices.PoolingAsyncValueTaskMethodBuilder`1.StateMachineBox`1.System.Threading.Tasks.Sources.IValueTaskSource<TResult>.GetResult(Int16 token)
   at Npgsql.NpgsqlDataReader.NextResult(Boolean async, Boolean isConsuming, CancellationToken cancellationToken)
   at Npgsql.NpgsqlDataReader.NextResult(Boolean async, Boolean isConsuming, CancellationToken cancellationToken)
   at Npgsql.NpgsqlCommand.ExecuteReader(Boolean async, CommandBehavior behavior, CancellationToken cancellationToken)
   at Npgsql.NpgsqlCommand.ExecuteReader(Boolean async, CommandBehavior behavior, CancellationToken cancellationToken)
   at Npgsql.NpgsqlCommand.ExecuteDbDataReaderAsync(CommandBehavior behavior, CancellationToken cancellationToken)
   at Microsoft.EntityFrameworkCore.Storage.RelationalCommand.ExecuteReaderAsync(RelationalCommandParameterObject parameterObject, CancellationToken cancellationToken)
   at Microsoft.EntityFrameworkCore.Storage.RelationalCommand.ExecuteReaderAsync(RelationalCommandParameterObject parameterObject, CancellationToken cancellationToken)
   at Microsoft.EntityFrameworkCore.Query.Internal.SingleQueryingEnumerable`1.AsyncEnumerator.InitializeReaderAsync(AsyncEnumerator enumerator, CancellationToken cancellationToken)
   at Npgsql.EntityFrameworkCore.PostgreSQL.Storage.Internal.NpgsqlExecutionStrategy.ExecuteAsync[TState,TResult](TState state, Func`4 operation, Func`4 verifySucceeded, CancellationToken cancellationToken)
   at Microsoft.EntityFrameworkCore.Query.Internal.SingleQueryingEnumerable`1.AsyncEnumerator.MoveNextAsync()
   at Microsoft.EntityFrameworkCore.EntityFrameworkQueryableExtensions.ToListAsync[TSource](IQueryable`1 source, CancellationToken cancellationToken)
   at Microsoft.EntityFrameworkCore.EntityFrameworkQueryableExtensions.ToListAsync[TSource](IQueryable`1 source, CancellationToken cancellationToken)
   at Flowtap_Application.Features.Sales.Queries.GetSales.GetSalesQueryHandler.Handle(GetSalesQuery request, CancellationToken ct) in D:\Git\Flowtap_MultiSaas_Backend_modern\SharedCore\Flowtap_Application\Features\Sales\Queries\GetSales\GetSalesQueryHandler.cs:line 30
   at Flowtap_Application.Common.Behaviors.PerformanceBehavior`2.Handle(TRequest request, RequestHandlerDelegate`1 next, CancellationToken cancellationToken) in D:\Git\Flowtap_MultiSaas_Backend_modern\SharedCore\Flowtap_Application\Common\Behaviors\PerformanceBehavior.cs:line 20
   at Flowtap_Application.Common.Behaviors.LoggingBehavior`2.Handle(TRequest request, RequestHandlerDelegate`1 next, CancellationToken cancellationToken) in D:\Git\Flowtap_MultiSaas_Backend_modern\SharedCore\Flowtap_Application\Common\Behaviors\LoggingBehavior.cs:line 18
   at Flowtap_Application.Common.Behaviors.ValidationBehavior`2.Handle(TRequest request, RequestHandlerDelegate`1 next, CancellationToken cancellationToken) in D:\Git\Flowtap_MultiSaas_Backend_modern\SharedCore\Flowtap_Application\Common\Behaviors\ValidationBehavior.cs:line 16
   at Flowtap_Presentation.Controllers.SaleController.GetAll(GetSalesQuery query, CancellationToken ct) in D:\Git\Flowtap_MultiSaas_Backend_modern\SharedCore\Flowtap_Presentation.Core\Controllers\SaleController.cs:line 23
   at Microsoft.AspNetCore.Mvc.Infrastructure.ActionMethodExecutor.TaskOfIActionResultExecutor.Execute(ActionContext actionContext, IActionResultTypeMapper mapper, ObjectMethodExecutor executor, Object controller, Object[] arguments)
   at Microsoft.AspNetCore.Mvc.Infrastructure.ControllerActionInvoker.<InvokeActionMethodAsync>g__Awaited|12_0(ControllerActionInvoker invoker, ValueTask`1 actionResultValueTask)
   at Microsoft.AspNetCore.Mvc.Infrastructure.ControllerActionInvoker.<InvokeNextActionFilterAsync>g__Awaited|10_0(ControllerActionInvoker invoker, Task lastTask, State next, Scope scope, Object state, Boolean isCompleted)
   at Microsoft.AspNetCore.Mvc.Infrastructure.ControllerActionInvoker.Rethrow(ActionExecutedContextSealed context)
   at Microsoft.AspNetCore.Mvc.Infrastructure.ControllerActionInvoker.Next(State& next, Scope& scope, Object& state, Boolean& isCompleted)
   at Microsoft.AspNetCore.Mvc.Infrastructure.ControllerActionInvoker.<InvokeInnerFilterAsync>g__Awaited|13_0(ControllerActionInvoker invoker, Task lastTask, State next, Scope scope, Object state, Boolean isCompleted)
   at Microsoft.AspNetCore.Mvc.Infrastructure.ResourceInvoker.<InvokeFilterPipelineAsync>g__Awaited|20_0(ResourceInvoker invoker, Task lastTask, State next, Scope scope, Object state, Boolean isCompleted)
   at Microsoft.AspNetCore.Mvc.Infrastructure.ResourceInvoker.<InvokeAsync>g__Awaited|17_0(ResourceInvoker invoker, Task task, IDisposable scope)
   at Microsoft.AspNetCore.Mvc.Infrastructure.ResourceInvoker.<InvokeAsync>g__Awaited|17_0(ResourceInvoker invoker, Task task, IDisposable scope)
   at Flowtap_Middleware.TenantMiddleware.InvokeAsync(HttpContext context) in D:\Git\Flowtap_MultiSaas_Backend_modern\SharedCore\Flowtap_Middleware\TenantMiddleware.cs:line 84
   at Microsoft.AspNetCore.Authorization.AuthorizationMiddleware.Invoke(HttpContext context)
   at Microsoft.AspNetCore.Authentication.AuthenticationMiddleware.Invoke(HttpContext context)
   at Flowtap_Middleware.ExceptionMiddleware.InvokeAsync(HttpContext context) in D:\Git\Flowtap_MultiSaas_Backend_modern\SharedCore\Flowtap_Middleware\ExceptionMiddleware.cs:line 23
  Exception data:
    Severity: ERROR
    SqlState: 42703
    MessageText: column s0.Notes does not exist
    Hint: Perhaps you meant to reference the column "t.Notes".
    Position: 450
    File: parse_relation.c
    Line: 3838
    Routine: errorMissingColumn
2026-05-31 22:19:49.518 +05:30 [INF] Microsoft.EntityFrameworkCore.Database.Command: Executed DbCommand (4ms) [Parameters=[@__request_CompanyId_0='?' (DbType = Guid), @__request_UserId_1='?' (DbType = Guid), @__p_2='?' (DbType = Int32)], CommandType='"Text"', CommandTimeout='30']
SELECT a."Id", a."Subject", a."Message", a."Severity", a."SentBy", a."CreatedAt", a."LocationId", a."Type", a."TargetType", a."Priority", a."StartDate", a."EndDate"
FROM "AdminBroadcasts" AS a
WHERE a."CompanyId" = @__request_CompanyId_0 AND a."IsActive" AND NOT (COALESCE(a."Id" IN (
    SELECT u."ReferenceId"
    FROM "UserNotifications" AS u
    WHERE u."UserId" = @__request_UserId_1 AND u."Type" = 'DismissedBroadcast' AND u."ReferenceId" IS NOT NULL
), FALSE))
ORDER BY a."CreatedAt" DESC
LIMIT @__p_2
2026-05-31 22:19:49.530 +05:30 [INF] Microsoft.EntityFrameworkCore.Database.Command: Executed DbCommand (2ms) [Parameters=[@__employeeIds_0='?' (DbType = Object)], CommandType='"Text"', CommandTimeout='30']
SELECT e."Id", u."Name"
FROM "Employees" AS e
INNER JOIN "UserProfiles" AS u ON e."UserAccountId" = u."UserAccountId"
WHERE e."Id" = ANY (@__employeeIds_0)
2026-05-31 22:19:49.545 +05:30 [WRN] Flowtap_Application.Common.Behaviors.PerformanceBehavior: Slow request detected: GetDashboardStatsQuery took 1158ms. Request: {"CompanyId":"591b97e6-5334-4870-b151-1a695ad19310","LocationId":null,"$type":"GetDashboardStatsQuery"}
2026-05-31 22:19:49.598 +05:30 [INF] Flowtap_Middleware.RequestLoggingMiddleware: GET /api/v1/sales → 500 | 1263ms | Tenant: 591b97e6-5334-4870-b151-1a695ad19310
2026-05-31 22:19:49.601 +05:30 [INF] Flowtap_Application.Common.Behaviors.LoggingBehavior: Handled GetAdminBroadcastsQuery
2026-05-31 22:19:49.619 +05:30 [INF] Microsoft.EntityFrameworkCore.Database.Command: Executed DbCommand (4ms) [Parameters=[@__brandGuids_0='?' (DbType = Object)], CommandType='"Text"', CommandTimeout='30']
SELECT d."Id", d."Color", d."CreatedAt", d."CreatedBy", d."IconUrl", d."IsActive", d."Name", d."ProductCategoryId", d."UpdatedAt", d."UpdatedBy"
FROM "DeviceBrands" AS d
WHERE d."Id" = ANY (@__brandGuids_0)
2026-05-31 22:19:49.630 +05:30 [INF] Flowtap_Application.Common.Behaviors.LoggingBehavior: Handled GetDashboardStatsQuery
2026-05-31 22:19:49.656 +05:30 [INF] Flowtap_Middleware.RequestLoggingMiddleware: GET /api/v1/notifications/broadcasts → 200 | 538ms | Tenant: 591b97e6-5334-4870-b151-1a695ad19310
2026-05-31 22:19:49.664 +05:30 [DBG] Flowtap_Middleware.TenantMiddleware: Request for tenant 591b97e6-5334-4870-b151-1a695ad19310 at /api/v1/notifications/broadcasts
2026-05-31 22:19:49.732 +05:30 [INF] Microsoft.EntityFrameworkCore.Database.Command: Executed DbCommand (7ms) [Parameters=[@__modelGuids_0='?' (DbType = Object)], CommandType='"Text"', CommandTimeout='30']
SELECT d."Id", d."BrandId", d."CreatedAt", d."CreatedBy", d."ImageUrl", d."IsActive", d."Name", d."ParentModelId", d."ProductCategoryId", d."UpdatedAt", d."UpdatedBy"
FROM "DeviceModels" AS d
WHERE d."Id" = ANY (@__modelGuids_0)
2026-05-31 22:19:49.734 +05:30 [INF] Flowtap_Middleware.RequestLoggingMiddleware: GET /api/v1/reports/dashboard → 200 | 1683ms | Tenant: 591b97e6-5334-4870-b151-1a695ad19310
2026-05-31 22:19:49.740 +05:30 [DBG] Flowtap_Middleware.TenantMiddleware: Request for tenant 591b97e6-5334-4870-b151-1a695ad19310 at /api/v1/reports/dashboard
2026-05-31 22:19:49.779 +05:30 [INF] Microsoft.EntityFrameworkCore.Database.Command: Executed DbCommand (1ms) [Parameters=[@__8__locals1_tenantId_0='?' (DbType = Guid), @__now_1='?' (DbType = DateTime)], CommandType='"Text"', CommandTimeout='30']
SELECT EXISTS (
    SELECT 1
    FROM "CompanySubscriptions" AS c
    WHERE c."IsActive" AND c."CompanyId" = @__8__locals1_tenantId_0 AND c."Status" = 1 AND c."EndDate" > @__now_1)
2026-05-31 22:19:49.789 +05:30 [WRN] Flowtap_Application.Common.Behaviors.PerformanceBehavior: Slow request detected: GetTicketsQuery took 606ms. Request: {"CompanyId":"591b97e6-5334-4870-b151-1a695ad19310","LocationId":null,"Status":"Pending","Page":1,"PageSize":5,"$type":"GetTicketsQuery"}
2026-05-31 22:19:49.798 +05:30 [INF] Microsoft.EntityFrameworkCore.Database.Command: Executed DbCommand (1ms) [Parameters=[@__8__locals1_tenantId_0='?' (DbType = Guid), @__now_1='?' (DbType = DateTime)], CommandType='"Text"', CommandTimeout='30']
SELECT EXISTS (
    SELECT 1
    FROM "CompanySubscriptions" AS c
    WHERE c."IsActive" AND c."CompanyId" = @__8__locals1_tenantId_0 AND c."Status" = 1 AND c."EndDate" > @__now_1)
2026-05-31 22:19:49.809 +05:30 [INF] Microsoft.EntityFrameworkCore.Database.Command: Executed DbCommand (2ms) [Parameters=[@__8__locals1_tenantId_0='?' (DbType = Guid), @__now_1='?' (DbType = DateTime)], CommandType='"Text"', CommandTimeout='30']
SELECT EXISTS (
    SELECT 1
    FROM "TrialPlans" AS t
    WHERE t."IsActive" AND t."CompanyId" = @__8__locals1_tenantId_0 AND NOT (t."IsExpired") AND t."TrialEndDate" > @__now_1)
2026-05-31 22:19:49.839 +05:30 [INF] Flowtap_Application.Common.Behaviors.LoggingBehavior: Handled GetTicketsQuery
2026-05-31 22:19:49.864 +05:30 [INF] Microsoft.EntityFrameworkCore.Database.Command: Executed DbCommand (2ms) [Parameters=[@__8__locals1_tenantId_0='?' (DbType = Guid), @__now_1='?' (DbType = DateTime)], CommandType='"Text"', CommandTimeout='30']
SELECT EXISTS (
    SELECT 1
    FROM "TrialPlans" AS t
    WHERE t."IsActive" AND t."CompanyId" = @__8__locals1_tenantId_0 AND NOT (t."IsExpired") AND t."TrialEndDate" > @__now_1)
2026-05-31 22:19:49.889 +05:30 [INF] Flowtap_Application.Common.Behaviors.LoggingBehavior: Handling GetAdminBroadcastsQuery
2026-05-31 22:19:49.898 +05:30 [INF] Flowtap_Middleware.RequestLoggingMiddleware: GET /api/v1/tickets → 200 | 1588ms | Tenant: 591b97e6-5334-4870-b151-1a695ad19310
2026-05-31 22:19:49.927 +05:30 [INF] Flowtap_Application.Common.Behaviors.LoggingBehavior: Handling GetDashboardStatsQuery
2026-05-31 22:19:49.939 +05:30 [INF] Microsoft.EntityFrameworkCore.Database.Command: Executed DbCommand (1ms) [Parameters=[@__request_CompanyId_0='?' (DbType = Guid), @__request_UserId_1='?' (DbType = Guid), @__p_2='?' (DbType = Int32)], CommandType='"Text"', CommandTimeout='30']
SELECT a."Id", a."Subject", a."Message", a."Severity", a."SentBy", a."CreatedAt", a."LocationId", a."Type", a."TargetType", a."Priority", a."StartDate", a."EndDate"
FROM "AdminBroadcasts" AS a
WHERE a."CompanyId" = @__request_CompanyId_0 AND a."IsActive" AND NOT (COALESCE(a."Id" IN (
    SELECT u."ReferenceId"
    FROM "UserNotifications" AS u
    WHERE u."UserId" = @__request_UserId_1 AND u."Type" = 'DismissedBroadcast' AND u."ReferenceId" IS NOT NULL
), FALSE))
ORDER BY a."CreatedAt" DESC
LIMIT @__p_2
2026-05-31 22:19:50.000 +05:30 [INF] Microsoft.EntityFrameworkCore.Database.Command: Executed DbCommand (8ms) [Parameters=[@__request_CompanyId_0='?' (DbType = Guid), @__today_1='?' (DbType = DateTime)], CommandType='"Text"', CommandTimeout='30']
SELECT COALESCE(sum(s."TotalAmount"), 0.0)
FROM "Sales" AS s
WHERE s."IsActive" AND s."CompanyId" = @__request_CompanyId_0 AND s."CreatedAt" >= @__today_1
2026-05-31 22:19:50.020 +05:30 [INF] Flowtap_Application.Common.Behaviors.LoggingBehavior: Handled GetAdminBroadcastsQuery
2026-05-31 22:19:50.051 +05:30 [INF] Microsoft.EntityFrameworkCore.Database.Command: Executed DbCommand (1ms) [Parameters=[@__request_CompanyId_0='?' (DbType = Guid), @__today_1='?' (DbType = DateTime)], CommandType='"Text"', CommandTimeout='30']
SELECT count(*)::int
FROM "Sales" AS s
WHERE s."IsActive" AND s."CompanyId" = @__request_CompanyId_0 AND s."CreatedAt" >= @__today_1
2026-05-31 22:19:50.059 +05:30 [INF] Flowtap_Middleware.RequestLoggingMiddleware: GET /api/v1/notifications/broadcasts → 200 | 395ms | Tenant: 591b97e6-5334-4870-b151-1a695ad19310
2026-05-31 22:19:50.097 +05:30 [INF] Microsoft.EntityFrameworkCore.Database.Command: Executed DbCommand (1ms) [Parameters=[@__request_CompanyId_0='?' (DbType = Guid), @__monthStart_1='?' (DbType = DateTime)], CommandType='"Text"', CommandTimeout='30']
SELECT COALESCE(sum(s."TotalAmount"), 0.0)
FROM "Sales" AS s
WHERE s."IsActive" AND s."CompanyId" = @__request_CompanyId_0 AND s."CreatedAt" >= @__monthStart_1
2026-05-31 22:19:50.148 +05:30 [INF] Microsoft.EntityFrameworkCore.Database.Command: Executed DbCommand (6ms) [Parameters=[@__request_CompanyId_0='?' (DbType = Guid), @__monthStart_1='?' (DbType = DateTime)], CommandType='"Text"', CommandTimeout='30']
SELECT count(*)::int
FROM "Clients" AS c
WHERE c."IsActive" AND c."CompanyId" = @__request_CompanyId_0 AND c."CreatedAt" >= @__monthStart_1
2026-05-31 22:19:50.162 +05:30 [INF] Microsoft.EntityFrameworkCore.Database.Command: Executed DbCommand (1ms) [Parameters=[@__request_CompanyId_0='?' (DbType = Guid)], CommandType='"Text"', CommandTimeout='30']
SELECT t."Id", t."ActiveModules", t."Address", t."BusinessType", t."Country", t."CreatedAt", t."CreatedBy", t."Currency", t."Email", t."IndustryType", t."IsActive", t."OwnerId", t."Phone", t."Requisites", t."SubDomain", t."Title", t."UpdatedAt", t."UpdatedBy", t."Website"
FROM "Tenants" AS t
WHERE t."Id" = @__request_CompanyId_0
LIMIT 1
2026-05-31 22:19:50.183 +05:30 [INF] Microsoft.EntityFrameworkCore.Database.Command: Executed DbCommand (6ms) [Parameters=[p0='?' (DbType = Guid)], CommandType='"Text"', CommandTimeout='30']
SELECT t."Value"
FROM (
    SELECT COUNT(*)::int AS "Value"
    FROM   "ServiceTickets"
    WHERE  "CompanyId" = @p0
      AND  "IsActive"  = true
      AND  "ClosedAt"  IS NULL
) AS t
LIMIT 1
2026-05-31 22:19:50.199 +05:30 [INF] Microsoft.EntityFrameworkCore.Database.Command: Executed DbCommand (1ms) [Parameters=[@__request_CompanyId_0='?' (DbType = Guid)], CommandType='"Text"', CommandTimeout='30']
SELECT count(*)::int
FROM "ReorderAlerts" AS r
WHERE r."IsActive" AND r."CompanyId" = @__request_CompanyId_0 AND NOT (r."IsHandled")
2026-05-31 22:19:50.211 +05:30 [INF] Flowtap_Application.Common.Behaviors.LoggingBehavior: Handled GetDashboardStatsQuery
2026-05-31 22:19:50.219 +05:30 [INF] Flowtap_Middleware.RequestLoggingMiddleware: GET /api/v1/reports/dashboard → 200 | 479ms | Tenant: 591b97e6-5334-4870-b151-1a695ad19310
2026-05-31 22:19:50.222 +05:30 [DBG] Flowtap_Middleware.TenantMiddleware: Request for tenant 591b97e6-5334-4870-b151-1a695ad19310 at /api/v1/reports/dashboard
2026-05-31 22:19:50.241 +05:30 [INF] Microsoft.EntityFrameworkCore.Database.Command: Executed DbCommand (1ms) [Parameters=[@__8__locals1_tenantId_0='?' (DbType = Guid), @__now_1='?' (DbType = DateTime)], CommandType='"Text"', CommandTimeout='30']
SELECT EXISTS (
    SELECT 1
    FROM "CompanySubscriptions" AS c
    WHERE c."IsActive" AND c."CompanyId" = @__8__locals1_tenantId_0 AND c."Status" = 1 AND c."EndDate" > @__now_1)
2026-05-31 22:19:50.262 +05:30 [INF] Microsoft.EntityFrameworkCore.Database.Command: Executed DbCommand (2ms) [Parameters=[@__8__locals1_tenantId_0='?' (DbType = Guid), @__now_1='?' (DbType = DateTime)], CommandType='"Text"', CommandTimeout='30']
SELECT EXISTS (
    SELECT 1
    FROM "TrialPlans" AS t
    WHERE t."IsActive" AND t."CompanyId" = @__8__locals1_tenantId_0 AND NOT (t."IsExpired") AND t."TrialEndDate" > @__now_1)
2026-05-31 22:19:50.287 +05:30 [INF] Flowtap_Application.Common.Behaviors.LoggingBehavior: Handling GetDashboardStatsQuery
2026-05-31 22:19:50.298 +05:30 [INF] Microsoft.EntityFrameworkCore.Database.Command: Executed DbCommand (1ms) [Parameters=[@__request_CompanyId_0='?' (DbType = Guid), @__today_1='?' (DbType = DateTime)], CommandType='"Text"', CommandTimeout='30']
SELECT COALESCE(sum(s."TotalAmount"), 0.0)
FROM "Sales" AS s
WHERE s."IsActive" AND s."CompanyId" = @__request_CompanyId_0 AND s."CreatedAt" >= @__today_1
2026-05-31 22:19:50.313 +05:30 [INF] Microsoft.EntityFrameworkCore.Database.Command: Executed DbCommand (1ms) [Parameters=[@__request_CompanyId_0='?' (DbType = Guid), @__today_1='?' (DbType = DateTime)], CommandType='"Text"', CommandTimeout='30']
SELECT count(*)::int
FROM "Sales" AS s
WHERE s."IsActive" AND s."CompanyId" = @__request_CompanyId_0 AND s."CreatedAt" >= @__today_1
2026-05-31 22:19:50.327 +05:30 [INF] Microsoft.EntityFrameworkCore.Database.Command: Executed DbCommand (1ms) [Parameters=[@__request_CompanyId_0='?' (DbType = Guid), @__monthStart_1='?' (DbType = DateTime)], CommandType='"Text"', CommandTimeout='30']
SELECT COALESCE(sum(s."TotalAmount"), 0.0)
FROM "Sales" AS s
WHERE s."IsActive" AND s."CompanyId" = @__request_CompanyId_0 AND s."CreatedAt" >= @__monthStart_1
2026-05-31 22:19:50.365 +05:30 [INF] Microsoft.EntityFrameworkCore.Database.Command: Executed DbCommand (7ms) [Parameters=[@__request_CompanyId_0='?' (DbType = Guid), @__monthStart_1='?' (DbType = DateTime)], CommandType='"Text"', CommandTimeout='30']
SELECT count(*)::int
FROM "Clients" AS c
WHERE c."IsActive" AND c."CompanyId" = @__request_CompanyId_0 AND c."CreatedAt" >= @__monthStart_1
2026-05-31 22:19:50.424 +05:30 [INF] Microsoft.EntityFrameworkCore.Database.Command: Executed DbCommand (1ms) [Parameters=[@__request_CompanyId_0='?' (DbType = Guid)], CommandType='"Text"', CommandTimeout='30']
SELECT t."Id", t."ActiveModules", t."Address", t."BusinessType", t."Country", t."CreatedAt", t."CreatedBy", t."Currency", t."Email", t."IndustryType", t."IsActive", t."OwnerId", t."Phone", t."Requisites", t."SubDomain", t."Title", t."UpdatedAt", t."UpdatedBy", t."Website"
FROM "Tenants" AS t
WHERE t."Id" = @__request_CompanyId_0
LIMIT 1
2026-05-31 22:19:50.454 +05:30 [INF] Microsoft.EntityFrameworkCore.Database.Command: Executed DbCommand (7ms) [Parameters=[p0='?' (DbType = Guid)], CommandType='"Text"', CommandTimeout='30']
SELECT t."Value"
FROM (
    SELECT COUNT(*)::int AS "Value"
    FROM   "ServiceTickets"
    WHERE  "CompanyId" = @p0
      AND  "IsActive"  = true
      AND  "ClosedAt"  IS NULL
) AS t
LIMIT 1
2026-05-31 22:19:50.475 +05:30 [INF] Microsoft.EntityFrameworkCore.Database.Command: Executed DbCommand (11ms) [Parameters=[@__request_CompanyId_0='?' (DbType = Guid)], CommandType='"Text"', CommandTimeout='30']
SELECT count(*)::int
FROM "ReorderAlerts" AS r
WHERE r."IsActive" AND r."CompanyId" = @__request_CompanyId_0 AND NOT (r."IsHandled")
2026-05-31 22:19:50.764 +05:30 [INF] Flowtap_Application.Common.Behaviors.LoggingBehavior: Handled GetDashboardStatsQuery
2026-05-31 22:19:50.788 +05:30 [INF] Flowtap_Middleware.RequestLoggingMiddleware: GET /api/v1/reports/dashboard → 200 | 566ms | Tenant: 591b97e6-5334-4870-b151-1a695ad19310
2026-05-31 22:19:51.084 +05:30 [DBG] Flowtap_Middleware.TenantMiddleware: Request for tenant 591b97e6-5334-4870-b151-1a695ad19310 at /api/v1/tickets
2026-05-31 22:19:51.089 +05:30 [INF] Microsoft.EntityFrameworkCore.Database.Command: Executed DbCommand (1ms) [Parameters=[@__8__locals1_tenantId_0='?' (DbType = Guid), @__now_1='?' (DbType = DateTime)], CommandType='"Text"', CommandTimeout='30']
SELECT EXISTS (
    SELECT 1
    FROM "CompanySubscriptions" AS c
    WHERE c."IsActive" AND c."CompanyId" = @__8__locals1_tenantId_0 AND c."Status" = 1 AND c."EndDate" > @__now_1)
2026-05-31 22:19:51.106 +05:30 [INF] Microsoft.EntityFrameworkCore.Database.Command: Executed DbCommand (2ms) [Parameters=[@__8__locals1_tenantId_0='?' (DbType = Guid), @__now_1='?' (DbType = DateTime)], CommandType='"Text"', CommandTimeout='30']
SELECT EXISTS (
    SELECT 1
    FROM "TrialPlans" AS t
    WHERE t."IsActive" AND t."CompanyId" = @__8__locals1_tenantId_0 AND NOT (t."IsExpired") AND t."TrialEndDate" > @__now_1)
2026-05-31 22:19:51.130 +05:30 [INF] Microsoft.EntityFrameworkCore.Database.Command: Executed DbCommand (4ms) [Parameters=[@__tenantId_0='?' (DbType = Guid)], CommandType='"Text"', CommandTimeout='30']
SELECT t."Id", t."ActiveModules", t."Address", t."BusinessType", t."Country", t."CreatedAt", t."CreatedBy", t."Currency", t."Email", t."IndustryType", t."IsActive", t."OwnerId", t."Phone", t."Requisites", t."SubDomain", t."Title", t."UpdatedAt", t."UpdatedBy", t."Website"
FROM "Tenants" AS t
WHERE t."Id" = @__tenantId_0
LIMIT 1
2026-05-31 22:19:51.194 +05:30 [INF] Flowtap_Application.Common.Behaviors.LoggingBehavior: Handling GetTicketsQuery
2026-05-31 22:19:51.225 +05:30 [INF] Microsoft.EntityFrameworkCore.Database.Command: Executed DbCommand (6ms) [Parameters=[@__request_CompanyId_0='?' (DbType = Guid)], CommandType='"Text"', CommandTimeout='30']
SELECT count(*)::int
FROM "ServiceTickets" AS s
WHERE s."IsActive" AND s."CompanyId" = @__request_CompanyId_0
2026-05-31 22:19:51.295 +05:30 [INF] Microsoft.EntityFrameworkCore.Database.Command: Executed DbCommand (4ms) [Parameters=[@__request_CompanyId_0='?' (DbType = Guid), @__p_2='?' (DbType = Int32), @__p_1='?' (DbType = Int32)], CommandType='"Text"', CommandTimeout='30']
SELECT t."Id", t."AccessoryList", t."Appearance", t."ClientId", t."ClosedAt", t."CompanyId", t."CreatedAt", t."CreatedBy", t."Deadline", t."Equipment", t."ExecutorEmployeeId", t."IsActive", t."LocationId", t."ManagerEmployeeId", t."MastersNotes", t."Modification", t."Password", t."PreRepairChecklist", t."PrimaryServiceId", t."Priority", t."Reason", t."RowVersion", t."SaleId", t."Status", t."TicketNumber", t."Type", t."UpdatedAt", t."UpdatedBy", t."DeviceDetails_Appearance", t."DeviceDetails_Brand", t."DeviceDetails_DeviceType", t."DeviceDetails_Equipment", t."DeviceDetails_Model", t."DeviceDetails_Modification", t."DeviceDetails_Password", t."DeviceDetails_Serial", t."Financials_EstimatedCost", t."Financials_IsPaid", t."Financials_Prepayment", t."Financials_PrepaymentMethod", t."Financials_PrepaymentPaidAt", t."Financials_TotalCost", t0."Id", t0."StartedAt", t0."StartedByEmployeeId", t0."StoppedAt", t0."TicketId"
FROM (
    SELECT s."Id", s."AccessoryList", s."Appearance", s."ClientId", s."ClosedAt", s."CompanyId", s."CreatedAt", s."CreatedBy", s."Deadline", s."Equipment", s."ExecutorEmployeeId", s."IsActive", s."LocationId", s."ManagerEmployeeId", s."MastersNotes", s."Modification", s."Password", s."PreRepairChecklist", s."PrimaryServiceId", s."Priority", s."Reason", s."RowVersion", s."SaleId", s."Status", s."TicketNumber", s."Type", s."UpdatedAt", s."UpdatedBy", s."DeviceDetails_Appearance", s."DeviceDetails_Brand", s."DeviceDetails_DeviceType", s."DeviceDetails_Equipment", s."DeviceDetails_Model", s."DeviceDetails_Modification", s."DeviceDetails_Password", s."DeviceDetails_Serial", s."Financials_EstimatedCost", s."Financials_IsPaid", s."Financials_Prepayment", s."Financials_PrepaymentMethod", s."Financials_PrepaymentPaidAt", s."Financials_TotalCost"
    FROM "ServiceTickets" AS s
    WHERE s."IsActive" AND s."CompanyId" = @__request_CompanyId_0
    ORDER BY s."CreatedAt" DESC
    LIMIT @__p_2 OFFSET @__p_1
) AS t
LEFT JOIN "TicketTimeLogs" AS t0 ON t."Id" = t0."TicketId"
ORDER BY t."CreatedAt" DESC, t."Id"
2026-05-31 22:19:51.309 +05:30 [INF] Microsoft.EntityFrameworkCore.Database.Command: Executed DbCommand (5ms) [Parameters=[@__clientIds_0='?' (DbType = Object)], CommandType='"Text"', CommandTimeout='30']
SELECT c."Id", c."AddressLine1", c."City", c."CompanyId", c."CompanyName", c."Country", c."CreatedAt", c."CreatedBy", c."CreatedByEmployeeId", c."DateOfBirth", c."DiscountPercent", c."Email", c."GSTIN", c."IsActive", c."LocationId", c."Name", c."Notes", c."Phone", c."PostalCode", c."ReferralSource", c."State", c."Type", c."UpdatedAt", c."UpdatedBy", c."UpdatedByEmployeeId", c."WhatsApp"
FROM "Clients" AS c
WHERE c."IsActive" AND c."Id" = ANY (@__clientIds_0)
2026-05-31 22:19:51.326 +05:30 [INF] Microsoft.EntityFrameworkCore.Database.Command: Executed DbCommand (2ms) [Parameters=[@__employeeIds_0='?' (DbType = Object)], CommandType='"Text"', CommandTimeout='30']
SELECT e."Id", u."Name"
FROM "Employees" AS e
INNER JOIN "UserProfiles" AS u ON e."UserAccountId" = u."UserAccountId"
WHERE e."Id" = ANY (@__employeeIds_0)
2026-05-31 22:19:51.351 +05:30 [INF] Microsoft.EntityFrameworkCore.Database.Command: Executed DbCommand (1ms) [Parameters=[@__brandGuids_0='?' (DbType = Object)], CommandType='"Text"', CommandTimeout='30']
SELECT d."Id", d."Color", d."CreatedAt", d."CreatedBy", d."IconUrl", d."IsActive", d."Name", d."ProductCategoryId", d."UpdatedAt", d."UpdatedBy"
FROM "DeviceBrands" AS d
WHERE d."Id" = ANY (@__brandGuids_0)
2026-05-31 22:19:51.382 +05:30 [INF] Microsoft.EntityFrameworkCore.Database.Command: Executed DbCommand (1ms) [Parameters=[@__modelGuids_0='?' (DbType = Object)], CommandType='"Text"', CommandTimeout='30']
SELECT d."Id", d."BrandId", d."CreatedAt", d."CreatedBy", d."ImageUrl", d."IsActive", d."Name", d."ParentModelId", d."ProductCategoryId", d."UpdatedAt", d."UpdatedBy"
FROM "DeviceModels" AS d
WHERE d."Id" = ANY (@__modelGuids_0)
2026-05-31 22:19:51.395 +05:30 [INF] Flowtap_Application.Common.Behaviors.LoggingBehavior: Handled GetTicketsQuery
2026-05-31 22:19:51.403 +05:30 [INF] Flowtap_Middleware.RequestLoggingMiddleware: GET /api/v1/tickets → 200 | 320ms | Tenant: 591b97e6-5334-4870-b151-1a695ad19310
2026-05-31 22:19:51.409 +05:30 [DBG] Flowtap_Middleware.TenantMiddleware: Request for tenant 591b97e6-5334-4870-b151-1a695ad19310 at /api/v1/tickets
2026-05-31 22:19:51.440 +05:30 [INF] Microsoft.EntityFrameworkCore.Database.Command: Executed DbCommand (1ms) [Parameters=[@__8__locals1_tenantId_0='?' (DbType = Guid), @__now_1='?' (DbType = DateTime)], CommandType='"Text"', CommandTimeout='30']
SELECT EXISTS (
    SELECT 1
    FROM "CompanySubscriptions" AS c
    WHERE c."IsActive" AND c."CompanyId" = @__8__locals1_tenantId_0 AND c."Status" = 1 AND c."EndDate" > @__now_1)
2026-05-31 22:19:51.461 +05:30 [INF] Microsoft.EntityFrameworkCore.Database.Command: Executed DbCommand (1ms) [Parameters=[@__8__locals1_tenantId_0='?' (DbType = Guid), @__now_1='?' (DbType = DateTime)], CommandType='"Text"', CommandTimeout='30']
SELECT EXISTS (
    SELECT 1
    FROM "TrialPlans" AS t
    WHERE t."IsActive" AND t."CompanyId" = @__8__locals1_tenantId_0 AND NOT (t."IsExpired") AND t."TrialEndDate" > @__now_1)
2026-05-31 22:19:51.476 +05:30 [INF] Microsoft.EntityFrameworkCore.Database.Command: Executed DbCommand (3ms) [Parameters=[@__tenantId_0='?' (DbType = Guid)], CommandType='"Text"', CommandTimeout='30']
SELECT t."Id", t."ActiveModules", t."Address", t."BusinessType", t."Country", t."CreatedAt", t."CreatedBy", t."Currency", t."Email", t."IndustryType", t."IsActive", t."OwnerId", t."Phone", t."Requisites", t."SubDomain", t."Title", t."UpdatedAt", t."UpdatedBy", t."Website"
FROM "Tenants" AS t
WHERE t."Id" = @__tenantId_0
LIMIT 1
2026-05-31 22:19:51.484 +05:30 [INF] Flowtap_Application.Common.Behaviors.LoggingBehavior: Handling GetTicketsQuery
2026-05-31 22:19:51.494 +05:30 [INF] Microsoft.EntityFrameworkCore.Database.Command: Executed DbCommand (1ms) [Parameters=[@__request_CompanyId_0='?' (DbType = Guid)], CommandType='"Text"', CommandTimeout='30']
SELECT count(*)::int
FROM "ServiceTickets" AS s
WHERE s."IsActive" AND s."CompanyId" = @__request_CompanyId_0
2026-05-31 22:19:51.514 +05:30 [INF] Microsoft.EntityFrameworkCore.Database.Command: Executed DbCommand (8ms) [Parameters=[@__request_CompanyId_0='?' (DbType = Guid), @__p_2='?' (DbType = Int32), @__p_1='?' (DbType = Int32)], CommandType='"Text"', CommandTimeout='30']
SELECT t."Id", t."AccessoryList", t."Appearance", t."ClientId", t."ClosedAt", t."CompanyId", t."CreatedAt", t."CreatedBy", t."Deadline", t."Equipment", t."ExecutorEmployeeId", t."IsActive", t."LocationId", t."ManagerEmployeeId", t."MastersNotes", t."Modification", t."Password", t."PreRepairChecklist", t."PrimaryServiceId", t."Priority", t."Reason", t."RowVersion", t."SaleId", t."Status", t."TicketNumber", t."Type", t."UpdatedAt", t."UpdatedBy", t."DeviceDetails_Appearance", t."DeviceDetails_Brand", t."DeviceDetails_DeviceType", t."DeviceDetails_Equipment", t."DeviceDetails_Model", t."DeviceDetails_Modification", t."DeviceDetails_Password", t."DeviceDetails_Serial", t."Financials_EstimatedCost", t."Financials_IsPaid", t."Financials_Prepayment", t."Financials_PrepaymentMethod", t."Financials_PrepaymentPaidAt", t."Financials_TotalCost", t0."Id", t0."StartedAt", t0."StartedByEmployeeId", t0."StoppedAt", t0."TicketId"
FROM (
    SELECT s."Id", s."AccessoryList", s."Appearance", s."ClientId", s."ClosedAt", s."CompanyId", s."CreatedAt", s."CreatedBy", s."Deadline", s."Equipment", s."ExecutorEmployeeId", s."IsActive", s."LocationId", s."ManagerEmployeeId", s."MastersNotes", s."Modification", s."Password", s."PreRepairChecklist", s."PrimaryServiceId", s."Priority", s."Reason", s."RowVersion", s."SaleId", s."Status", s."TicketNumber", s."Type", s."UpdatedAt", s."UpdatedBy", s."DeviceDetails_Appearance", s."DeviceDetails_Brand", s."DeviceDetails_DeviceType", s."DeviceDetails_Equipment", s."DeviceDetails_Model", s."DeviceDetails_Modification", s."DeviceDetails_Password", s."DeviceDetails_Serial", s."Financials_EstimatedCost", s."Financials_IsPaid", s."Financials_Prepayment", s."Financials_PrepaymentMethod", s."Financials_PrepaymentPaidAt", s."Financials_TotalCost"
    FROM "ServiceTickets" AS s
    WHERE s."IsActive" AND s."CompanyId" = @__request_CompanyId_0
    ORDER BY s."CreatedAt" DESC
    LIMIT @__p_2 OFFSET @__p_1
) AS t
LEFT JOIN "TicketTimeLogs" AS t0 ON t."Id" = t0."TicketId"
ORDER BY t."CreatedAt" DESC, t."Id"
2026-05-31 22:19:51.536 +05:30 [INF] Microsoft.EntityFrameworkCore.Database.Command: Executed DbCommand (1ms) [Parameters=[@__clientIds_0='?' (DbType = Object)], CommandType='"Text"', CommandTimeout='30']
SELECT c."Id", c."AddressLine1", c."City", c."CompanyId", c."CompanyName", c."Country", c."CreatedAt", c."CreatedBy", c."CreatedByEmployeeId", c."DateOfBirth", c."DiscountPercent", c."Email", c."GSTIN", c."IsActive", c."LocationId", c."Name", c."Notes", c."Phone", c."PostalCode", c."ReferralSource", c."State", c."Type", c."UpdatedAt", c."UpdatedBy", c."UpdatedByEmployeeId", c."WhatsApp"
FROM "Clients" AS c
WHERE c."IsActive" AND c."Id" = ANY (@__clientIds_0)
2026-05-31 22:19:51.579 +05:30 [INF] Microsoft.EntityFrameworkCore.Database.Command: Executed DbCommand (6ms) [Parameters=[@__employeeIds_0='?' (DbType = Object)], CommandType='"Text"', CommandTimeout='30']
SELECT e."Id", u."Name"
FROM "Employees" AS e
INNER JOIN "UserProfiles" AS u ON e."UserAccountId" = u."UserAccountId"
WHERE e."Id" = ANY (@__employeeIds_0)
2026-05-31 22:19:51.609 +05:30 [INF] Microsoft.EntityFrameworkCore.Database.Command: Executed DbCommand (3ms) [Parameters=[@__brandGuids_0='?' (DbType = Object)], CommandType='"Text"', CommandTimeout='30']
SELECT d."Id", d."Color", d."CreatedAt", d."CreatedBy", d."IconUrl", d."IsActive", d."Name", d."ProductCategoryId", d."UpdatedAt", d."UpdatedBy"
FROM "DeviceBrands" AS d
WHERE d."Id" = ANY (@__brandGuids_0)
2026-05-31 22:19:51.636 +05:30 [INF] Microsoft.EntityFrameworkCore.Database.Command: Executed DbCommand (5ms) [Parameters=[@__modelGuids_0='?' (DbType = Object)], CommandType='"Text"', CommandTimeout='30']
SELECT d."Id", d."BrandId", d."CreatedAt", d."CreatedBy", d."ImageUrl", d."IsActive", d."Name", d."ParentModelId", d."ProductCategoryId", d."UpdatedAt", d."UpdatedBy"
FROM "DeviceModels" AS d
WHERE d."Id" = ANY (@__modelGuids_0)
2026-05-31 22:19:51.665 +05:30 [INF] Flowtap_Application.Common.Behaviors.LoggingBehavior: Handled GetTicketsQuery
2026-05-31 22:19:51.672 +05:30 [INF] Flowtap_Middleware.RequestLoggingMiddleware: GET /api/v1/tickets → 200 | 263ms | Tenant: 591b97e6-5334-4870-b151-1a695ad19310
2026-05-31 22:19:51.787 +05:30 [ERR] Microsoft.EntityFrameworkCore.Database.Command: Failed executing DbCommand (11ms) [Parameters=[@__p_0='?' (DbType = Int32)], CommandType='"Text"', CommandTimeout='30']
SELECT n."Id", n."CompanyId", n."CreatedAt", n."CreatedBy", n."Error", n."Payload", n."Recipient", n."RetryCount", n."SentAt", n."Status", n."Subject", n."Type", n."UpdatedAt", n."UpdatedBy"
FROM "NotificationQueues" AS n
WHERE n."Type" = 'Email' AND n."SentAt" IS NULL AND n."RetryCount" < 3
LIMIT @__p_0
2026-05-31 22:19:51.829 +05:30 [ERR] Microsoft.EntityFrameworkCore.Query: An exception occurred while iterating over the results of a query for context type 'Flowtap_Infrastructure.Persistence.DbContext.ApplicationDbContext'.
Npgsql.PostgresException (0x80004005): 42703: column n.CompanyId does not exist

POSITION: 16
   at Npgsql.Internal.NpgsqlConnector.ReadMessageLong(Boolean async, DataRowLoadingMode dataRowLoadingMode, Boolean readingNotifications, Boolean isReadingPrependedMessage)
   at System.Runtime.CompilerServices.PoolingAsyncValueTaskMethodBuilder`1.StateMachineBox`1.System.Threading.Tasks.Sources.IValueTaskSource<TResult>.GetResult(Int16 token)
   at Npgsql.NpgsqlDataReader.NextResult(Boolean async, Boolean isConsuming, CancellationToken cancellationToken)
   at Npgsql.NpgsqlDataReader.NextResult(Boolean async, Boolean isConsuming, CancellationToken cancellationToken)
   at Npgsql.NpgsqlCommand.ExecuteReader(Boolean async, CommandBehavior behavior, CancellationToken cancellationToken)
   at Npgsql.NpgsqlCommand.ExecuteReader(Boolean async, CommandBehavior behavior, CancellationToken cancellationToken)
   at Npgsql.NpgsqlCommand.ExecuteDbDataReaderAsync(CommandBehavior behavior, CancellationToken cancellationToken)
   at Microsoft.EntityFrameworkCore.Storage.RelationalCommand.ExecuteReaderAsync(RelationalCommandParameterObject parameterObject, CancellationToken cancellationToken)
   at Microsoft.EntityFrameworkCore.Storage.RelationalCommand.ExecuteReaderAsync(RelationalCommandParameterObject parameterObject, CancellationToken cancellationToken)
   at Microsoft.EntityFrameworkCore.Query.Internal.SingleQueryingEnumerable`1.AsyncEnumerator.InitializeReaderAsync(AsyncEnumerator enumerator, CancellationToken cancellationToken)
   at Npgsql.EntityFrameworkCore.PostgreSQL.Storage.Internal.NpgsqlExecutionStrategy.ExecuteAsync[TState,TResult](TState state, Func`4 operation, Func`4 verifySucceeded, CancellationToken cancellationToken)
   at Microsoft.EntityFrameworkCore.Query.Internal.SingleQueryingEnumerable`1.AsyncEnumerator.MoveNextAsync()
  Exception data:
    Severity: ERROR
    SqlState: 42703
    MessageText: column n.CompanyId does not exist
    Position: 16
    File: parse_relation.c
    Line: 3827
    Routine: errorMissingColumn
Npgsql.PostgresException (0x80004005): 42703: column n.CompanyId does not exist

POSITION: 16
   at Npgsql.Internal.NpgsqlConnector.ReadMessageLong(Boolean async, DataRowLoadingMode dataRowLoadingMode, Boolean readingNotifications, Boolean isReadingPrependedMessage)
   at System.Runtime.CompilerServices.PoolingAsyncValueTaskMethodBuilder`1.StateMachineBox`1.System.Threading.Tasks.Sources.IValueTaskSource<TResult>.GetResult(Int16 token)
   at Npgsql.NpgsqlDataReader.NextResult(Boolean async, Boolean isConsuming, CancellationToken cancellationToken)
   at Npgsql.NpgsqlDataReader.NextResult(Boolean async, Boolean isConsuming, CancellationToken cancellationToken)
   at Npgsql.NpgsqlCommand.ExecuteReader(Boolean async, CommandBehavior behavior, CancellationToken cancellationToken)
   at Npgsql.NpgsqlCommand.ExecuteReader(Boolean async, CommandBehavior behavior, CancellationToken cancellationToken)
   at Npgsql.NpgsqlCommand.ExecuteDbDataReaderAsync(CommandBehavior behavior, CancellationToken cancellationToken)
   at Microsoft.EntityFrameworkCore.Storage.RelationalCommand.ExecuteReaderAsync(RelationalCommandParameterObject parameterObject, CancellationToken cancellationToken)
   at Microsoft.EntityFrameworkCore.Storage.RelationalCommand.ExecuteReaderAsync(RelationalCommandParameterObject parameterObject, CancellationToken cancellationToken)
   at Microsoft.EntityFrameworkCore.Query.Internal.SingleQueryingEnumerable`1.AsyncEnumerator.InitializeReaderAsync(AsyncEnumerator enumerator, CancellationToken cancellationToken)
   at Npgsql.EntityFrameworkCore.PostgreSQL.Storage.Internal.NpgsqlExecutionStrategy.ExecuteAsync[TState,TResult](TState state, Func`4 operation, Func`4 verifySucceeded, CancellationToken cancellationToken)
   at Microsoft.EntityFrameworkCore.Query.Internal.SingleQueryingEnumerable`1.AsyncEnumerator.MoveNextAsync()
  Exception data:
    Severity: ERROR
    SqlState: 42703
    MessageText: column n.CompanyId does not exist
    Position: 16
    File: parse_relation.c
    Line: 3827
    Routine: errorMissingColumn
2026-05-31 22:19:51.867 +05:30 [ERR] Flowtap_Infrastructure.BackgroundJobs.EmailDispatchService: Error processing notification queue
Npgsql.PostgresException (0x80004005): 42703: column n.CompanyId does not exist

POSITION: 16
   at Npgsql.Internal.NpgsqlConnector.ReadMessageLong(Boolean async, DataRowLoadingMode dataRowLoadingMode, Boolean readingNotifications, Boolean isReadingPrependedMessage)
   at System.Runtime.CompilerServices.PoolingAsyncValueTaskMethodBuilder`1.StateMachineBox`1.System.Threading.Tasks.Sources.IValueTaskSource<TResult>.GetResult(Int16 token)
   at Npgsql.NpgsqlDataReader.NextResult(Boolean async, Boolean isConsuming, CancellationToken cancellationToken)
   at Npgsql.NpgsqlDataReader.NextResult(Boolean async, Boolean isConsuming, CancellationToken cancellationToken)
   at Npgsql.NpgsqlCommand.ExecuteReader(Boolean async, CommandBehavior behavior, CancellationToken cancellationToken)
   at Npgsql.NpgsqlCommand.ExecuteReader(Boolean async, CommandBehavior behavior, CancellationToken cancellationToken)
   at Npgsql.NpgsqlCommand.ExecuteDbDataReaderAsync(CommandBehavior behavior, CancellationToken cancellationToken)
   at Microsoft.EntityFrameworkCore.Storage.RelationalCommand.ExecuteReaderAsync(RelationalCommandParameterObject parameterObject, CancellationToken cancellationToken)
   at Microsoft.EntityFrameworkCore.Storage.RelationalCommand.ExecuteReaderAsync(RelationalCommandParameterObject parameterObject, CancellationToken cancellationToken)
   at Microsoft.EntityFrameworkCore.Query.Internal.SingleQueryingEnumerable`1.AsyncEnumerator.InitializeReaderAsync(AsyncEnumerator enumerator, CancellationToken cancellationToken)
   at Npgsql.EntityFrameworkCore.PostgreSQL.Storage.Internal.NpgsqlExecutionStrategy.ExecuteAsync[TState,TResult](TState state, Func`4 operation, Func`4 verifySucceeded, CancellationToken cancellationToken)
   at Microsoft.EntityFrameworkCore.Query.Internal.SingleQueryingEnumerable`1.AsyncEnumerator.MoveNextAsync()
   at Microsoft.EntityFrameworkCore.EntityFrameworkQueryableExtensions.ToListAsync[TSource](IQueryable`1 source, CancellationToken cancellationToken)
   at Microsoft.EntityFrameworkCore.EntityFrameworkQueryableExtensions.ToListAsync[TSource](IQueryable`1 source, CancellationToken cancellationToken)
   at Flowtap_Infrastructure.BackgroundJobs.EmailDispatchService.ProcessPendingEmailsAsync(CancellationToken ct) in D:\Git\Flowtap_MultiSaas_Backend_modern\SharedCore\Flowtap_Infrastructure\BackgroundJobs\EmailDispatchService.cs:line 35
   at Flowtap_Infrastructure.BackgroundJobs.EmailDispatchService.ExecuteAsync(CancellationToken stoppingToken) in D:\Git\Flowtap_MultiSaas_Backend_modern\SharedCore\Flowtap_Infrastructure\BackgroundJobs\EmailDispatchService.cs:line 19
  Exception data:
    Severity: ERROR
    SqlState: 42703
    MessageText: column n.CompanyId does not exist
    Position: 16
    File: parse_relation.c
    Line: 3827
    Routine: errorMissingColumn
2026-05-31 22:19:52.207 +05:30 [DBG] Hangfire.Server.ServerHeartbeatProcess: Server antonyraj:19416:42ccf628 heartbeat successfully sent
2026-05-31 22:19:52.285 +05:30 [ERR] Microsoft.EntityFrameworkCore.Database.Command: Failed executing DbCommand (1ms) [Parameters=[@__p_0='?' (DbType = Int32)], CommandType='"Text"', CommandTimeout='30']
SELECT n."Id", n."CompanyId", n."CreatedAt", n."CreatedBy", n."Error", n."Payload", n."Recipient", n."RetryCount", n."SentAt", n."Status", n."Subject", n."Type", n."UpdatedAt", n."UpdatedBy"
FROM "NotificationQueues" AS n
WHERE n."Type" = 'Sms' AND n."SentAt" IS NULL AND n."RetryCount" < 3
LIMIT @__p_0
2026-05-31 22:19:52.308 +05:30 [ERR] Microsoft.EntityFrameworkCore.Query: An exception occurred while iterating over the results of a query for context type 'Flowtap_Infrastructure.Persistence.DbContext.ApplicationDbContext'.
Npgsql.PostgresException (0x80004005): 42703: column n.CompanyId does not exist

POSITION: 16
   at Npgsql.Internal.NpgsqlConnector.ReadMessageLong(Boolean async, DataRowLoadingMode dataRowLoadingMode, Boolean readingNotifications, Boolean isReadingPrependedMessage)
   at System.Runtime.CompilerServices.PoolingAsyncValueTaskMethodBuilder`1.StateMachineBox`1.System.Threading.Tasks.Sources.IValueTaskSource<TResult>.GetResult(Int16 token)
   at Npgsql.NpgsqlDataReader.NextResult(Boolean async, Boolean isConsuming, CancellationToken cancellationToken)
   at Npgsql.NpgsqlDataReader.NextResult(Boolean async, Boolean isConsuming, CancellationToken cancellationToken)
   at Npgsql.NpgsqlCommand.ExecuteReader(Boolean async, CommandBehavior behavior, CancellationToken cancellationToken)
   at Npgsql.NpgsqlCommand.ExecuteReader(Boolean async, CommandBehavior behavior, CancellationToken cancellationToken)
   at Npgsql.NpgsqlCommand.ExecuteDbDataReaderAsync(CommandBehavior behavior, CancellationToken cancellationToken)
   at Microsoft.EntityFrameworkCore.Storage.RelationalCommand.ExecuteReaderAsync(RelationalCommandParameterObject parameterObject, CancellationToken cancellationToken)
   at Microsoft.EntityFrameworkCore.Storage.RelationalCommand.ExecuteReaderAsync(RelationalCommandParameterObject parameterObject, CancellationToken cancellationToken)
   at Microsoft.EntityFrameworkCore.Query.Internal.SingleQueryingEnumerable`1.AsyncEnumerator.InitializeReaderAsync(AsyncEnumerator enumerator, CancellationToken cancellationToken)
   at Npgsql.EntityFrameworkCore.PostgreSQL.Storage.Internal.NpgsqlExecutionStrategy.ExecuteAsync[TState,TResult](TState state, Func`4 operation, Func`4 verifySucceeded, CancellationToken cancellationToken)
   at Microsoft.EntityFrameworkCore.Query.Internal.SingleQueryingEnumerable`1.AsyncEnumerator.MoveNextAsync()
  Exception data:
    Severity: ERROR
    SqlState: 42703
    MessageText: column n.CompanyId does not exist
    Position: 16
    File: parse_relation.c
    Line: 3827
    Routine: errorMissingColumn
Npgsql.PostgresException (0x80004005): 42703: column n.CompanyId does not exist

POSITION: 16
   at Npgsql.Internal.NpgsqlConnector.ReadMessageLong(Boolean async, DataRowLoadingMode dataRowLoadingMode, Boolean readingNotifications, Boolean isReadingPrependedMessage)
   at System.Runtime.CompilerServices.PoolingAsyncValueTaskMethodBuilder`1.StateMachineBox`1.System.Threading.Tasks.Sources.IValueTaskSource<TResult>.GetResult(Int16 token)
   at Npgsql.NpgsqlDataReader.NextResult(Boolean async, Boolean isConsuming, CancellationToken cancellationToken)
   at Npgsql.NpgsqlDataReader.NextResult(Boolean async, Boolean isConsuming, CancellationToken cancellationToken)
   at Npgsql.NpgsqlCommand.ExecuteReader(Boolean async, CommandBehavior behavior, CancellationToken cancellationToken)
   at Npgsql.NpgsqlCommand.ExecuteReader(Boolean async, CommandBehavior behavior, CancellationToken cancellationToken)
   at Npgsql.NpgsqlCommand.ExecuteDbDataReaderAsync(CommandBehavior behavior, CancellationToken cancellationToken)
   at Microsoft.EntityFrameworkCore.Storage.RelationalCommand.ExecuteReaderAsync(RelationalCommandParameterObject parameterObject, CancellationToken cancellationToken)
   at Microsoft.EntityFrameworkCore.Storage.RelationalCommand.ExecuteReaderAsync(RelationalCommandParameterObject parameterObject, CancellationToken cancellationToken)
   at Microsoft.EntityFrameworkCore.Query.Internal.SingleQueryingEnumerable`1.AsyncEnumerator.InitializeReaderAsync(AsyncEnumerator enumerator, CancellationToken cancellationToken)
   at Npgsql.EntityFrameworkCore.PostgreSQL.Storage.Internal.NpgsqlExecutionStrategy.ExecuteAsync[TState,TResult](TState state, Func`4 operation, Func`4 verifySucceeded, CancellationToken cancellationToken)
   at Microsoft.EntityFrameworkCore.Query.Internal.SingleQueryingEnumerable`1.AsyncEnumerator.MoveNextAsync()
  Exception data:
    Severity: ERROR
    SqlState: 42703
    MessageText: column n.CompanyId does not exist
    Position: 16
    File: parse_relation.c
    Line: 3827
    Routine: errorMissingColumn
2026-05-31 22:19:52.368 +05:30 [ERR] Flowtap_Infrastructure.BackgroundJobs.SmsDispatchService: Error processing SMS notification queue
Npgsql.PostgresException (0x80004005): 42703: column n.CompanyId does not exist

POSITION: 16
   at Npgsql.Internal.NpgsqlConnector.ReadMessageLong(Boolean async, DataRowLoadingMode dataRowLoadingMode, Boolean readingNotifications, Boolean isReadingPrependedMessage)
   at System.Runtime.CompilerServices.PoolingAsyncValueTaskMethodBuilder`1.StateMachineBox`1.System.Threading.Tasks.Sources.IValueTaskSource<TResult>.GetResult(Int16 token)
   at Npgsql.NpgsqlDataReader.NextResult(Boolean async, Boolean isConsuming, CancellationToken cancellationToken)
   at Npgsql.NpgsqlDataReader.NextResult(Boolean async, Boolean isConsuming, CancellationToken cancellationToken)
   at Npgsql.NpgsqlCommand.ExecuteReader(Boolean async, CommandBehavior behavior, CancellationToken cancellationToken)
   at Npgsql.NpgsqlCommand.ExecuteReader(Boolean async, CommandBehavior behavior, CancellationToken cancellationToken)
   at Npgsql.NpgsqlCommand.ExecuteDbDataReaderAsync(CommandBehavior behavior, CancellationToken cancellationToken)
   at Microsoft.EntityFrameworkCore.Storage.RelationalCommand.ExecuteReaderAsync(RelationalCommandParameterObject parameterObject, CancellationToken cancellationToken)
   at Microsoft.EntityFrameworkCore.Storage.RelationalCommand.ExecuteReaderAsync(RelationalCommandParameterObject parameterObject, CancellationToken cancellationToken)
   at Microsoft.EntityFrameworkCore.Query.Internal.SingleQueryingEnumerable`1.AsyncEnumerator.InitializeReaderAsync(AsyncEnumerator enumerator, CancellationToken cancellationToken)
   at Npgsql.EntityFrameworkCore.PostgreSQL.Storage.Internal.NpgsqlExecutionStrategy.ExecuteAsync[TState,TResult](TState state, Func`4 operation, Func`4 verifySucceeded, CancellationToken cancellationToken)
   at Microsoft.EntityFrameworkCore.Query.Internal.SingleQueryingEnumerable`1.AsyncEnumerator.MoveNextAsync()
   at Microsoft.EntityFrameworkCore.EntityFrameworkQueryableExtensions.ToListAsync[TSource](IQueryable`1 source, CancellationToken cancellationToken)
   at Microsoft.EntityFrameworkCore.EntityFrameworkQueryableExtensions.ToListAsync[TSource](IQueryable`1 source, CancellationToken cancellationToken)
   at Flowtap_Infrastructure.BackgroundJobs.SmsDispatchService.ProcessPendingSmsAsync(CancellationToken ct) in D:\Git\Flowtap_MultiSaas_Backend_modern\SharedCore\Flowtap_Infrastructure\BackgroundJobs\SmsDispatchService.cs:line 45
   at Flowtap_Infrastructure.BackgroundJobs.SmsDispatchService.ExecuteAsync(CancellationToken stoppingToken) in D:\Git\Flowtap_MultiSaas_Backend_modern\SharedCore\Flowtap_Infrastructure\BackgroundJobs\SmsDispatchService.cs:line 29
  Exception data:
    Severity: ERROR
    SqlState: 42703
    MessageText: column n.CompanyId does not exist
    Position: 16
    File: parse_relation.c
    Line: 3827
    Routine: errorMissingColumn
2026-05-31 22:19:52.388 +05:30 [ERR] Microsoft.EntityFrameworkCore.Database.Command: Failed executing DbCommand (2ms) [Parameters=[@__p_0='?' (DbType = Int32)], CommandType='"Text"', CommandTimeout='30']
SELECT n."Id", n."CompanyId", n."CreatedAt", n."CreatedBy", n."Error", n."Payload", n."Recipient", n."RetryCount", n."SentAt", n."Status", n."Subject", n."Type", n."UpdatedAt", n."UpdatedBy"
FROM "NotificationQueues" AS n
WHERE n."Type" = 'WhatsApp' AND n."SentAt" IS NULL AND n."RetryCount" < 3
LIMIT @__p_0
2026-05-31 22:19:52.475 +05:30 [ERR] Microsoft.EntityFrameworkCore.Query: An exception occurred while iterating over the results of a query for context type 'Flowtap_Infrastructure.Persistence.DbContext.ApplicationDbContext'.
Npgsql.PostgresException (0x80004005): 42703: column n.CompanyId does not exist

POSITION: 16
   at Npgsql.Internal.NpgsqlConnector.ReadMessageLong(Boolean async, DataRowLoadingMode dataRowLoadingMode, Boolean readingNotifications, Boolean isReadingPrependedMessage)
   at System.Runtime.CompilerServices.PoolingAsyncValueTaskMethodBuilder`1.StateMachineBox`1.System.Threading.Tasks.Sources.IValueTaskSource<TResult>.GetResult(Int16 token)
   at Npgsql.NpgsqlDataReader.NextResult(Boolean async, Boolean isConsuming, CancellationToken cancellationToken)
   at Npgsql.NpgsqlDataReader.NextResult(Boolean async, Boolean isConsuming, CancellationToken cancellationToken)
   at Npgsql.NpgsqlCommand.ExecuteReader(Boolean async, CommandBehavior behavior, CancellationToken cancellationToken)
   at Npgsql.NpgsqlCommand.ExecuteReader(Boolean async, CommandBehavior behavior, CancellationToken cancellationToken)
   at Npgsql.NpgsqlCommand.ExecuteDbDataReaderAsync(CommandBehavior behavior, CancellationToken cancellationToken)
   at Microsoft.EntityFrameworkCore.Storage.RelationalCommand.ExecuteReaderAsync(RelationalCommandParameterObject parameterObject, CancellationToken cancellationToken)
   at Microsoft.EntityFrameworkCore.Storage.RelationalCommand.ExecuteReaderAsync(RelationalCommandParameterObject parameterObject, CancellationToken cancellationToken)
   at Microsoft.EntityFrameworkCore.Query.Internal.SingleQueryingEnumerable`1.AsyncEnumerator.InitializeReaderAsync(AsyncEnumerator enumerator, CancellationToken cancellationToken)
   at Npgsql.EntityFrameworkCore.PostgreSQL.Storage.Internal.NpgsqlExecutionStrategy.ExecuteAsync[TState,TResult](TState state, Func`4 operation, Func`4 verifySucceeded, CancellationToken cancellationToken)
   at Microsoft.EntityFrameworkCore.Query.Internal.SingleQueryingEnumerable`1.AsyncEnumerator.MoveNextAsync()
  Exception data:
    Severity: ERROR
    SqlState: 42703
    MessageText: column n.CompanyId does not exist
    Position: 16
    File: parse_relation.c
    Line: 3827
    Routine: errorMissingColumn
Npgsql.PostgresException (0x80004005): 42703: column n.CompanyId does not exist

POSITION: 16
   at Npgsql.Internal.NpgsqlConnector.ReadMessageLong(Boolean async, DataRowLoadingMode dataRowLoadingMode, Boolean readingNotifications, Boolean isReadingPrependedMessage)
   at System.Runtime.CompilerServices.PoolingAsyncValueTaskMethodBuilder`1.StateMachineBox`1.System.Threading.Tasks.Sources.IValueTaskSource<TResult>.GetResult(Int16 token)
   at Npgsql.NpgsqlDataReader.NextResult(Boolean async, Boolean isConsuming, CancellationToken cancellationToken)
   at Npgsql.NpgsqlDataReader.NextResult(Boolean async, Boolean isConsuming, CancellationToken cancellationToken)
   at Npgsql.NpgsqlCommand.ExecuteReader(Boolean async, CommandBehavior behavior, CancellationToken cancellationToken)
   at Npgsql.NpgsqlCommand.ExecuteReader(Boolean async, CommandBehavior behavior, CancellationToken cancellationToken)
   at Npgsql.NpgsqlCommand.ExecuteDbDataReaderAsync(CommandBehavior behavior, CancellationToken cancellationToken)
   at Microsoft.EntityFrameworkCore.Storage.RelationalCommand.ExecuteReaderAsync(RelationalCommandParameterObject parameterObject, CancellationToken cancellationToken)
   at Microsoft.EntityFrameworkCore.Storage.RelationalCommand.ExecuteReaderAsync(RelationalCommandParameterObject parameterObject, CancellationToken cancellationToken)
   at Microsoft.EntityFrameworkCore.Query.Internal.SingleQueryingEnumerable`1.AsyncEnumerator.InitializeReaderAsync(AsyncEnumerator enumerator, CancellationToken cancellationToken)
   at Npgsql.EntityFrameworkCore.PostgreSQL.Storage.Internal.NpgsqlExecutionStrategy.ExecuteAsync[TState,TResult](TState state, Func`4 operation, Func`4 verifySucceeded, CancellationToken cancellationToken)
   at Microsoft.EntityFrameworkCore.Query.Internal.SingleQueryingEnumerable`1.AsyncEnumerator.MoveNextAsync()
  Exception data:
    Severity: ERROR
    SqlState: 42703
    MessageText: column n.CompanyId does not exist
    Position: 16
    File: parse_relation.c
    Line: 3827
    Routine: errorMissingColumn
2026-05-31 22:19:52.567 +05:30 [ERR] Flowtap_Infrastructure.BackgroundJobs.WhatsAppDispatchService: Error processing WhatsApp notification queue
Npgsql.PostgresException (0x80004005): 42703: column n.CompanyId does not exist

POSITION: 16
   at Npgsql.Internal.NpgsqlConnector.ReadMessageLong(Boolean async, DataRowLoadingMode dataRowLoadingMode, Boolean readingNotifications, Boolean isReadingPrependedMessage)
   at System.Runtime.CompilerServices.PoolingAsyncValueTaskMethodBuilder`1.StateMachineBox`1.System.Threading.Tasks.Sources.IValueTaskSource<TResult>.GetResult(Int16 token)
   at Npgsql.NpgsqlDataReader.NextResult(Boolean async, Boolean isConsuming, CancellationToken cancellationToken)
   at Npgsql.NpgsqlDataReader.NextResult(Boolean async, Boolean isConsuming, CancellationToken cancellationToken)
   at Npgsql.NpgsqlCommand.ExecuteReader(Boolean async, CommandBehavior behavior, CancellationToken cancellationToken)
   at Npgsql.NpgsqlCommand.ExecuteReader(Boolean async, CommandBehavior behavior, CancellationToken cancellationToken)
   at Npgsql.NpgsqlCommand.ExecuteDbDataReaderAsync(CommandBehavior behavior, CancellationToken cancellationToken)
   at Microsoft.EntityFrameworkCore.Storage.RelationalCommand.ExecuteReaderAsync(RelationalCommandParameterObject parameterObject, CancellationToken cancellationToken)
   at Microsoft.EntityFrameworkCore.Storage.RelationalCommand.ExecuteReaderAsync(RelationalCommandParameterObject parameterObject, CancellationToken cancellationToken)
   at Microsoft.EntityFrameworkCore.Query.Internal.SingleQueryingEnumerable`1.AsyncEnumerator.InitializeReaderAsync(AsyncEnumerator enumerator, CancellationToken cancellationToken)
   at Npgsql.EntityFrameworkCore.PostgreSQL.Storage.Internal.NpgsqlExecutionStrategy.ExecuteAsync[TState,TResult](TState state, Func`4 operation, Func`4 verifySucceeded, CancellationToken cancellationToken)
   at Microsoft.EntityFrameworkCore.Query.Internal.SingleQueryingEnumerable`1.AsyncEnumerator.MoveNextAsync()
   at Microsoft.EntityFrameworkCore.EntityFrameworkQueryableExtensions.ToListAsync[TSource](IQueryable`1 source, CancellationToken cancellationToken)
   at Microsoft.EntityFrameworkCore.EntityFrameworkQueryableExtensions.ToListAsync[TSource](IQueryable`1 source, CancellationToken cancellationToken)
   at Flowtap_Infrastructure.BackgroundJobs.WhatsAppDispatchService.ProcessPendingWhatsAppAsync(CancellationToken ct) in D:\Git\Flowtap_MultiSaas_Backend_modern\SharedCore\Flowtap_Infrastructure\BackgroundJobs\WhatsAppDispatchService.cs:line 45
   at Flowtap_Infrastructure.BackgroundJobs.WhatsAppDispatchService.ExecuteAsync(CancellationToken stoppingToken) in D:\Git\Flowtap_MultiSaas_Backend_modern\SharedCore\Flowtap_Infrastructure\BackgroundJobs\WhatsAppDispatchService.cs:line 29
  Exception data:
    Severity: ERROR
    SqlState: 42703
    MessageText: column n.CompanyId does not exist
    Position: 16
    File: parse_relation.c
    Line: 3827
    Routine: errorMissingColumn
2026-05-31 22:20:21.917 +05:30 [ERR] Microsoft.EntityFrameworkCore.Database.Command: Failed executing DbCommand (2ms) [Parameters=[@__p_0='?' (DbType = Int32)], CommandType='"Text"', CommandTimeout='30']
SELECT n."Id", n."CompanyId", n."CreatedAt", n."CreatedBy", n."Error", n."Payload", n."Recipient", n."RetryCount", n."SentAt", n."Status", n."Subject", n."Type", n."UpdatedAt", n."UpdatedBy"
FROM "NotificationQueues" AS n
WHERE n."Type" = 'Email' AND n."SentAt" IS NULL AND n."RetryCount" < 3
LIMIT @__p_0
2026-05-31 22:20:21.923 +05:30 [ERR] Microsoft.EntityFrameworkCore.Query: An exception occurred while iterating over the results of a query for context type 'Flowtap_Infrastructure.Persistence.DbContext.ApplicationDbContext'.
Npgsql.PostgresException (0x80004005): 42703: column n.CompanyId does not exist

POSITION: 16
   at Npgsql.Internal.NpgsqlConnector.ReadMessageLong(Boolean async, DataRowLoadingMode dataRowLoadingMode, Boolean readingNotifications, Boolean isReadingPrependedMessage)
   at System.Runtime.CompilerServices.PoolingAsyncValueTaskMethodBuilder`1.StateMachineBox`1.System.Threading.Tasks.Sources.IValueTaskSource<TResult>.GetResult(Int16 token)
   at Npgsql.NpgsqlDataReader.NextResult(Boolean async, Boolean isConsuming, CancellationToken cancellationToken)
   at Npgsql.NpgsqlDataReader.NextResult(Boolean async, Boolean isConsuming, CancellationToken cancellationToken)
   at Npgsql.NpgsqlCommand.ExecuteReader(Boolean async, CommandBehavior behavior, CancellationToken cancellationToken)
   at Npgsql.NpgsqlCommand.ExecuteReader(Boolean async, CommandBehavior behavior, CancellationToken cancellationToken)
   at Npgsql.NpgsqlCommand.ExecuteDbDataReaderAsync(CommandBehavior behavior, CancellationToken cancellationToken)
   at Microsoft.EntityFrameworkCore.Storage.RelationalCommand.ExecuteReaderAsync(RelationalCommandParameterObject parameterObject, CancellationToken cancellationToken)
   at Microsoft.EntityFrameworkCore.Storage.RelationalCommand.ExecuteReaderAsync(RelationalCommandParameterObject parameterObject, CancellationToken cancellationToken)
   at Microsoft.EntityFrameworkCore.Query.Internal.SingleQueryingEnumerable`1.AsyncEnumerator.InitializeReaderAsync(AsyncEnumerator enumerator, CancellationToken cancellationToken)
   at Npgsql.EntityFrameworkCore.PostgreSQL.Storage.Internal.NpgsqlExecutionStrategy.ExecuteAsync[TState,TResult](TState state, Func`4 operation, Func`4 verifySucceeded, CancellationToken cancellationToken)
   at Microsoft.EntityFrameworkCore.Query.Internal.SingleQueryingEnumerable`1.AsyncEnumerator.MoveNextAsync()
  Exception data:
    Severity: ERROR
    SqlState: 42703
    MessageText: column n.CompanyId does not exist
    Position: 16
    File: parse_relation.c
    Line: 3827
    Routine: errorMissingColumn
Npgsql.PostgresException (0x80004005): 42703: column n.CompanyId does not exist

POSITION: 16
   at Npgsql.Internal.NpgsqlConnector.ReadMessageLong(Boolean async, DataRowLoadingMode dataRowLoadingMode, Boolean readingNotifications, Boolean isReadingPrependedMessage)
   at System.Runtime.CompilerServices.PoolingAsyncValueTaskMethodBuilder`1.StateMachineBox`1.System.Threading.Tasks.Sources.IValueTaskSource<TResult>.GetResult(Int16 token)
   at Npgsql.NpgsqlDataReader.NextResult(Boolean async, Boolean isConsuming, CancellationToken cancellationToken)
   at Npgsql.NpgsqlDataReader.NextResult(Boolean async, Boolean isConsuming, CancellationToken cancellationToken)
   at Npgsql.NpgsqlCommand.ExecuteReader(Boolean async, CommandBehavior behavior, CancellationToken cancellationToken)
   at Npgsql.NpgsqlCommand.ExecuteReader(Boolean async, CommandBehavior behavior, CancellationToken cancellationToken)
   at Npgsql.NpgsqlCommand.ExecuteDbDataReaderAsync(CommandBehavior behavior, CancellationToken cancellationToken)
   at Microsoft.EntityFrameworkCore.Storage.RelationalCommand.ExecuteReaderAsync(RelationalCommandParameterObject parameterObject, CancellationToken cancellationToken)
   at Microsoft.EntityFrameworkCore.Storage.RelationalCommand.ExecuteReaderAsync(RelationalCommandParameterObject parameterObject, CancellationToken cancellationToken)
   at Microsoft.EntityFrameworkCore.Query.Internal.SingleQueryingEnumerable`1.AsyncEnumerator.InitializeReaderAsync(AsyncEnumerator enumerator, CancellationToken cancellationToken)
   at Npgsql.EntityFrameworkCore.PostgreSQL.Storage.Internal.NpgsqlExecutionStrategy.ExecuteAsync[TState,TResult](TState state, Func`4 operation, Func`4 verifySucceeded, CancellationToken cancellationToken)
   at Microsoft.EntityFrameworkCore.Query.Internal.SingleQueryingEnumerable`1.AsyncEnumerator.MoveNextAsync()
  Exception data:
    Severity: ERROR
    SqlState: 42703
    MessageText: column n.CompanyId does not exist
    Position: 16
    File: parse_relation.c
    Line: 3827
    Routine: errorMissingColumn
2026-05-31 22:20:21.989 +05:30 [ERR] Flowtap_Infrastructure.BackgroundJobs.EmailDispatchService: Error processing notification queue
Npgsql.PostgresException (0x80004005): 42703: column n.CompanyId does not exist

POSITION: 16
   at Npgsql.Internal.NpgsqlConnector.ReadMessageLong(Boolean async, DataRowLoadingMode dataRowLoadingMode, Boolean readingNotifications, Boolean isReadingPrependedMessage)
   at System.Runtime.CompilerServices.PoolingAsyncValueTaskMethodBuilder`1.StateMachineBox`1.System.Threading.Tasks.Sources.IValueTaskSource<TResult>.GetResult(Int16 token)
   at Npgsql.NpgsqlDataReader.NextResult(Boolean async, Boolean isConsuming, CancellationToken cancellationToken)
   at Npgsql.NpgsqlDataReader.NextResult(Boolean async, Boolean isConsuming, CancellationToken cancellationToken)
   at Npgsql.NpgsqlCommand.ExecuteReader(Boolean async, CommandBehavior behavior, CancellationToken cancellationToken)
   at Npgsql.NpgsqlCommand.ExecuteReader(Boolean async, CommandBehavior behavior, CancellationToken cancellationToken)
   at Npgsql.NpgsqlCommand.ExecuteDbDataReaderAsync(CommandBehavior behavior, CancellationToken cancellationToken)
   at Microsoft.EntityFrameworkCore.Storage.RelationalCommand.ExecuteReaderAsync(RelationalCommandParameterObject parameterObject, CancellationToken cancellationToken)
   at Microsoft.EntityFrameworkCore.Storage.RelationalCommand.ExecuteReaderAsync(RelationalCommandParameterObject parameterObject, CancellationToken cancellationToken)
   at Microsoft.EntityFrameworkCore.Query.Internal.SingleQueryingEnumerable`1.AsyncEnumerator.InitializeReaderAsync(AsyncEnumerator enumerator, CancellationToken cancellationToken)
   at Npgsql.EntityFrameworkCore.PostgreSQL.Storage.Internal.NpgsqlExecutionStrategy.ExecuteAsync[TState,TResult](TState state, Func`4 operation, Func`4 verifySucceeded, CancellationToken cancellationToken)
   at Microsoft.EntityFrameworkCore.Query.Internal.SingleQueryingEnumerable`1.AsyncEnumerator.MoveNextAsync()
   at Microsoft.EntityFrameworkCore.EntityFrameworkQueryableExtensions.ToListAsync[TSource](IQueryable`1 source, CancellationToken cancellationToken)
   at Microsoft.EntityFrameworkCore.EntityFrameworkQueryableExtensions.ToListAsync[TSource](IQueryable`1 source, CancellationToken cancellationToken)
   at Flowtap_Infrastructure.BackgroundJobs.EmailDispatchService.ProcessPendingEmailsAsync(CancellationToken ct) in D:\Git\Flowtap_MultiSaas_Backend_modern\SharedCore\Flowtap_Infrastructure\BackgroundJobs\EmailDispatchService.cs:line 35
   at Flowtap_Infrastructure.BackgroundJobs.EmailDispatchService.ExecuteAsync(CancellationToken stoppingToken) in D:\Git\Flowtap_MultiSaas_Backend_modern\SharedCore\Flowtap_Infrastructure\BackgroundJobs\EmailDispatchService.cs:line 19
  Exception data:
    Severity: ERROR
    SqlState: 42703
    MessageText: column n.CompanyId does not exist
    Position: 16
    File: parse_relation.c
    Line: 3827
    Routine: errorMissingColumn
2026-05-31 22:20:22.227 +05:30 [DBG] Hangfire.Server.ServerHeartbeatProcess: Server antonyraj:19416:42ccf628 heartbeat successfully sent
2026-05-31 22:20:22.437 +05:30 [ERR] Microsoft.EntityFrameworkCore.Database.Command: Failed executing DbCommand (1ms) [Parameters=[@__p_0='?' (DbType = Int32)], CommandType='"Text"', CommandTimeout='30']
SELECT n."Id", n."CompanyId", n."CreatedAt", n."CreatedBy", n."Error", n."Payload", n."Recipient", n."RetryCount", n."SentAt", n."Status", n."Subject", n."Type", n."UpdatedAt", n."UpdatedBy"
FROM "NotificationQueues" AS n
WHERE n."Type" = 'Sms' AND n."SentAt" IS NULL AND n."RetryCount" < 3
LIMIT @__p_0
2026-05-31 22:20:22.474 +05:30 [ERR] Microsoft.EntityFrameworkCore.Query: An exception occurred while iterating over the results of a query for context type 'Flowtap_Infrastructure.Persistence.DbContext.ApplicationDbContext'.
Npgsql.PostgresException (0x80004005): 42703: column n.CompanyId does not exist

POSITION: 16
   at Npgsql.Internal.NpgsqlConnector.ReadMessageLong(Boolean async, DataRowLoadingMode dataRowLoadingMode, Boolean readingNotifications, Boolean isReadingPrependedMessage)
   at System.Runtime.CompilerServices.PoolingAsyncValueTaskMethodBuilder`1.StateMachineBox`1.System.Threading.Tasks.Sources.IValueTaskSource<TResult>.GetResult(Int16 token)
   at Npgsql.NpgsqlDataReader.NextResult(Boolean async, Boolean isConsuming, CancellationToken cancellationToken)
   at Npgsql.NpgsqlDataReader.NextResult(Boolean async, Boolean isConsuming, CancellationToken cancellationToken)
   at Npgsql.NpgsqlCommand.ExecuteReader(Boolean async, CommandBehavior behavior, CancellationToken cancellationToken)
   at Npgsql.NpgsqlCommand.ExecuteReader(Boolean async, CommandBehavior behavior, CancellationToken cancellationToken)
   at Npgsql.NpgsqlCommand.ExecuteDbDataReaderAsync(CommandBehavior behavior, CancellationToken cancellationToken)
   at Microsoft.EntityFrameworkCore.Storage.RelationalCommand.ExecuteReaderAsync(RelationalCommandParameterObject parameterObject, CancellationToken cancellationToken)
   at Microsoft.EntityFrameworkCore.Storage.RelationalCommand.ExecuteReaderAsync(RelationalCommandParameterObject parameterObject, CancellationToken cancellationToken)
   at Microsoft.EntityFrameworkCore.Query.Internal.SingleQueryingEnumerable`1.AsyncEnumerator.InitializeReaderAsync(AsyncEnumerator enumerator, CancellationToken cancellationToken)
   at Npgsql.EntityFrameworkCore.PostgreSQL.Storage.Internal.NpgsqlExecutionStrategy.ExecuteAsync[TState,TResult](TState state, Func`4 operation, Func`4 verifySucceeded, CancellationToken cancellationToken)
   at Microsoft.EntityFrameworkCore.Query.Internal.SingleQueryingEnumerable`1.AsyncEnumerator.MoveNextAsync()
  Exception data:
    Severity: ERROR
    SqlState: 42703
    MessageText: column n.CompanyId does not exist
    Position: 16
    File: parse_relation.c
    Line: 3827
    Routine: errorMissingColumn
Npgsql.PostgresException (0x80004005): 42703: column n.CompanyId does not exist

POSITION: 16
   at Npgsql.Internal.NpgsqlConnector.ReadMessageLong(Boolean async, DataRowLoadingMode dataRowLoadingMode, Boolean readingNotifications, Boolean isReadingPrependedMessage)
   at System.Runtime.CompilerServices.PoolingAsyncValueTaskMethodBuilder`1.StateMachineBox`1.System.Threading.Tasks.Sources.IValueTaskSource<TResult>.GetResult(Int16 token)
   at Npgsql.NpgsqlDataReader.NextResult(Boolean async, Boolean isConsuming, CancellationToken cancellationToken)
   at Npgsql.NpgsqlDataReader.NextResult(Boolean async, Boolean isConsuming, CancellationToken cancellationToken)
   at Npgsql.NpgsqlCommand.ExecuteReader(Boolean async, CommandBehavior behavior, CancellationToken cancellationToken)
   at Npgsql.NpgsqlCommand.ExecuteReader(Boolean async, CommandBehavior behavior, CancellationToken cancellationToken)
   at Npgsql.NpgsqlCommand.ExecuteDbDataReaderAsync(CommandBehavior behavior, CancellationToken cancellationToken)
   at Microsoft.EntityFrameworkCore.Storage.RelationalCommand.ExecuteReaderAsync(RelationalCommandParameterObject parameterObject, CancellationToken cancellationToken)
   at Microsoft.EntityFrameworkCore.Storage.RelationalCommand.ExecuteReaderAsync(RelationalCommandParameterObject parameterObject, CancellationToken cancellationToken)
   at Microsoft.EntityFrameworkCore.Query.Internal.SingleQueryingEnumerable`1.AsyncEnumerator.InitializeReaderAsync(AsyncEnumerator enumerator, CancellationToken cancellationToken)
   at Npgsql.EntityFrameworkCore.PostgreSQL.Storage.Internal.NpgsqlExecutionStrategy.ExecuteAsync[TState,TResult](TState state, Func`4 operation, Func`4 verifySucceeded, CancellationToken cancellationToken)
   at Microsoft.EntityFrameworkCore.Query.Internal.SingleQueryingEnumerable`1.AsyncEnumerator.MoveNextAsync()
  Exception data:
    Severity: ERROR
    SqlState: 42703
    MessageText: column n.CompanyId does not exist
    Position: 16
    File: parse_relation.c
    Line: 3827
    Routine: errorMissingColumn
2026-05-31 22:20:22.642 +05:30 [ERR] Microsoft.EntityFrameworkCore.Database.Command: Failed executing DbCommand (2ms) [Parameters=[@__p_0='?' (DbType = Int32)], CommandType='"Text"', CommandTimeout='30']
SELECT n."Id", n."CompanyId", n."CreatedAt", n."CreatedBy", n."Error", n."Payload", n."Recipient", n."RetryCount", n."SentAt", n."Status", n."Subject", n."Type", n."UpdatedAt", n."UpdatedBy"
FROM "NotificationQueues" AS n
WHERE n."Type" = 'WhatsApp' AND n."SentAt" IS NULL AND n."RetryCount" < 3
LIMIT @__p_0
2026-05-31 22:20:22.682 +05:30 [ERR] Flowtap_Infrastructure.BackgroundJobs.SmsDispatchService: Error processing SMS notification queue
Npgsql.PostgresException (0x80004005): 42703: column n.CompanyId does not exist

POSITION: 16
   at Npgsql.Internal.NpgsqlConnector.ReadMessageLong(Boolean async, DataRowLoadingMode dataRowLoadingMode, Boolean readingNotifications, Boolean isReadingPrependedMessage)
   at System.Runtime.CompilerServices.PoolingAsyncValueTaskMethodBuilder`1.StateMachineBox`1.System.Threading.Tasks.Sources.IValueTaskSource<TResult>.GetResult(Int16 token)
   at Npgsql.NpgsqlDataReader.NextResult(Boolean async, Boolean isConsuming, CancellationToken cancellationToken)
   at Npgsql.NpgsqlDataReader.NextResult(Boolean async, Boolean isConsuming, CancellationToken cancellationToken)
   at Npgsql.NpgsqlCommand.ExecuteReader(Boolean async, CommandBehavior behavior, CancellationToken cancellationToken)
   at Npgsql.NpgsqlCommand.ExecuteReader(Boolean async, CommandBehavior behavior, CancellationToken cancellationToken)
   at Npgsql.NpgsqlCommand.ExecuteDbDataReaderAsync(CommandBehavior behavior, CancellationToken cancellationToken)
   at Microsoft.EntityFrameworkCore.Storage.RelationalCommand.ExecuteReaderAsync(RelationalCommandParameterObject parameterObject, CancellationToken cancellationToken)
   at Microsoft.EntityFrameworkCore.Storage.RelationalCommand.ExecuteReaderAsync(RelationalCommandParameterObject parameterObject, CancellationToken cancellationToken)
   at Microsoft.EntityFrameworkCore.Query.Internal.SingleQueryingEnumerable`1.AsyncEnumerator.InitializeReaderAsync(AsyncEnumerator enumerator, CancellationToken cancellationToken)
   at Npgsql.EntityFrameworkCore.PostgreSQL.Storage.Internal.NpgsqlExecutionStrategy.ExecuteAsync[TState,TResult](TState state, Func`4 operation, Func`4 verifySucceeded, CancellationToken cancellationToken)
   at Microsoft.EntityFrameworkCore.Query.Internal.SingleQueryingEnumerable`1.AsyncEnumerator.MoveNextAsync()
   at Microsoft.EntityFrameworkCore.EntityFrameworkQueryableExtensions.ToListAsync[TSource](IQueryable`1 source, CancellationToken cancellationToken)
   at Microsoft.EntityFrameworkCore.EntityFrameworkQueryableExtensions.ToListAsync[TSource](IQueryable`1 source, CancellationToken cancellationToken)
   at Flowtap_Infrastructure.BackgroundJobs.SmsDispatchService.ProcessPendingSmsAsync(CancellationToken ct) in D:\Git\Flowtap_MultiSaas_Backend_modern\SharedCore\Flowtap_Infrastructure\BackgroundJobs\SmsDispatchService.cs:line 45
   at Flowtap_Infrastructure.BackgroundJobs.SmsDispatchService.ExecuteAsync(CancellationToken stoppingToken) in D:\Git\Flowtap_MultiSaas_Backend_modern\SharedCore\Flowtap_Infrastructure\BackgroundJobs\SmsDispatchService.cs:line 29
  Exception data:
    Severity: ERROR
    SqlState: 42703
    MessageText: column n.CompanyId does not exist
    Position: 16
    File: parse_relation.c
    Line: 3827
    Routine: errorMissingColumn
2026-05-31 22:20:22.688 +05:30 [ERR] Microsoft.EntityFrameworkCore.Query: An exception occurred while iterating over the results of a query for context type 'Flowtap_Infrastructure.Persistence.DbContext.ApplicationDbContext'.
Npgsql.PostgresException (0x80004005): 42703: column n.CompanyId does not exist

POSITION: 16
   at Npgsql.Internal.NpgsqlConnector.ReadMessageLong(Boolean async, DataRowLoadingMode dataRowLoadingMode, Boolean readingNotifications, Boolean isReadingPrependedMessage)
   at System.Runtime.CompilerServices.PoolingAsyncValueTaskMethodBuilder`1.StateMachineBox`1.System.Threading.Tasks.Sources.IValueTaskSource<TResult>.GetResult(Int16 token)
   at Npgsql.NpgsqlDataReader.NextResult(Boolean async, Boolean isConsuming, CancellationToken cancellationToken)
   at Npgsql.NpgsqlDataReader.NextResult(Boolean async, Boolean isConsuming, CancellationToken cancellationToken)
   at Npgsql.NpgsqlCommand.ExecuteReader(Boolean async, CommandBehavior behavior, CancellationToken cancellationToken)
   at Npgsql.NpgsqlCommand.ExecuteReader(Boolean async, CommandBehavior behavior, CancellationToken cancellationToken)
   at Npgsql.NpgsqlCommand.ExecuteDbDataReaderAsync(CommandBehavior behavior, CancellationToken cancellationToken)
   at Microsoft.EntityFrameworkCore.Storage.RelationalCommand.ExecuteReaderAsync(RelationalCommandParameterObject parameterObject, CancellationToken cancellationToken)
   at Microsoft.EntityFrameworkCore.Storage.RelationalCommand.ExecuteReaderAsync(RelationalCommandParameterObject parameterObject, CancellationToken cancellationToken)
   at Microsoft.EntityFrameworkCore.Query.Internal.SingleQueryingEnumerable`1.AsyncEnumerator.InitializeReaderAsync(AsyncEnumerator enumerator, CancellationToken cancellationToken)
   at Npgsql.EntityFrameworkCore.PostgreSQL.Storage.Internal.NpgsqlExecutionStrategy.ExecuteAsync[TState,TResult](TState state, Func`4 operation, Func`4 verifySucceeded, CancellationToken cancellationToken)
   at Microsoft.EntityFrameworkCore.Query.Internal.SingleQueryingEnumerable`1.AsyncEnumerator.MoveNextAsync()
  Exception data:
    Severity: ERROR
    SqlState: 42703
    MessageText: column n.CompanyId does not exist
    Position: 16
    File: parse_relation.c
    Line: 3827
    Routine: errorMissingColumn
Npgsql.PostgresException (0x80004005): 42703: column n.CompanyId does not exist

POSITION: 16
   at Npgsql.Internal.NpgsqlConnector.ReadMessageLong(Boolean async, DataRowLoadingMode dataRowLoadingMode, Boolean readingNotifications, Boolean isReadingPrependedMessage)
   at System.Runtime.CompilerServices.PoolingAsyncValueTaskMethodBuilder`1.StateMachineBox`1.System.Threading.Tasks.Sources.IValueTaskSource<TResult>.GetResult(Int16 token)
   at Npgsql.NpgsqlDataReader.NextResult(Boolean async, Boolean isConsuming, CancellationToken cancellationToken)
   at Npgsql.NpgsqlDataReader.NextResult(Boolean async, Boolean isConsuming, CancellationToken cancellationToken)
   at Npgsql.NpgsqlCommand.ExecuteReader(Boolean async, CommandBehavior behavior, CancellationToken cancellationToken)
   at Npgsql.NpgsqlCommand.ExecuteReader(Boolean async, CommandBehavior behavior, CancellationToken cancellationToken)
   at Npgsql.NpgsqlCommand.ExecuteDbDataReaderAsync(CommandBehavior behavior, CancellationToken cancellationToken)
   at Microsoft.EntityFrameworkCore.Storage.RelationalCommand.ExecuteReaderAsync(RelationalCommandParameterObject parameterObject, CancellationToken cancellationToken)
   at Microsoft.EntityFrameworkCore.Storage.RelationalCommand.ExecuteReaderAsync(RelationalCommandParameterObject parameterObject, CancellationToken cancellationToken)
   at Microsoft.EntityFrameworkCore.Query.Internal.SingleQueryingEnumerable`1.AsyncEnumerator.InitializeReaderAsync(AsyncEnumerator enumerator, CancellationToken cancellationToken)
   at Npgsql.EntityFrameworkCore.PostgreSQL.Storage.Internal.NpgsqlExecutionStrategy.ExecuteAsync[TState,TResult](TState state, Func`4 operation, Func`4 verifySucceeded, CancellationToken cancellationToken)
   at Microsoft.EntityFrameworkCore.Query.Internal.SingleQueryingEnumerable`1.AsyncEnumerator.MoveNextAsync()
  Exception data:
    Severity: ERROR
    SqlState: 42703
    MessageText: column n.CompanyId does not exist
    Position: 16
    File: parse_relation.c
    Line: 3827
    Routine: errorMissingColumn
2026-05-31 22:20:22.746 +05:30 [ERR] Flowtap_Infrastructure.BackgroundJobs.WhatsAppDispatchService: Error processing WhatsApp notification queue
Npgsql.PostgresException (0x80004005): 42703: column n.CompanyId does not exist

POSITION: 16
   at Npgsql.Internal.NpgsqlConnector.ReadMessageLong(Boolean async, DataRowLoadingMode dataRowLoadingMode, Boolean readingNotifications, Boolean isReadingPrependedMessage)
   at System.Runtime.CompilerServices.PoolingAsyncValueTaskMethodBuilder`1.StateMachineBox`1.System.Threading.Tasks.Sources.IValueTaskSource<TResult>.GetResult(Int16 token)
   at Npgsql.NpgsqlDataReader.NextResult(Boolean async, Boolean isConsuming, CancellationToken cancellationToken)
   at Npgsql.NpgsqlDataReader.NextResult(Boolean async, Boolean isConsuming, CancellationToken cancellationToken)
   at Npgsql.NpgsqlCommand.ExecuteReader(Boolean async, CommandBehavior behavior, CancellationToken cancellationToken)
   at Npgsql.NpgsqlCommand.ExecuteReader(Boolean async, CommandBehavior behavior, CancellationToken cancellationToken)
   at Npgsql.NpgsqlCommand.ExecuteDbDataReaderAsync(CommandBehavior behavior, CancellationToken cancellationToken)
   at Microsoft.EntityFrameworkCore.Storage.RelationalCommand.ExecuteReaderAsync(RelationalCommandParameterObject parameterObject, CancellationToken cancellationToken)
   at Microsoft.EntityFrameworkCore.Storage.RelationalCommand.ExecuteReaderAsync(RelationalCommandParameterObject parameterObject, CancellationToken cancellationToken)
   at Microsoft.EntityFrameworkCore.Query.Internal.SingleQueryingEnumerable`1.AsyncEnumerator.InitializeReaderAsync(AsyncEnumerator enumerator, CancellationToken cancellationToken)
   at Npgsql.EntityFrameworkCore.PostgreSQL.Storage.Internal.NpgsqlExecutionStrategy.ExecuteAsync[TState,TResult](TState state, Func`4 operation, Func`4 verifySucceeded, CancellationToken cancellationToken)
   at Microsoft.EntityFrameworkCore.Query.Internal.SingleQueryingEnumerable`1.AsyncEnumerator.MoveNextAsync()
   at Microsoft.EntityFrameworkCore.EntityFrameworkQueryableExtensions.ToListAsync[TSource](IQueryable`1 source, CancellationToken cancellationToken)
   at Microsoft.EntityFrameworkCore.EntityFrameworkQueryableExtensions.ToListAsync[TSource](IQueryable`1 source, CancellationToken cancellationToken)
   at Flowtap_Infrastructure.BackgroundJobs.WhatsAppDispatchService.ProcessPendingWhatsAppAsync(CancellationToken ct) in D:\Git\Flowtap_MultiSaas_Backend_modern\SharedCore\Flowtap_Infrastructure\BackgroundJobs\WhatsAppDispatchService.cs:line 45
   at Flowtap_Infrastructure.BackgroundJobs.WhatsAppDispatchService.ExecuteAsync(CancellationToken stoppingToken) in D:\Git\Flowtap_MultiSaas_Backend_modern\SharedCore\Flowtap_Infrastructure\BackgroundJobs\WhatsAppDispatchService.cs:line 29
  Exception data:
    Severity: ERROR
    SqlState: 42703
    MessageText: column n.CompanyId does not exist
    Position: 16
    File: parse_relation.c
    Line: 3827
    Routine: errorMissingColumn
2026-05-31 22:20:43.631 +05:30 [DBG] Flowtap_Middleware.TenantMiddleware: Request for tenant 591b97e6-5334-4870-b151-1a695ad19310 at /api/v1/user-notifications/count
2026-05-31 22:20:43.643 +05:30 [INF] Microsoft.EntityFrameworkCore.Database.Command: Executed DbCommand (1ms) [Parameters=[@__8__locals1_tenantId_0='?' (DbType = Guid), @__now_1='?' (DbType = DateTime)], CommandType='"Text"', CommandTimeout='30']
SELECT EXISTS (
    SELECT 1
    FROM "CompanySubscriptions" AS c
    WHERE c."IsActive" AND c."CompanyId" = @__8__locals1_tenantId_0 AND c."Status" = 1 AND c."EndDate" > @__now_1)
2026-05-31 22:20:43.677 +05:30 [INF] Microsoft.EntityFrameworkCore.Database.Command: Executed DbCommand (2ms) [Parameters=[@__8__locals1_tenantId_0='?' (DbType = Guid), @__now_1='?' (DbType = DateTime)], CommandType='"Text"', CommandTimeout='30']
SELECT EXISTS (
    SELECT 1
    FROM "TrialPlans" AS t
    WHERE t."IsActive" AND t."CompanyId" = @__8__locals1_tenantId_0 AND NOT (t."IsExpired") AND t."TrialEndDate" > @__now_1)
2026-05-31 22:20:43.699 +05:30 [INF] Flowtap_Application.Common.Behaviors.LoggingBehavior: Handling GetUnreadNotificationCountQuery
2026-05-31 22:20:43.715 +05:30 [INF] Microsoft.EntityFrameworkCore.Database.Command: Executed DbCommand (2ms) [Parameters=[@__request_CompanyId_0='?' (DbType = Guid), @__request_UserId_1='?' (DbType = Guid)], CommandType='"Text"', CommandTimeout='30']
SELECT count(*)::int
FROM "UserNotifications" AS u
WHERE u."CompanyId" = @__request_CompanyId_0 AND u."UserId" = @__request_UserId_1 AND NOT (u."IsRead")
2026-05-31 22:20:43.732 +05:30 [INF] Flowtap_Application.Common.Behaviors.LoggingBehavior: Handled GetUnreadNotificationCountQuery
2026-05-31 22:20:43.736 +05:30 [INF] Flowtap_Middleware.RequestLoggingMiddleware: GET /api/v1/user-notifications/count → 200 | 106ms | Tenant: 591b97e6-5334-4870-b151-1a695ad19310
2026-05-31 22:20:52.042 +05:30 [ERR] Microsoft.EntityFrameworkCore.Database.Command: Failed executing DbCommand (6ms) [Parameters=[@__p_0='?' (DbType = Int32)], CommandType='"Text"', CommandTimeout='30']
SELECT n."Id", n."CompanyId", n."CreatedAt", n."CreatedBy", n."Error", n."Payload", n."Recipient", n."RetryCount", n."SentAt", n."Status", n."Subject", n."Type", n."UpdatedAt", n."UpdatedBy"
FROM "NotificationQueues" AS n
WHERE n."Type" = 'Email' AND n."SentAt" IS NULL AND n."RetryCount" < 3
LIMIT @__p_0
2026-05-31 22:20:52.057 +05:30 [ERR] Microsoft.EntityFrameworkCore.Query: An exception occurred while iterating over the results of a query for context type 'Flowtap_Infrastructure.Persistence.DbContext.ApplicationDbContext'.
Npgsql.PostgresException (0x80004005): 42703: column n.CompanyId does not exist

POSITION: 16
   at Npgsql.Internal.NpgsqlConnector.ReadMessageLong(Boolean async, DataRowLoadingMode dataRowLoadingMode, Boolean readingNotifications, Boolean isReadingPrependedMessage)
   at System.Runtime.CompilerServices.PoolingAsyncValueTaskMethodBuilder`1.StateMachineBox`1.System.Threading.Tasks.Sources.IValueTaskSource<TResult>.GetResult(Int16 token)
   at Npgsql.NpgsqlDataReader.NextResult(Boolean async, Boolean isConsuming, CancellationToken cancellationToken)
   at Npgsql.NpgsqlDataReader.NextResult(Boolean async, Boolean isConsuming, CancellationToken cancellationToken)
   at Npgsql.NpgsqlCommand.ExecuteReader(Boolean async, CommandBehavior behavior, CancellationToken cancellationToken)
   at Npgsql.NpgsqlCommand.ExecuteReader(Boolean async, CommandBehavior behavior, CancellationToken cancellationToken)
   at Npgsql.NpgsqlCommand.ExecuteDbDataReaderAsync(CommandBehavior behavior, CancellationToken cancellationToken)
   at Microsoft.EntityFrameworkCore.Storage.RelationalCommand.ExecuteReaderAsync(RelationalCommandParameterObject parameterObject, CancellationToken cancellationToken)
   at Microsoft.EntityFrameworkCore.Storage.RelationalCommand.ExecuteReaderAsync(RelationalCommandParameterObject parameterObject, CancellationToken cancellationToken)
   at Microsoft.EntityFrameworkCore.Query.Internal.SingleQueryingEnumerable`1.AsyncEnumerator.InitializeReaderAsync(AsyncEnumerator enumerator, CancellationToken cancellationToken)
   at Npgsql.EntityFrameworkCore.PostgreSQL.Storage.Internal.NpgsqlExecutionStrategy.ExecuteAsync[TState,TResult](TState state, Func`4 operation, Func`4 verifySucceeded, CancellationToken cancellationToken)
   at Microsoft.EntityFrameworkCore.Query.Internal.SingleQueryingEnumerable`1.AsyncEnumerator.MoveNextAsync()
  Exception data:
    Severity: ERROR
    SqlState: 42703
    MessageText: column n.CompanyId does not exist
    Position: 16
    File: parse_relation.c
    Line: 3827
    Routine: errorMissingColumn
Npgsql.PostgresException (0x80004005): 42703: column n.CompanyId does not exist

POSITION: 16
   at Npgsql.Internal.NpgsqlConnector.ReadMessageLong(Boolean async, DataRowLoadingMode dataRowLoadingMode, Boolean readingNotifications, Boolean isReadingPrependedMessage)
   at System.Runtime.CompilerServices.PoolingAsyncValueTaskMethodBuilder`1.StateMachineBox`1.System.Threading.Tasks.Sources.IValueTaskSource<TResult>.GetResult(Int16 token)
   at Npgsql.NpgsqlDataReader.NextResult(Boolean async, Boolean isConsuming, CancellationToken cancellationToken)
   at Npgsql.NpgsqlDataReader.NextResult(Boolean async, Boolean isConsuming, CancellationToken cancellationToken)
   at Npgsql.NpgsqlCommand.ExecuteReader(Boolean async, CommandBehavior behavior, CancellationToken cancellationToken)
   at Npgsql.NpgsqlCommand.ExecuteReader(Boolean async, CommandBehavior behavior, CancellationToken cancellationToken)
   at Npgsql.NpgsqlCommand.ExecuteDbDataReaderAsync(CommandBehavior behavior, CancellationToken cancellationToken)
   at Microsoft.EntityFrameworkCore.Storage.RelationalCommand.ExecuteReaderAsync(RelationalCommandParameterObject parameterObject, CancellationToken cancellationToken)
   at Microsoft.EntityFrameworkCore.Storage.RelationalCommand.ExecuteReaderAsync(RelationalCommandParameterObject parameterObject, CancellationToken cancellationToken)
   at Microsoft.EntityFrameworkCore.Query.Internal.SingleQueryingEnumerable`1.AsyncEnumerator.InitializeReaderAsync(AsyncEnumerator enumerator, CancellationToken cancellationToken)
   at Npgsql.EntityFrameworkCore.PostgreSQL.Storage.Internal.NpgsqlExecutionStrategy.ExecuteAsync[TState,TResult](TState state, Func`4 operation, Func`4 verifySucceeded, CancellationToken cancellationToken)
   at Microsoft.EntityFrameworkCore.Query.Internal.SingleQueryingEnumerable`1.AsyncEnumerator.MoveNextAsync()
  Exception data:
    Severity: ERROR
    SqlState: 42703
    MessageText: column n.CompanyId does not exist
    Position: 16
    File: parse_relation.c
    Line: 3827
    Routine: errorMissingColumn
2026-05-31 22:20:52.120 +05:30 [ERR] Flowtap_Infrastructure.BackgroundJobs.EmailDispatchService: Error processing notification queue
Npgsql.PostgresException (0x80004005): 42703: column n.CompanyId does not exist

POSITION: 16
   at Npgsql.Internal.NpgsqlConnector.ReadMessageLong(Boolean async, DataRowLoadingMode dataRowLoadingMode, Boolean readingNotifications, Boolean isReadingPrependedMessage)
   at System.Runtime.CompilerServices.PoolingAsyncValueTaskMethodBuilder`1.StateMachineBox`1.System.Threading.Tasks.Sources.IValueTaskSource<TResult>.GetResult(Int16 token)
   at Npgsql.NpgsqlDataReader.NextResult(Boolean async, Boolean isConsuming, CancellationToken cancellationToken)
   at Npgsql.NpgsqlDataReader.NextResult(Boolean async, Boolean isConsuming, CancellationToken cancellationToken)
   at Npgsql.NpgsqlCommand.ExecuteReader(Boolean async, CommandBehavior behavior, CancellationToken cancellationToken)
   at Npgsql.NpgsqlCommand.ExecuteReader(Boolean async, CommandBehavior behavior, CancellationToken cancellationToken)
   at Npgsql.NpgsqlCommand.ExecuteDbDataReaderAsync(CommandBehavior behavior, CancellationToken cancellationToken)
   at Microsoft.EntityFrameworkCore.Storage.RelationalCommand.ExecuteReaderAsync(RelationalCommandParameterObject parameterObject, CancellationToken cancellationToken)
   at Microsoft.EntityFrameworkCore.Storage.RelationalCommand.ExecuteReaderAsync(RelationalCommandParameterObject parameterObject, CancellationToken cancellationToken)
   at Microsoft.EntityFrameworkCore.Query.Internal.SingleQueryingEnumerable`1.AsyncEnumerator.InitializeReaderAsync(AsyncEnumerator enumerator, CancellationToken cancellationToken)
   at Npgsql.EntityFrameworkCore.PostgreSQL.Storage.Internal.NpgsqlExecutionStrategy.ExecuteAsync[TState,TResult](TState state, Func`4 operation, Func`4 verifySucceeded, CancellationToken cancellationToken)
   at Microsoft.EntityFrameworkCore.Query.Internal.SingleQueryingEnumerable`1.AsyncEnumerator.MoveNextAsync()
   at Microsoft.EntityFrameworkCore.EntityFrameworkQueryableExtensions.ToListAsync[TSource](IQueryable`1 source, CancellationToken cancellationToken)
   at Microsoft.EntityFrameworkCore.EntityFrameworkQueryableExtensions.ToListAsync[TSource](IQueryable`1 source, CancellationToken cancellationToken)
   at Flowtap_Infrastructure.BackgroundJobs.EmailDispatchService.ProcessPendingEmailsAsync(CancellationToken ct) in D:\Git\Flowtap_MultiSaas_Backend_modern\SharedCore\Flowtap_Infrastructure\BackgroundJobs\EmailDispatchService.cs:line 35
   at Flowtap_Infrastructure.BackgroundJobs.EmailDispatchService.ExecuteAsync(CancellationToken stoppingToken) in D:\Git\Flowtap_MultiSaas_Backend_modern\SharedCore\Flowtap_Infrastructure\BackgroundJobs\EmailDispatchService.cs:line 19
  Exception data:
    Severity: ERROR
    SqlState: 42703
    MessageText: column n.CompanyId does not exist
    Position: 16
    File: parse_relation.c
    Line: 3827
    Routine: errorMissingColumn
2026-05-31 22:20:52.240 +05:30 [DBG] Hangfire.Server.ServerHeartbeatProcess: Server antonyraj:19416:42ccf628 heartbeat successfully sent
2026-05-31 22:20:52.746 +05:30 [ERR] Microsoft.EntityFrameworkCore.Database.Command: Failed executing DbCommand (2ms) [Parameters=[@__p_0='?' (DbType = Int32)], CommandType='"Text"', CommandTimeout='30']
SELECT n."Id", n."CompanyId", n."CreatedAt", n."CreatedBy", n."Error", n."Payload", n."Recipient", n."RetryCount", n."SentAt", n."Status", n."Subject", n."Type", n."UpdatedAt", n."UpdatedBy"
FROM "NotificationQueues" AS n
WHERE n."Type" = 'Sms' AND n."SentAt" IS NULL AND n."RetryCount" < 3
LIMIT @__p_0
2026-05-31 22:20:52.777 +05:30 [ERR] Microsoft.EntityFrameworkCore.Query: An exception occurred while iterating over the results of a query for context type 'Flowtap_Infrastructure.Persistence.DbContext.ApplicationDbContext'.
Npgsql.PostgresException (0x80004005): 42703: column n.CompanyId does not exist

POSITION: 16
   at Npgsql.Internal.NpgsqlConnector.ReadMessageLong(Boolean async, DataRowLoadingMode dataRowLoadingMode, Boolean readingNotifications, Boolean isReadingPrependedMessage)
   at System.Runtime.CompilerServices.PoolingAsyncValueTaskMethodBuilder`1.StateMachineBox`1.System.Threading.Tasks.Sources.IValueTaskSource<TResult>.GetResult(Int16 token)
   at Npgsql.NpgsqlDataReader.NextResult(Boolean async, Boolean isConsuming, CancellationToken cancellationToken)
   at Npgsql.NpgsqlDataReader.NextResult(Boolean async, Boolean isConsuming, CancellationToken cancellationToken)
   at Npgsql.NpgsqlCommand.ExecuteReader(Boolean async, CommandBehavior behavior, CancellationToken cancellationToken)
   at Npgsql.NpgsqlCommand.ExecuteReader(Boolean async, CommandBehavior behavior, CancellationToken cancellationToken)
   at Npgsql.NpgsqlCommand.ExecuteDbDataReaderAsync(CommandBehavior behavior, CancellationToken cancellationToken)
   at Microsoft.EntityFrameworkCore.Storage.RelationalCommand.ExecuteReaderAsync(RelationalCommandParameterObject parameterObject, CancellationToken cancellationToken)
   at Microsoft.EntityFrameworkCore.Storage.RelationalCommand.ExecuteReaderAsync(RelationalCommandParameterObject parameterObject, CancellationToken cancellationToken)
   at Microsoft.EntityFrameworkCore.Query.Internal.SingleQueryingEnumerable`1.AsyncEnumerator.InitializeReaderAsync(AsyncEnumerator enumerator, CancellationToken cancellationToken)
   at Npgsql.EntityFrameworkCore.PostgreSQL.Storage.Internal.NpgsqlExecutionStrategy.ExecuteAsync[TState,TResult](TState state, Func`4 operation, Func`4 verifySucceeded, CancellationToken cancellationToken)
   at Microsoft.EntityFrameworkCore.Query.Internal.SingleQueryingEnumerable`1.AsyncEnumerator.MoveNextAsync()
  Exception data:
    Severity: ERROR
    SqlState: 42703
    MessageText: column n.CompanyId does not exist
    Position: 16
    File: parse_relation.c
    Line: 3827
    Routine: errorMissingColumn
Npgsql.PostgresException (0x80004005): 42703: column n.CompanyId does not exist

POSITION: 16
   at Npgsql.Internal.NpgsqlConnector.ReadMessageLong(Boolean async, DataRowLoadingMode dataRowLoadingMode, Boolean readingNotifications, Boolean isReadingPrependedMessage)
   at System.Runtime.CompilerServices.PoolingAsyncValueTaskMethodBuilder`1.StateMachineBox`1.System.Threading.Tasks.Sources.IValueTaskSource<TResult>.GetResult(Int16 token)
   at Npgsql.NpgsqlDataReader.NextResult(Boolean async, Boolean isConsuming, CancellationToken cancellationToken)
   at Npgsql.NpgsqlDataReader.NextResult(Boolean async, Boolean isConsuming, CancellationToken cancellationToken)
   at Npgsql.NpgsqlCommand.ExecuteReader(Boolean async, CommandBehavior behavior, CancellationToken cancellationToken)
   at Npgsql.NpgsqlCommand.ExecuteReader(Boolean async, CommandBehavior behavior, CancellationToken cancellationToken)
   at Npgsql.NpgsqlCommand.ExecuteDbDataReaderAsync(CommandBehavior behavior, CancellationToken cancellationToken)
   at Microsoft.EntityFrameworkCore.Storage.RelationalCommand.ExecuteReaderAsync(RelationalCommandParameterObject parameterObject, CancellationToken cancellationToken)
   at Microsoft.EntityFrameworkCore.Storage.RelationalCommand.ExecuteReaderAsync(RelationalCommandParameterObject parameterObject, CancellationToken cancellationToken)
   at Microsoft.EntityFrameworkCore.Query.Internal.SingleQueryingEnumerable`1.AsyncEnumerator.InitializeReaderAsync(AsyncEnumerator enumerator, CancellationToken cancellationToken)
   at Npgsql.EntityFrameworkCore.PostgreSQL.Storage.Internal.NpgsqlExecutionStrategy.ExecuteAsync[TState,TResult](TState state, Func`4 operation, Func`4 verifySucceeded, CancellationToken cancellationToken)
   at Microsoft.EntityFrameworkCore.Query.Internal.SingleQueryingEnumerable`1.AsyncEnumerator.MoveNextAsync()
  Exception data:
    Severity: ERROR
    SqlState: 42703
    MessageText: column n.CompanyId does not exist
    Position: 16
    File: parse_relation.c
    Line: 3827
    Routine: errorMissingColumn
2026-05-31 22:20:52.780 +05:30 [ERR] Microsoft.EntityFrameworkCore.Database.Command: Failed executing DbCommand (3ms) [Parameters=[@__p_0='?' (DbType = Int32)], CommandType='"Text"', CommandTimeout='30']
SELECT n."Id", n."CompanyId", n."CreatedAt", n."CreatedBy", n."Error", n."Payload", n."Recipient", n."RetryCount", n."SentAt", n."Status", n."Subject", n."Type", n."UpdatedAt", n."UpdatedBy"
FROM "NotificationQueues" AS n
WHERE n."Type" = 'WhatsApp' AND n."SentAt" IS NULL AND n."RetryCount" < 3
LIMIT @__p_0
2026-05-31 22:20:52.823 +05:30 [ERR] Flowtap_Infrastructure.BackgroundJobs.SmsDispatchService: Error processing SMS notification queue
Npgsql.PostgresException (0x80004005): 42703: column n.CompanyId does not exist

POSITION: 16
   at Npgsql.Internal.NpgsqlConnector.ReadMessageLong(Boolean async, DataRowLoadingMode dataRowLoadingMode, Boolean readingNotifications, Boolean isReadingPrependedMessage)
   at System.Runtime.CompilerServices.PoolingAsyncValueTaskMethodBuilder`1.StateMachineBox`1.System.Threading.Tasks.Sources.IValueTaskSource<TResult>.GetResult(Int16 token)
   at Npgsql.NpgsqlDataReader.NextResult(Boolean async, Boolean isConsuming, CancellationToken cancellationToken)
   at Npgsql.NpgsqlDataReader.NextResult(Boolean async, Boolean isConsuming, CancellationToken cancellationToken)
   at Npgsql.NpgsqlCommand.ExecuteReader(Boolean async, CommandBehavior behavior, CancellationToken cancellationToken)
   at Npgsql.NpgsqlCommand.ExecuteReader(Boolean async, CommandBehavior behavior, CancellationToken cancellationToken)
   at Npgsql.NpgsqlCommand.ExecuteDbDataReaderAsync(CommandBehavior behavior, CancellationToken cancellationToken)
   at Microsoft.EntityFrameworkCore.Storage.RelationalCommand.ExecuteReaderAsync(RelationalCommandParameterObject parameterObject, CancellationToken cancellationToken)
   at Microsoft.EntityFrameworkCore.Storage.RelationalCommand.ExecuteReaderAsync(RelationalCommandParameterObject parameterObject, CancellationToken cancellationToken)
   at Microsoft.EntityFrameworkCore.Query.Internal.SingleQueryingEnumerable`1.AsyncEnumerator.InitializeReaderAsync(AsyncEnumerator enumerator, CancellationToken cancellationToken)
   at Npgsql.EntityFrameworkCore.PostgreSQL.Storage.Internal.NpgsqlExecutionStrategy.ExecuteAsync[TState,TResult](TState state, Func`4 operation, Func`4 verifySucceeded, CancellationToken cancellationToken)
   at Microsoft.EntityFrameworkCore.Query.Internal.SingleQueryingEnumerable`1.AsyncEnumerator.MoveNextAsync()
   at Microsoft.EntityFrameworkCore.EntityFrameworkQueryableExtensions.ToListAsync[TSource](IQueryable`1 source, CancellationToken cancellationToken)
   at Microsoft.EntityFrameworkCore.EntityFrameworkQueryableExtensions.ToListAsync[TSource](IQueryable`1 source, CancellationToken cancellationToken)
   at Flowtap_Infrastructure.BackgroundJobs.SmsDispatchService.ProcessPendingSmsAsync(CancellationToken ct) in D:\Git\Flowtap_MultiSaas_Backend_modern\SharedCore\Flowtap_Infrastructure\BackgroundJobs\SmsDispatchService.cs:line 45
   at Flowtap_Infrastructure.BackgroundJobs.SmsDispatchService.ExecuteAsync(CancellationToken stoppingToken) in D:\Git\Flowtap_MultiSaas_Backend_modern\SharedCore\Flowtap_Infrastructure\BackgroundJobs\SmsDispatchService.cs:line 29
  Exception data:
    Severity: ERROR
    SqlState: 42703
    MessageText: column n.CompanyId does not exist
    Position: 16
    File: parse_relation.c
    Line: 3827
    Routine: errorMissingColumn
2026-05-31 22:20:52.835 +05:30 [ERR] Microsoft.EntityFrameworkCore.Query: An exception occurred while iterating over the results of a query for context type 'Flowtap_Infrastructure.Persistence.DbContext.ApplicationDbContext'.
Npgsql.PostgresException (0x80004005): 42703: column n.CompanyId does not exist

POSITION: 16
   at Npgsql.Internal.NpgsqlConnector.ReadMessageLong(Boolean async, DataRowLoadingMode dataRowLoadingMode, Boolean readingNotifications, Boolean isReadingPrependedMessage)
   at System.Runtime.CompilerServices.PoolingAsyncValueTaskMethodBuilder`1.StateMachineBox`1.System.Threading.Tasks.Sources.IValueTaskSource<TResult>.GetResult(Int16 token)
   at Npgsql.NpgsqlDataReader.NextResult(Boolean async, Boolean isConsuming, CancellationToken cancellationToken)
   at Npgsql.NpgsqlDataReader.NextResult(Boolean async, Boolean isConsuming, CancellationToken cancellationToken)
   at Npgsql.NpgsqlCommand.ExecuteReader(Boolean async, CommandBehavior behavior, CancellationToken cancellationToken)
   at Npgsql.NpgsqlCommand.ExecuteReader(Boolean async, CommandBehavior behavior, CancellationToken cancellationToken)
   at Npgsql.NpgsqlCommand.ExecuteDbDataReaderAsync(CommandBehavior behavior, CancellationToken cancellationToken)
   at Microsoft.EntityFrameworkCore.Storage.RelationalCommand.ExecuteReaderAsync(RelationalCommandParameterObject parameterObject, CancellationToken cancellationToken)
   at Microsoft.EntityFrameworkCore.Storage.RelationalCommand.ExecuteReaderAsync(RelationalCommandParameterObject parameterObject, CancellationToken cancellationToken)
   at Microsoft.EntityFrameworkCore.Query.Internal.SingleQueryingEnumerable`1.AsyncEnumerator.InitializeReaderAsync(AsyncEnumerator enumerator, CancellationToken cancellationToken)
   at Npgsql.EntityFrameworkCore.PostgreSQL.Storage.Internal.NpgsqlExecutionStrategy.ExecuteAsync[TState,TResult](TState state, Func`4 operation, Func`4 verifySucceeded, CancellationToken cancellationToken)
   at Microsoft.EntityFrameworkCore.Query.Internal.SingleQueryingEnumerable`1.AsyncEnumerator.MoveNextAsync()
  Exception data:
    Severity: ERROR
    SqlState: 42703
    MessageText: column n.CompanyId does not exist
    Position: 16
    File: parse_relation.c
    Line: 3827
    Routine: errorMissingColumn
Npgsql.PostgresException (0x80004005): 42703: column n.CompanyId does not exist

POSITION: 16
   at Npgsql.Internal.NpgsqlConnector.ReadMessageLong(Boolean async, DataRowLoadingMode dataRowLoadingMode, Boolean readingNotifications, Boolean isReadingPrependedMessage)
   at System.Runtime.CompilerServices.PoolingAsyncValueTaskMethodBuilder`1.StateMachineBox`1.System.Threading.Tasks.Sources.IValueTaskSource<TResult>.GetResult(Int16 token)
   at Npgsql.NpgsqlDataReader.NextResult(Boolean async, Boolean isConsuming, CancellationToken cancellationToken)
   at Npgsql.NpgsqlDataReader.NextResult(Boolean async, Boolean isConsuming, CancellationToken cancellationToken)
   at Npgsql.NpgsqlCommand.ExecuteReader(Boolean async, CommandBehavior behavior, CancellationToken cancellationToken)
   at Npgsql.NpgsqlCommand.ExecuteReader(Boolean async, CommandBehavior behavior, CancellationToken cancellationToken)
   at Npgsql.NpgsqlCommand.ExecuteDbDataReaderAsync(CommandBehavior behavior, CancellationToken cancellationToken)
   at Microsoft.EntityFrameworkCore.Storage.RelationalCommand.ExecuteReaderAsync(RelationalCommandParameterObject parameterObject, CancellationToken cancellationToken)
   at Microsoft.EntityFrameworkCore.Storage.RelationalCommand.ExecuteReaderAsync(RelationalCommandParameterObject parameterObject, CancellationToken cancellationToken)
   at Microsoft.EntityFrameworkCore.Query.Internal.SingleQueryingEnumerable`1.AsyncEnumerator.InitializeReaderAsync(AsyncEnumerator enumerator, CancellationToken cancellationToken)
   at Npgsql.EntityFrameworkCore.PostgreSQL.Storage.Internal.NpgsqlExecutionStrategy.ExecuteAsync[TState,TResult](TState state, Func`4 operation, Func`4 verifySucceeded, CancellationToken cancellationToken)
   at Microsoft.EntityFrameworkCore.Query.Internal.SingleQueryingEnumerable`1.AsyncEnumerator.MoveNextAsync()
  Exception data:
    Severity: ERROR
    SqlState: 42703
    MessageText: column n.CompanyId does not exist
    Position: 16
    File: parse_relation.c
    Line: 3827
    Routine: errorMissingColumn
2026-05-31 22:20:52.887 +05:30 [ERR] Flowtap_Infrastructure.BackgroundJobs.WhatsAppDispatchService: Error processing WhatsApp notification queue
Npgsql.PostgresException (0x80004005): 42703: column n.CompanyId does not exist

POSITION: 16
   at Npgsql.Internal.NpgsqlConnector.ReadMessageLong(Boolean async, DataRowLoadingMode dataRowLoadingMode, Boolean readingNotifications, Boolean isReadingPrependedMessage)
   at System.Runtime.CompilerServices.PoolingAsyncValueTaskMethodBuilder`1.StateMachineBox`1.System.Threading.Tasks.Sources.IValueTaskSource<TResult>.GetResult(Int16 token)
   at Npgsql.NpgsqlDataReader.NextResult(Boolean async, Boolean isConsuming, CancellationToken cancellationToken)
   at Npgsql.NpgsqlDataReader.NextResult(Boolean async, Boolean isConsuming, CancellationToken cancellationToken)
   at Npgsql.NpgsqlCommand.ExecuteReader(Boolean async, CommandBehavior behavior, CancellationToken cancellationToken)
   at Npgsql.NpgsqlCommand.ExecuteReader(Boolean async, CommandBehavior behavior, CancellationToken cancellationToken)
   at Npgsql.NpgsqlCommand.ExecuteDbDataReaderAsync(CommandBehavior behavior, CancellationToken cancellationToken)
   at Microsoft.EntityFrameworkCore.Storage.RelationalCommand.ExecuteReaderAsync(RelationalCommandParameterObject parameterObject, CancellationToken cancellationToken)
   at Microsoft.EntityFrameworkCore.Storage.RelationalCommand.ExecuteReaderAsync(RelationalCommandParameterObject parameterObject, CancellationToken cancellationToken)
   at Microsoft.EntityFrameworkCore.Query.Internal.SingleQueryingEnumerable`1.AsyncEnumerator.InitializeReaderAsync(AsyncEnumerator enumerator, CancellationToken cancellationToken)
   at Npgsql.EntityFrameworkCore.PostgreSQL.Storage.Internal.NpgsqlExecutionStrategy.ExecuteAsync[TState,TResult](TState state, Func`4 operation, Func`4 verifySucceeded, CancellationToken cancellationToken)
   at Microsoft.EntityFrameworkCore.Query.Internal.SingleQueryingEnumerable`1.AsyncEnumerator.MoveNextAsync()
   at Microsoft.EntityFrameworkCore.EntityFrameworkQueryableExtensions.ToListAsync[TSource](IQueryable`1 source, CancellationToken cancellationToken)
   at Microsoft.EntityFrameworkCore.EntityFrameworkQueryableExtensions.ToListAsync[TSource](IQueryable`1 source, CancellationToken cancellationToken)
   at Flowtap_Infrastructure.BackgroundJobs.WhatsAppDispatchService.ProcessPendingWhatsAppAsync(CancellationToken ct) in D:\Git\Flowtap_MultiSaas_Backend_modern\SharedCore\Flowtap_Infrastructure\BackgroundJobs\WhatsAppDispatchService.cs:line 45
   at Flowtap_Infrastructure.BackgroundJobs.WhatsAppDispatchService.ExecuteAsync(CancellationToken stoppingToken) in D:\Git\Flowtap_MultiSaas_Backend_modern\SharedCore\Flowtap_Infrastructure\BackgroundJobs\WhatsAppDispatchService.cs:line 29
  Exception data:
    Severity: ERROR
    SqlState: 42703
    MessageText: column n.CompanyId does not exist
    Position: 16
    File: parse_relation.c
    Line: 3827
    Routine: errorMissingColumn
2026-05-31 22:21:22.151 +05:30 [ERR] Microsoft.EntityFrameworkCore.Database.Command: Failed executing DbCommand (3ms) [Parameters=[@__p_0='?' (DbType = Int32)], CommandType='"Text"', CommandTimeout='30']
SELECT n."Id", n."CompanyId", n."CreatedAt", n."CreatedBy", n."Error", n."Payload", n."Recipient", n."RetryCount", n."SentAt", n."Status", n."Subject", n."Type", n."UpdatedAt", n."UpdatedBy"
FROM "NotificationQueues" AS n
WHERE n."Type" = 'Email' AND n."SentAt" IS NULL AND n."RetryCount" < 3
LIMIT @__p_0
2026-05-31 22:21:22.196 +05:30 [ERR] Microsoft.EntityFrameworkCore.Query: An exception occurred while iterating over the results of a query for context type 'Flowtap_Infrastructure.Persistence.DbContext.ApplicationDbContext'.
Npgsql.PostgresException (0x80004005): 42703: column n.CompanyId does not exist

POSITION: 16
   at Npgsql.Internal.NpgsqlConnector.ReadMessageLong(Boolean async, DataRowLoadingMode dataRowLoadingMode, Boolean readingNotifications, Boolean isReadingPrependedMessage)
   at System.Runtime.CompilerServices.PoolingAsyncValueTaskMethodBuilder`1.StateMachineBox`1.System.Threading.Tasks.Sources.IValueTaskSource<TResult>.GetResult(Int16 token)
   at Npgsql.NpgsqlDataReader.NextResult(Boolean async, Boolean isConsuming, CancellationToken cancellationToken)
   at Npgsql.NpgsqlDataReader.NextResult(Boolean async, Boolean isConsuming, CancellationToken cancellationToken)
   at Npgsql.NpgsqlCommand.ExecuteReader(Boolean async, CommandBehavior behavior, CancellationToken cancellationToken)
   at Npgsql.NpgsqlCommand.ExecuteReader(Boolean async, CommandBehavior behavior, CancellationToken cancellationToken)
   at Npgsql.NpgsqlCommand.ExecuteDbDataReaderAsync(CommandBehavior behavior, CancellationToken cancellationToken)
   at Microsoft.EntityFrameworkCore.Storage.RelationalCommand.ExecuteReaderAsync(RelationalCommandParameterObject parameterObject, CancellationToken cancellationToken)
   at Microsoft.EntityFrameworkCore.Storage.RelationalCommand.ExecuteReaderAsync(RelationalCommandParameterObject parameterObject, CancellationToken cancellationToken)
   at Microsoft.EntityFrameworkCore.Query.Internal.SingleQueryingEnumerable`1.AsyncEnumerator.InitializeReaderAsync(AsyncEnumerator enumerator, CancellationToken cancellationToken)
   at Npgsql.EntityFrameworkCore.PostgreSQL.Storage.Internal.NpgsqlExecutionStrategy.ExecuteAsync[TState,TResult](TState state, Func`4 operation, Func`4 verifySucceeded, CancellationToken cancellationToken)
   at Microsoft.EntityFrameworkCore.Query.Internal.SingleQueryingEnumerable`1.AsyncEnumerator.MoveNextAsync()
  Exception data:
    Severity: ERROR
    SqlState: 42703
    MessageText: column n.CompanyId does not exist
    Position: 16
    File: parse_relation.c
    Line: 3827
    Routine: errorMissingColumn
Npgsql.PostgresException (0x80004005): 42703: column n.CompanyId does not exist

POSITION: 16
   at Npgsql.Internal.NpgsqlConnector.ReadMessageLong(Boolean async, DataRowLoadingMode dataRowLoadingMode, Boolean readingNotifications, Boolean isReadingPrependedMessage)
   at System.Runtime.CompilerServices.PoolingAsyncValueTaskMethodBuilder`1.StateMachineBox`1.System.Threading.Tasks.Sources.IValueTaskSource<TResult>.GetResult(Int16 token)
   at Npgsql.NpgsqlDataReader.NextResult(Boolean async, Boolean isConsuming, CancellationToken cancellationToken)
   at Npgsql.NpgsqlDataReader.NextResult(Boolean async, Boolean isConsuming, CancellationToken cancellationToken)
   at Npgsql.NpgsqlCommand.ExecuteReader(Boolean async, CommandBehavior behavior, CancellationToken cancellationToken)
   at Npgsql.NpgsqlCommand.ExecuteReader(Boolean async, CommandBehavior behavior, CancellationToken cancellationToken)
   at Npgsql.NpgsqlCommand.ExecuteDbDataReaderAsync(CommandBehavior behavior, CancellationToken cancellationToken)
   at Microsoft.EntityFrameworkCore.Storage.RelationalCommand.ExecuteReaderAsync(RelationalCommandParameterObject parameterObject, CancellationToken cancellationToken)
   at Microsoft.EntityFrameworkCore.Storage.RelationalCommand.ExecuteReaderAsync(RelationalCommandParameterObject parameterObject, CancellationToken cancellationToken)
   at Microsoft.EntityFrameworkCore.Query.Internal.SingleQueryingEnumerable`1.AsyncEnumerator.InitializeReaderAsync(AsyncEnumerator enumerator, CancellationToken cancellationToken)
   at Npgsql.EntityFrameworkCore.PostgreSQL.Storage.Internal.NpgsqlExecutionStrategy.ExecuteAsync[TState,TResult](TState state, Func`4 operation, Func`4 verifySucceeded, CancellationToken cancellationToken)
   at Microsoft.EntityFrameworkCore.Query.Internal.SingleQueryingEnumerable`1.AsyncEnumerator.MoveNextAsync()
  Exception data:
    Severity: ERROR
    SqlState: 42703
    MessageText: column n.CompanyId does not exist
    Position: 16
    File: parse_relation.c
    Line: 3827
    Routine: errorMissingColumn
2026-05-31 22:21:22.235 +05:30 [ERR] Flowtap_Infrastructure.BackgroundJobs.EmailDispatchService: Error processing notification queue
Npgsql.PostgresException (0x80004005): 42703: column n.CompanyId does not exist

POSITION: 16
   at Npgsql.Internal.NpgsqlConnector.ReadMessageLong(Boolean async, DataRowLoadingMode dataRowLoadingMode, Boolean readingNotifications, Boolean isReadingPrependedMessage)
   at System.Runtime.CompilerServices.PoolingAsyncValueTaskMethodBuilder`1.StateMachineBox`1.System.Threading.Tasks.Sources.IValueTaskSource<TResult>.GetResult(Int16 token)
   at Npgsql.NpgsqlDataReader.NextResult(Boolean async, Boolean isConsuming, CancellationToken cancellationToken)
   at Npgsql.NpgsqlDataReader.NextResult(Boolean async, Boolean isConsuming, CancellationToken cancellationToken)
   at Npgsql.NpgsqlCommand.ExecuteReader(Boolean async, CommandBehavior behavior, CancellationToken cancellationToken)
   at Npgsql.NpgsqlCommand.ExecuteReader(Boolean async, CommandBehavior behavior, CancellationToken cancellationToken)
   at Npgsql.NpgsqlCommand.ExecuteDbDataReaderAsync(CommandBehavior behavior, CancellationToken cancellationToken)
   at Microsoft.EntityFrameworkCore.Storage.RelationalCommand.ExecuteReaderAsync(RelationalCommandParameterObject parameterObject, CancellationToken cancellationToken)
   at Microsoft.EntityFrameworkCore.Storage.RelationalCommand.ExecuteReaderAsync(RelationalCommandParameterObject parameterObject, CancellationToken cancellationToken)
   at Microsoft.EntityFrameworkCore.Query.Internal.SingleQueryingEnumerable`1.AsyncEnumerator.InitializeReaderAsync(AsyncEnumerator enumerator, CancellationToken cancellationToken)
   at Npgsql.EntityFrameworkCore.PostgreSQL.Storage.Internal.NpgsqlExecutionStrategy.ExecuteAsync[TState,TResult](TState state, Func`4 operation, Func`4 verifySucceeded, CancellationToken cancellationToken)
   at Microsoft.EntityFrameworkCore.Query.Internal.SingleQueryingEnumerable`1.AsyncEnumerator.MoveNextAsync()
   at Microsoft.EntityFrameworkCore.EntityFrameworkQueryableExtensions.ToListAsync[TSource](IQueryable`1 source, CancellationToken cancellationToken)
   at Microsoft.EntityFrameworkCore.EntityFrameworkQueryableExtensions.ToListAsync[TSource](IQueryable`1 source, CancellationToken cancellationToken)
   at Flowtap_Infrastructure.BackgroundJobs.EmailDispatchService.ProcessPendingEmailsAsync(CancellationToken ct) in D:\Git\Flowtap_MultiSaas_Backend_modern\SharedCore\Flowtap_Infrastructure\BackgroundJobs\EmailDispatchService.cs:line 35
   at Flowtap_Infrastructure.BackgroundJobs.EmailDispatchService.ExecuteAsync(CancellationToken stoppingToken) in D:\Git\Flowtap_MultiSaas_Backend_modern\SharedCore\Flowtap_Infrastructure\BackgroundJobs\EmailDispatchService.cs:line 19
  Exception data:
    Severity: ERROR
    SqlState: 42703
    MessageText: column n.CompanyId does not exist
    Position: 16
    File: parse_relation.c
    Line: 3827
    Routine: errorMissingColumn
2026-05-31 22:21:22.240 +05:30 [DBG] Hangfire.Server.ServerHeartbeatProcess: Server antonyraj:19416:42ccf628 heartbeat successfully sent
2026-05-31 22:21:22.865 +05:30 [ERR] Microsoft.EntityFrameworkCore.Database.Command: Failed executing DbCommand (2ms) [Parameters=[@__p_0='?' (DbType = Int32)], CommandType='"Text"', CommandTimeout='30']
SELECT n."Id", n."CompanyId", n."CreatedAt", n."CreatedBy", n."Error", n."Payload", n."Recipient", n."RetryCount", n."SentAt", n."Status", n."Subject", n."Type", n."UpdatedAt", n."UpdatedBy"
FROM "NotificationQueues" AS n
WHERE n."Type" = 'Sms' AND n."SentAt" IS NULL AND n."RetryCount" < 3
LIMIT @__p_0
2026-05-31 22:21:22.894 +05:30 [ERR] Microsoft.EntityFrameworkCore.Query: An exception occurred while iterating over the results of a query for context type 'Flowtap_Infrastructure.Persistence.DbContext.ApplicationDbContext'.
Npgsql.PostgresException (0x80004005): 42703: column n.CompanyId does not exist

POSITION: 16
   at Npgsql.Internal.NpgsqlConnector.ReadMessageLong(Boolean async, DataRowLoadingMode dataRowLoadingMode, Boolean readingNotifications, Boolean isReadingPrependedMessage)
   at System.Runtime.CompilerServices.PoolingAsyncValueTaskMethodBuilder`1.StateMachineBox`1.System.Threading.Tasks.Sources.IValueTaskSource<TResult>.GetResult(Int16 token)
   at Npgsql.NpgsqlDataReader.NextResult(Boolean async, Boolean isConsuming, CancellationToken cancellationToken)
   at Npgsql.NpgsqlDataReader.NextResult(Boolean async, Boolean isConsuming, CancellationToken cancellationToken)
   at Npgsql.NpgsqlCommand.ExecuteReader(Boolean async, CommandBehavior behavior, CancellationToken cancellationToken)
   at Npgsql.NpgsqlCommand.ExecuteReader(Boolean async, CommandBehavior behavior, CancellationToken cancellationToken)
   at Npgsql.NpgsqlCommand.ExecuteDbDataReaderAsync(CommandBehavior behavior, CancellationToken cancellationToken)
   at Microsoft.EntityFrameworkCore.Storage.RelationalCommand.ExecuteReaderAsync(RelationalCommandParameterObject parameterObject, CancellationToken cancellationToken)
   at Microsoft.EntityFrameworkCore.Storage.RelationalCommand.ExecuteReaderAsync(RelationalCommandParameterObject parameterObject, CancellationToken cancellationToken)
   at Microsoft.EntityFrameworkCore.Query.Internal.SingleQueryingEnumerable`1.AsyncEnumerator.InitializeReaderAsync(AsyncEnumerator enumerator, CancellationToken cancellationToken)
   at Npgsql.EntityFrameworkCore.PostgreSQL.Storage.Internal.NpgsqlExecutionStrategy.ExecuteAsync[TState,TResult](TState state, Func`4 operation, Func`4 verifySucceeded, CancellationToken cancellationToken)
   at Microsoft.EntityFrameworkCore.Query.Internal.SingleQueryingEnumerable`1.AsyncEnumerator.MoveNextAsync()
  Exception data:
    Severity: ERROR
    SqlState: 42703
    MessageText: column n.CompanyId does not exist
    Position: 16
    File: parse_relation.c
    Line: 3827
    Routine: errorMissingColumn
Npgsql.PostgresException (0x80004005): 42703: column n.CompanyId does not exist

POSITION: 16
   at Npgsql.Internal.NpgsqlConnector.ReadMessageLong(Boolean async, DataRowLoadingMode dataRowLoadingMode, Boolean readingNotifications, Boolean isReadingPrependedMessage)
   at System.Runtime.CompilerServices.PoolingAsyncValueTaskMethodBuilder`1.StateMachineBox`1.System.Threading.Tasks.Sources.IValueTaskSource<TResult>.GetResult(Int16 token)
   at Npgsql.NpgsqlDataReader.NextResult(Boolean async, Boolean isConsuming, CancellationToken cancellationToken)
   at Npgsql.NpgsqlDataReader.NextResult(Boolean async, Boolean isConsuming, CancellationToken cancellationToken)
   at Npgsql.NpgsqlCommand.ExecuteReader(Boolean async, CommandBehavior behavior, CancellationToken cancellationToken)
   at Npgsql.NpgsqlCommand.ExecuteReader(Boolean async, CommandBehavior behavior, CancellationToken cancellationToken)
   at Npgsql.NpgsqlCommand.ExecuteDbDataReaderAsync(CommandBehavior behavior, CancellationToken cancellationToken)
   at Microsoft.EntityFrameworkCore.Storage.RelationalCommand.ExecuteReaderAsync(RelationalCommandParameterObject parameterObject, CancellationToken cancellationToken)
   at Microsoft.EntityFrameworkCore.Storage.RelationalCommand.ExecuteReaderAsync(RelationalCommandParameterObject parameterObject, CancellationToken cancellationToken)
   at Microsoft.EntityFrameworkCore.Query.Internal.SingleQueryingEnumerable`1.AsyncEnumerator.InitializeReaderAsync(AsyncEnumerator enumerator, CancellationToken cancellationToken)
   at Npgsql.EntityFrameworkCore.PostgreSQL.Storage.Internal.NpgsqlExecutionStrategy.ExecuteAsync[TState,TResult](TState state, Func`4 operation, Func`4 verifySucceeded, CancellationToken cancellationToken)
   at Microsoft.EntityFrameworkCore.Query.Internal.SingleQueryingEnumerable`1.AsyncEnumerator.MoveNextAsync()
  Exception data:
    Severity: ERROR
    SqlState: 42703
    MessageText: column n.CompanyId does not exist
    Position: 16
    File: parse_relation.c
    Line: 3827
    Routine: errorMissingColumn
2026-05-31 22:21:22.927 +05:30 [ERR] Microsoft.EntityFrameworkCore.Database.Command: Failed executing DbCommand (7ms) [Parameters=[@__p_0='?' (DbType = Int32)], CommandType='"Text"', CommandTimeout='30']
SELECT n."Id", n."CompanyId", n."CreatedAt", n."CreatedBy", n."Error", n."Payload", n."Recipient", n."RetryCount", n."SentAt", n."Status", n."Subject", n."Type", n."UpdatedAt", n."UpdatedBy"
FROM "NotificationQueues" AS n
WHERE n."Type" = 'WhatsApp' AND n."SentAt" IS NULL AND n."RetryCount" < 3
LIMIT @__p_0
2026-05-31 22:21:22.946 +05:30 [ERR] Flowtap_Infrastructure.BackgroundJobs.SmsDispatchService: Error processing SMS notification queue
Npgsql.PostgresException (0x80004005): 42703: column n.CompanyId does not exist

POSITION: 16
   at Npgsql.Internal.NpgsqlConnector.ReadMessageLong(Boolean async, DataRowLoadingMode dataRowLoadingMode, Boolean readingNotifications, Boolean isReadingPrependedMessage)
   at System.Runtime.CompilerServices.PoolingAsyncValueTaskMethodBuilder`1.StateMachineBox`1.System.Threading.Tasks.Sources.IValueTaskSource<TResult>.GetResult(Int16 token)
   at Npgsql.NpgsqlDataReader.NextResult(Boolean async, Boolean isConsuming, CancellationToken cancellationToken)
   at Npgsql.NpgsqlDataReader.NextResult(Boolean async, Boolean isConsuming, CancellationToken cancellationToken)
   at Npgsql.NpgsqlCommand.ExecuteReader(Boolean async, CommandBehavior behavior, CancellationToken cancellationToken)
   at Npgsql.NpgsqlCommand.ExecuteReader(Boolean async, CommandBehavior behavior, CancellationToken cancellationToken)
   at Npgsql.NpgsqlCommand.ExecuteDbDataReaderAsync(CommandBehavior behavior, CancellationToken cancellationToken)
   at Microsoft.EntityFrameworkCore.Storage.RelationalCommand.ExecuteReaderAsync(RelationalCommandParameterObject parameterObject, CancellationToken cancellationToken)
   at Microsoft.EntityFrameworkCore.Storage.RelationalCommand.ExecuteReaderAsync(RelationalCommandParameterObject parameterObject, CancellationToken cancellationToken)
   at Microsoft.EntityFrameworkCore.Query.Internal.SingleQueryingEnumerable`1.AsyncEnumerator.InitializeReaderAsync(AsyncEnumerator enumerator, CancellationToken cancellationToken)
   at Npgsql.EntityFrameworkCore.PostgreSQL.Storage.Internal.NpgsqlExecutionStrategy.ExecuteAsync[TState,TResult](TState state, Func`4 operation, Func`4 verifySucceeded, CancellationToken cancellationToken)
   at Microsoft.EntityFrameworkCore.Query.Internal.SingleQueryingEnumerable`1.AsyncEnumerator.MoveNextAsync()
   at Microsoft.EntityFrameworkCore.EntityFrameworkQueryableExtensions.ToListAsync[TSource](IQueryable`1 source, CancellationToken cancellationToken)
   at Microsoft.EntityFrameworkCore.EntityFrameworkQueryableExtensions.ToListAsync[TSource](IQueryable`1 source, CancellationToken cancellationToken)
   at Flowtap_Infrastructure.BackgroundJobs.SmsDispatchService.ProcessPendingSmsAsync(CancellationToken ct) in D:\Git\Flowtap_MultiSaas_Backend_modern\SharedCore\Flowtap_Infrastructure\BackgroundJobs\SmsDispatchService.cs:line 45
   at Flowtap_Infrastructure.BackgroundJobs.SmsDispatchService.ExecuteAsync(CancellationToken stoppingToken) in D:\Git\Flowtap_MultiSaas_Backend_modern\SharedCore\Flowtap_Infrastructure\BackgroundJobs\SmsDispatchService.cs:line 29
  Exception data:
    Severity: ERROR
    SqlState: 42703
    MessageText: column n.CompanyId does not exist
    Position: 16
    File: parse_relation.c
    Line: 3827
    Routine: errorMissingColumn
2026-05-31 22:21:22.957 +05:30 [ERR] Microsoft.EntityFrameworkCore.Query: An exception occurred while iterating over the results of a query for context type 'Flowtap_Infrastructure.Persistence.DbContext.ApplicationDbContext'.
Npgsql.PostgresException (0x80004005): 42703: column n.CompanyId does not exist

POSITION: 16
   at Npgsql.Internal.NpgsqlConnector.ReadMessageLong(Boolean async, DataRowLoadingMode dataRowLoadingMode, Boolean readingNotifications, Boolean isReadingPrependedMessage)
   at System.Runtime.CompilerServices.PoolingAsyncValueTaskMethodBuilder`1.StateMachineBox`1.System.Threading.Tasks.Sources.IValueTaskSource<TResult>.GetResult(Int16 token)
   at Npgsql.NpgsqlDataReader.NextResult(Boolean async, Boolean isConsuming, CancellationToken cancellationToken)
   at Npgsql.NpgsqlDataReader.NextResult(Boolean async, Boolean isConsuming, CancellationToken cancellationToken)
   at Npgsql.NpgsqlCommand.ExecuteReader(Boolean async, CommandBehavior behavior, CancellationToken cancellationToken)
   at Npgsql.NpgsqlCommand.ExecuteReader(Boolean async, CommandBehavior behavior, CancellationToken cancellationToken)
   at Npgsql.NpgsqlCommand.ExecuteDbDataReaderAsync(CommandBehavior behavior, CancellationToken cancellationToken)
   at Microsoft.EntityFrameworkCore.Storage.RelationalCommand.ExecuteReaderAsync(RelationalCommandParameterObject parameterObject, CancellationToken cancellationToken)
   at Microsoft.EntityFrameworkCore.Storage.RelationalCommand.ExecuteReaderAsync(RelationalCommandParameterObject parameterObject, CancellationToken cancellationToken)
   at Microsoft.EntityFrameworkCore.Query.Internal.SingleQueryingEnumerable`1.AsyncEnumerator.InitializeReaderAsync(AsyncEnumerator enumerator, CancellationToken cancellationToken)
   at Npgsql.EntityFrameworkCore.PostgreSQL.Storage.Internal.NpgsqlExecutionStrategy.ExecuteAsync[TState,TResult](TState state, Func`4 operation, Func`4 verifySucceeded, CancellationToken cancellationToken)
   at Microsoft.EntityFrameworkCore.Query.Internal.SingleQueryingEnumerable`1.AsyncEnumerator.MoveNextAsync()
  Exception data:
    Severity: ERROR
    SqlState: 42703
    MessageText: column n.CompanyId does not exist
    Position: 16
    File: parse_relation.c
    Line: 3827
    Routine: errorMissingColumn
Npgsql.PostgresException (0x80004005): 42703: column n.CompanyId does not exist

POSITION: 16
   at Npgsql.Internal.NpgsqlConnector.ReadMessageLong(Boolean async, DataRowLoadingMode dataRowLoadingMode, Boolean readingNotifications, Boolean isReadingPrependedMessage)
   at System.Runtime.CompilerServices.PoolingAsyncValueTaskMethodBuilder`1.StateMachineBox`1.System.Threading.Tasks.Sources.IValueTaskSource<TResult>.GetResult(Int16 token)
   at Npgsql.NpgsqlDataReader.NextResult(Boolean async, Boolean isConsuming, CancellationToken cancellationToken)
   at Npgsql.NpgsqlDataReader.NextResult(Boolean async, Boolean isConsuming, CancellationToken cancellationToken)
   at Npgsql.NpgsqlCommand.ExecuteReader(Boolean async, CommandBehavior behavior, CancellationToken cancellationToken)
   at Npgsql.NpgsqlCommand.ExecuteReader(Boolean async, CommandBehavior behavior, CancellationToken cancellationToken)
   at Npgsql.NpgsqlCommand.ExecuteDbDataReaderAsync(CommandBehavior behavior, CancellationToken cancellationToken)
   at Microsoft.EntityFrameworkCore.Storage.RelationalCommand.ExecuteReaderAsync(RelationalCommandParameterObject parameterObject, CancellationToken cancellationToken)
   at Microsoft.EntityFrameworkCore.Storage.RelationalCommand.ExecuteReaderAsync(RelationalCommandParameterObject parameterObject, CancellationToken cancellationToken)
   at Microsoft.EntityFrameworkCore.Query.Internal.SingleQueryingEnumerable`1.AsyncEnumerator.InitializeReaderAsync(AsyncEnumerator enumerator, CancellationToken cancellationToken)
   at Npgsql.EntityFrameworkCore.PostgreSQL.Storage.Internal.NpgsqlExecutionStrategy.ExecuteAsync[TState,TResult](TState state, Func`4 operation, Func`4 verifySucceeded, CancellationToken cancellationToken)
   at Microsoft.EntityFrameworkCore.Query.Internal.SingleQueryingEnumerable`1.AsyncEnumerator.MoveNextAsync()
  Exception data:
    Severity: ERROR
    SqlState: 42703
    MessageText: column n.CompanyId does not exist
    Position: 16
    File: parse_relation.c
    Line: 3827
    Routine: errorMissingColumn
2026-05-31 22:21:23.011 +05:30 [ERR] Flowtap_Infrastructure.BackgroundJobs.WhatsAppDispatchService: Error processing WhatsApp notification queue
Npgsql.PostgresException (0x80004005): 42703: column n.CompanyId does not exist

POSITION: 16
   at Npgsql.Internal.NpgsqlConnector.ReadMessageLong(Boolean async, DataRowLoadingMode dataRowLoadingMode, Boolean readingNotifications, Boolean isReadingPrependedMessage)
   at System.Runtime.CompilerServices.PoolingAsyncValueTaskMethodBuilder`1.StateMachineBox`1.System.Threading.Tasks.Sources.IValueTaskSource<TResult>.GetResult(Int16 token)
   at Npgsql.NpgsqlDataReader.NextResult(Boolean async, Boolean isConsuming, CancellationToken cancellationToken)
   at Npgsql.NpgsqlDataReader.NextResult(Boolean async, Boolean isConsuming, CancellationToken cancellationToken)
   at Npgsql.NpgsqlCommand.ExecuteReader(Boolean async, CommandBehavior behavior, CancellationToken cancellationToken)
   at Npgsql.NpgsqlCommand.ExecuteReader(Boolean async, CommandBehavior behavior, CancellationToken cancellationToken)
   at Npgsql.NpgsqlCommand.ExecuteDbDataReaderAsync(CommandBehavior behavior, CancellationToken cancellationToken)
   at Microsoft.EntityFrameworkCore.Storage.RelationalCommand.ExecuteReaderAsync(RelationalCommandParameterObject parameterObject, CancellationToken cancellationToken)
   at Microsoft.EntityFrameworkCore.Storage.RelationalCommand.ExecuteReaderAsync(RelationalCommandParameterObject parameterObject, CancellationToken cancellationToken)
   at Microsoft.EntityFrameworkCore.Query.Internal.SingleQueryingEnumerable`1.AsyncEnumerator.InitializeReaderAsync(AsyncEnumerator enumerator, CancellationToken cancellationToken)
   at Npgsql.EntityFrameworkCore.PostgreSQL.Storage.Internal.NpgsqlExecutionStrategy.ExecuteAsync[TState,TResult](TState state, Func`4 operation, Func`4 verifySucceeded, CancellationToken cancellationToken)
   at Microsoft.EntityFrameworkCore.Query.Internal.SingleQueryingEnumerable`1.AsyncEnumerator.MoveNextAsync()
   at Microsoft.EntityFrameworkCore.EntityFrameworkQueryableExtensions.ToListAsync[TSource](IQueryable`1 source, CancellationToken cancellationToken)
   at Microsoft.EntityFrameworkCore.EntityFrameworkQueryableExtensions.ToListAsync[TSource](IQueryable`1 source, CancellationToken cancellationToken)
   at Flowtap_Infrastructure.BackgroundJobs.WhatsAppDispatchService.ProcessPendingWhatsAppAsync(CancellationToken ct) in D:\Git\Flowtap_MultiSaas_Backend_modern\SharedCore\Flowtap_Infrastructure\BackgroundJobs\WhatsAppDispatchService.cs:line 45
   at Flowtap_Infrastructure.BackgroundJobs.WhatsAppDispatchService.ExecuteAsync(CancellationToken stoppingToken) in D:\Git\Flowtap_MultiSaas_Backend_modern\SharedCore\Flowtap_Infrastructure\BackgroundJobs\WhatsAppDispatchService.cs:line 29
  Exception data:
    Severity: ERROR
    SqlState: 42703
    MessageText: column n.CompanyId does not exist
    Position: 16
    File: parse_relation.c
    Line: 3827
    Routine: errorMissingColumn
2026-05-31 22:21:43.635 +05:30 [DBG] Flowtap_Middleware.TenantMiddleware: Request for tenant 591b97e6-5334-4870-b151-1a695ad19310 at /api/v1/user-notifications/count
2026-05-31 22:21:43.643 +05:30 [INF] Microsoft.EntityFrameworkCore.Database.Command: Executed DbCommand (2ms) [Parameters=[@__8__locals1_tenantId_0='?' (DbType = Guid), @__now_1='?' (DbType = DateTime)], CommandType='"Text"', CommandTimeout='30']
SELECT EXISTS (
    SELECT 1
    FROM "CompanySubscriptions" AS c
    WHERE c."IsActive" AND c."CompanyId" = @__8__locals1_tenantId_0 AND c."Status" = 1 AND c."EndDate" > @__now_1)
2026-05-31 22:21:43.667 +05:30 [INF] Microsoft.EntityFrameworkCore.Database.Command: Executed DbCommand (8ms) [Parameters=[@__8__locals1_tenantId_0='?' (DbType = Guid), @__now_1='?' (DbType = DateTime)], CommandType='"Text"', CommandTimeout='30']
SELECT EXISTS (
    SELECT 1
    FROM "TrialPlans" AS t
    WHERE t."IsActive" AND t."CompanyId" = @__8__locals1_tenantId_0 AND NOT (t."IsExpired") AND t."TrialEndDate" > @__now_1)
2026-05-31 22:21:43.685 +05:30 [INF] Flowtap_Application.Common.Behaviors.LoggingBehavior: Handling GetUnreadNotificationCountQuery
2026-05-31 22:21:43.697 +05:30 [INF] Microsoft.EntityFrameworkCore.Database.Command: Executed DbCommand (4ms) [Parameters=[@__request_CompanyId_0='?' (DbType = Guid), @__request_UserId_1='?' (DbType = Guid)], CommandType='"Text"', CommandTimeout='30']
SELECT count(*)::int
FROM "UserNotifications" AS u
WHERE u."CompanyId" = @__request_CompanyId_0 AND u."UserId" = @__request_UserId_1 AND NOT (u."IsRead")
2026-05-31 22:21:43.707 +05:30 [INF] Flowtap_Application.Common.Behaviors.LoggingBehavior: Handled GetUnreadNotificationCountQuery
2026-05-31 22:21:43.715 +05:30 [INF] Flowtap_Middleware.RequestLoggingMiddleware: GET /api/v1/user-notifications/count → 200 | 80ms | Tenant: 591b97e6-5334-4870-b151-1a695ad19310
2026-05-31 22:21:52.288 +05:30 [DBG] Hangfire.Server.ServerHeartbeatProcess: Server antonyraj:19416:42ccf628 heartbeat successfully sent
2026-05-31 22:21:52.290 +05:30 [ERR] Microsoft.EntityFrameworkCore.Database.Command: Failed executing DbCommand (2ms) [Parameters=[@__p_0='?' (DbType = Int32)], CommandType='"Text"', CommandTimeout='30']
SELECT n."Id", n."CompanyId", n."CreatedAt", n."CreatedBy", n."Error", n."Payload", n."Recipient", n."RetryCount", n."SentAt", n."Status", n."Subject", n."Type", n."UpdatedAt", n."UpdatedBy"
FROM "NotificationQueues" AS n
WHERE n."Type" = 'Email' AND n."SentAt" IS NULL AND n."RetryCount" < 3
LIMIT @__p_0
2026-05-31 22:21:52.336 +05:30 [ERR] Microsoft.EntityFrameworkCore.Query: An exception occurred while iterating over the results of a query for context type 'Flowtap_Infrastructure.Persistence.DbContext.ApplicationDbContext'.
Npgsql.PostgresException (0x80004005): 42703: column n.CompanyId does not exist

POSITION: 16
   at Npgsql.Internal.NpgsqlConnector.ReadMessageLong(Boolean async, DataRowLoadingMode dataRowLoadingMode, Boolean readingNotifications, Boolean isReadingPrependedMessage)
   at System.Runtime.CompilerServices.PoolingAsyncValueTaskMethodBuilder`1.StateMachineBox`1.System.Threading.Tasks.Sources.IValueTaskSource<TResult>.GetResult(Int16 token)
   at Npgsql.NpgsqlDataReader.NextResult(Boolean async, Boolean isConsuming, CancellationToken cancellationToken)
   at Npgsql.NpgsqlDataReader.NextResult(Boolean async, Boolean isConsuming, CancellationToken cancellationToken)
   at Npgsql.NpgsqlCommand.ExecuteReader(Boolean async, CommandBehavior behavior, CancellationToken cancellationToken)
   at Npgsql.NpgsqlCommand.ExecuteReader(Boolean async, CommandBehavior behavior, CancellationToken cancellationToken)
   at Npgsql.NpgsqlCommand.ExecuteDbDataReaderAsync(CommandBehavior behavior, CancellationToken cancellationToken)
   at Microsoft.EntityFrameworkCore.Storage.RelationalCommand.ExecuteReaderAsync(RelationalCommandParameterObject parameterObject, CancellationToken cancellationToken)
   at Microsoft.EntityFrameworkCore.Storage.RelationalCommand.ExecuteReaderAsync(RelationalCommandParameterObject parameterObject, CancellationToken cancellationToken)
   at Microsoft.EntityFrameworkCore.Query.Internal.SingleQueryingEnumerable`1.AsyncEnumerator.InitializeReaderAsync(AsyncEnumerator enumerator, CancellationToken cancellationToken)
   at Npgsql.EntityFrameworkCore.PostgreSQL.Storage.Internal.NpgsqlExecutionStrategy.ExecuteAsync[TState,TResult](TState state, Func`4 operation, Func`4 verifySucceeded, CancellationToken cancellationToken)
   at Microsoft.EntityFrameworkCore.Query.Internal.SingleQueryingEnumerable`1.AsyncEnumerator.MoveNextAsync()
  Exception data:
    Severity: ERROR
    SqlState: 42703
    MessageText: column n.CompanyId does not exist
    Position: 16
    File: parse_relation.c
    Line: 3827
    Routine: errorMissingColumn
Npgsql.PostgresException (0x80004005): 42703: column n.CompanyId does not exist

POSITION: 16
   at Npgsql.Internal.NpgsqlConnector.ReadMessageLong(Boolean async, DataRowLoadingMode dataRowLoadingMode, Boolean readingNotifications, Boolean isReadingPrependedMessage)
   at System.Runtime.CompilerServices.PoolingAsyncValueTaskMethodBuilder`1.StateMachineBox`1.System.Threading.Tasks.Sources.IValueTaskSource<TResult>.GetResult(Int16 token)
   at Npgsql.NpgsqlDataReader.NextResult(Boolean async, Boolean isConsuming, CancellationToken cancellationToken)
   at Npgsql.NpgsqlDataReader.NextResult(Boolean async, Boolean isConsuming, CancellationToken cancellationToken)
   at Npgsql.NpgsqlCommand.ExecuteReader(Boolean async, CommandBehavior behavior, CancellationToken cancellationToken)
   at Npgsql.NpgsqlCommand.ExecuteReader(Boolean async, CommandBehavior behavior, CancellationToken cancellationToken)
   at Npgsql.NpgsqlCommand.ExecuteDbDataReaderAsync(CommandBehavior behavior, CancellationToken cancellationToken)
   at Microsoft.EntityFrameworkCore.Storage.RelationalCommand.ExecuteReaderAsync(RelationalCommandParameterObject parameterObject, CancellationToken cancellationToken)
   at Microsoft.EntityFrameworkCore.Storage.RelationalCommand.ExecuteReaderAsync(RelationalCommandParameterObject parameterObject, CancellationToken cancellationToken)
   at Microsoft.EntityFrameworkCore.Query.Internal.SingleQueryingEnumerable`1.AsyncEnumerator.InitializeReaderAsync(AsyncEnumerator enumerator, CancellationToken cancellationToken)
   at Npgsql.EntityFrameworkCore.PostgreSQL.Storage.Internal.NpgsqlExecutionStrategy.ExecuteAsync[TState,TResult](TState state, Func`4 operation, Func`4 verifySucceeded, CancellationToken cancellationToken)
   at Microsoft.EntityFrameworkCore.Query.Internal.SingleQueryingEnumerable`1.AsyncEnumerator.MoveNextAsync()
  Exception data:
    Severity: ERROR
    SqlState: 42703
    MessageText: column n.CompanyId does not exist
    Position: 16
    File: parse_relation.c
    Line: 3827
    Routine: errorMissingColumn
2026-05-31 22:21:52.378 +05:30 [ERR] Flowtap_Infrastructure.BackgroundJobs.EmailDispatchService: Error processing notification queue
Npgsql.PostgresException (0x80004005): 42703: column n.CompanyId does not exist

POSITION: 16
   at Npgsql.Internal.NpgsqlConnector.ReadMessageLong(Boolean async, DataRowLoadingMode dataRowLoadingMode, Boolean readingNotifications, Boolean isReadingPrependedMessage)
   at System.Runtime.CompilerServices.PoolingAsyncValueTaskMethodBuilder`1.StateMachineBox`1.System.Threading.Tasks.Sources.IValueTaskSource<TResult>.GetResult(Int16 token)
   at Npgsql.NpgsqlDataReader.NextResult(Boolean async, Boolean isConsuming, CancellationToken cancellationToken)
   at Npgsql.NpgsqlDataReader.NextResult(Boolean async, Boolean isConsuming, CancellationToken cancellationToken)
   at Npgsql.NpgsqlCommand.ExecuteReader(Boolean async, CommandBehavior behavior, CancellationToken cancellationToken)
   at Npgsql.NpgsqlCommand.ExecuteReader(Boolean async, CommandBehavior behavior, CancellationToken cancellationToken)
   at Npgsql.NpgsqlCommand.ExecuteDbDataReaderAsync(CommandBehavior behavior, CancellationToken cancellationToken)
   at Microsoft.EntityFrameworkCore.Storage.RelationalCommand.ExecuteReaderAsync(RelationalCommandParameterObject parameterObject, CancellationToken cancellationToken)
   at Microsoft.EntityFrameworkCore.Storage.RelationalCommand.ExecuteReaderAsync(RelationalCommandParameterObject parameterObject, CancellationToken cancellationToken)
   at Microsoft.EntityFrameworkCore.Query.Internal.SingleQueryingEnumerable`1.AsyncEnumerator.InitializeReaderAsync(AsyncEnumerator enumerator, CancellationToken cancellationToken)
   at Npgsql.EntityFrameworkCore.PostgreSQL.Storage.Internal.NpgsqlExecutionStrategy.ExecuteAsync[TState,TResult](TState state, Func`4 operation, Func`4 verifySucceeded, CancellationToken cancellationToken)
   at Microsoft.EntityFrameworkCore.Query.Internal.SingleQueryingEnumerable`1.AsyncEnumerator.MoveNextAsync()
   at Microsoft.EntityFrameworkCore.EntityFrameworkQueryableExtensions.ToListAsync[TSource](IQueryable`1 source, CancellationToken cancellationToken)
   at Microsoft.EntityFrameworkCore.EntityFrameworkQueryableExtensions.ToListAsync[TSource](IQueryable`1 source, CancellationToken cancellationToken)
   at Flowtap_Infrastructure.BackgroundJobs.EmailDispatchService.ProcessPendingEmailsAsync(CancellationToken ct) in D:\Git\Flowtap_MultiSaas_Backend_modern\SharedCore\Flowtap_Infrastructure\BackgroundJobs\EmailDispatchService.cs:line 35
   at Flowtap_Infrastructure.BackgroundJobs.EmailDispatchService.ExecuteAsync(CancellationToken stoppingToken) in D:\Git\Flowtap_MultiSaas_Backend_modern\SharedCore\Flowtap_Infrastructure\BackgroundJobs\EmailDispatchService.cs:line 19
  Exception data:
    Severity: ERROR
    SqlState: 42703
    MessageText: column n.CompanyId does not exist
    Position: 16
    File: parse_relation.c
    Line: 3827
    Routine: errorMissingColumn
2026-05-31 22:21:53.010 +05:30 [ERR] Microsoft.EntityFrameworkCore.Database.Command: Failed executing DbCommand (1ms) [Parameters=[@__p_0='?' (DbType = Int32)], CommandType='"Text"', CommandTimeout='30']
SELECT n."Id", n."CompanyId", n."CreatedAt", n."CreatedBy", n."Error", n."Payload", n."Recipient", n."RetryCount", n."SentAt", n."Status", n."Subject", n."Type", n."UpdatedAt", n."UpdatedBy"
FROM "NotificationQueues" AS n
WHERE n."Type" = 'Sms' AND n."SentAt" IS NULL AND n."RetryCount" < 3
LIMIT @__p_0
2026-05-31 22:21:53.045 +05:30 [ERR] Microsoft.EntityFrameworkCore.Database.Command: Failed executing DbCommand (4ms) [Parameters=[@__p_0='?' (DbType = Int32)], CommandType='"Text"', CommandTimeout='30']
SELECT n."Id", n."CompanyId", n."CreatedAt", n."CreatedBy", n."Error", n."Payload", n."Recipient", n."RetryCount", n."SentAt", n."Status", n."Subject", n."Type", n."UpdatedAt", n."UpdatedBy"
FROM "NotificationQueues" AS n
WHERE n."Type" = 'WhatsApp' AND n."SentAt" IS NULL AND n."RetryCount" < 3
LIMIT @__p_0
2026-05-31 22:21:53.061 +05:30 [ERR] Microsoft.EntityFrameworkCore.Query: An exception occurred while iterating over the results of a query for context type 'Flowtap_Infrastructure.Persistence.DbContext.ApplicationDbContext'.
Npgsql.PostgresException (0x80004005): 42703: column n.CompanyId does not exist

POSITION: 16
   at Npgsql.Internal.NpgsqlConnector.ReadMessageLong(Boolean async, DataRowLoadingMode dataRowLoadingMode, Boolean readingNotifications, Boolean isReadingPrependedMessage)
   at System.Runtime.CompilerServices.PoolingAsyncValueTaskMethodBuilder`1.StateMachineBox`1.System.Threading.Tasks.Sources.IValueTaskSource<TResult>.GetResult(Int16 token)
   at Npgsql.NpgsqlDataReader.NextResult(Boolean async, Boolean isConsuming, CancellationToken cancellationToken)
   at Npgsql.NpgsqlDataReader.NextResult(Boolean async, Boolean isConsuming, CancellationToken cancellationToken)
   at Npgsql.NpgsqlCommand.ExecuteReader(Boolean async, CommandBehavior behavior, CancellationToken cancellationToken)
   at Npgsql.NpgsqlCommand.ExecuteReader(Boolean async, CommandBehavior behavior, CancellationToken cancellationToken)
   at Npgsql.NpgsqlCommand.ExecuteDbDataReaderAsync(CommandBehavior behavior, CancellationToken cancellationToken)
   at Microsoft.EntityFrameworkCore.Storage.RelationalCommand.ExecuteReaderAsync(RelationalCommandParameterObject parameterObject, CancellationToken cancellationToken)
   at Microsoft.EntityFrameworkCore.Storage.RelationalCommand.ExecuteReaderAsync(RelationalCommandParameterObject parameterObject, CancellationToken cancellationToken)
   at Microsoft.EntityFrameworkCore.Query.Internal.SingleQueryingEnumerable`1.AsyncEnumerator.InitializeReaderAsync(AsyncEnumerator enumerator, CancellationToken cancellationToken)
   at Npgsql.EntityFrameworkCore.PostgreSQL.Storage.Internal.NpgsqlExecutionStrategy.ExecuteAsync[TState,TResult](TState state, Func`4 operation, Func`4 verifySucceeded, CancellationToken cancellationToken)
   at Microsoft.EntityFrameworkCore.Query.Internal.SingleQueryingEnumerable`1.AsyncEnumerator.MoveNextAsync()
  Exception data:
    Severity: ERROR
    SqlState: 42703
    MessageText: column n.CompanyId does not exist
    Position: 16
    File: parse_relation.c
    Line: 3827
    Routine: errorMissingColumn
Npgsql.PostgresException (0x80004005): 42703: column n.CompanyId does not exist

POSITION: 16
   at Npgsql.Internal.NpgsqlConnector.ReadMessageLong(Boolean async, DataRowLoadingMode dataRowLoadingMode, Boolean readingNotifications, Boolean isReadingPrependedMessage)
   at System.Runtime.CompilerServices.PoolingAsyncValueTaskMethodBuilder`1.StateMachineBox`1.System.Threading.Tasks.Sources.IValueTaskSource<TResult>.GetResult(Int16 token)
   at Npgsql.NpgsqlDataReader.NextResult(Boolean async, Boolean isConsuming, CancellationToken cancellationToken)
   at Npgsql.NpgsqlDataReader.NextResult(Boolean async, Boolean isConsuming, CancellationToken cancellationToken)
   at Npgsql.NpgsqlCommand.ExecuteReader(Boolean async, CommandBehavior behavior, CancellationToken cancellationToken)
   at Npgsql.NpgsqlCommand.ExecuteReader(Boolean async, CommandBehavior behavior, CancellationToken cancellationToken)
   at Npgsql.NpgsqlCommand.ExecuteDbDataReaderAsync(CommandBehavior behavior, CancellationToken cancellationToken)
   at Microsoft.EntityFrameworkCore.Storage.RelationalCommand.ExecuteReaderAsync(RelationalCommandParameterObject parameterObject, CancellationToken cancellationToken)
   at Microsoft.EntityFrameworkCore.Storage.RelationalCommand.ExecuteReaderAsync(RelationalCommandParameterObject parameterObject, CancellationToken cancellationToken)
   at Microsoft.EntityFrameworkCore.Query.Internal.SingleQueryingEnumerable`1.AsyncEnumerator.InitializeReaderAsync(AsyncEnumerator enumerator, CancellationToken cancellationToken)
   at Npgsql.EntityFrameworkCore.PostgreSQL.Storage.Internal.NpgsqlExecutionStrategy.ExecuteAsync[TState,TResult](TState state, Func`4 operation, Func`4 verifySucceeded, CancellationToken cancellationToken)
   at Microsoft.EntityFrameworkCore.Query.Internal.SingleQueryingEnumerable`1.AsyncEnumerator.MoveNextAsync()
  Exception data:
    Severity: ERROR
    SqlState: 42703
    MessageText: column n.CompanyId does not exist
    Position: 16
    File: parse_relation.c
    Line: 3827
    Routine: errorMissingColumn
2026-05-31 22:21:53.077 +05:30 [ERR] Microsoft.EntityFrameworkCore.Query: An exception occurred while iterating over the results of a query for context type 'Flowtap_Infrastructure.Persistence.DbContext.ApplicationDbContext'.
Npgsql.PostgresException (0x80004005): 42703: column n.CompanyId does not exist

POSITION: 16
   at Npgsql.Internal.NpgsqlConnector.ReadMessageLong(Boolean async, DataRowLoadingMode dataRowLoadingMode, Boolean readingNotifications, Boolean isReadingPrependedMessage)
   at System.Runtime.CompilerServices.PoolingAsyncValueTaskMethodBuilder`1.StateMachineBox`1.System.Threading.Tasks.Sources.IValueTaskSource<TResult>.GetResult(Int16 token)
   at Npgsql.NpgsqlDataReader.NextResult(Boolean async, Boolean isConsuming, CancellationToken cancellationToken)
   at Npgsql.NpgsqlDataReader.NextResult(Boolean async, Boolean isConsuming, CancellationToken cancellationToken)
   at Npgsql.NpgsqlCommand.ExecuteReader(Boolean async, CommandBehavior behavior, CancellationToken cancellationToken)
   at Npgsql.NpgsqlCommand.ExecuteReader(Boolean async, CommandBehavior behavior, CancellationToken cancellationToken)
   at Npgsql.NpgsqlCommand.ExecuteDbDataReaderAsync(CommandBehavior behavior, CancellationToken cancellationToken)
   at Microsoft.EntityFrameworkCore.Storage.RelationalCommand.ExecuteReaderAsync(RelationalCommandParameterObject parameterObject, CancellationToken cancellationToken)
   at Microsoft.EntityFrameworkCore.Storage.RelationalCommand.ExecuteReaderAsync(RelationalCommandParameterObject parameterObject, CancellationToken cancellationToken)
   at Microsoft.EntityFrameworkCore.Query.Internal.SingleQueryingEnumerable`1.AsyncEnumerator.InitializeReaderAsync(AsyncEnumerator enumerator, CancellationToken cancellationToken)
   at Npgsql.EntityFrameworkCore.PostgreSQL.Storage.Internal.NpgsqlExecutionStrategy.ExecuteAsync[TState,TResult](TState state, Func`4 operation, Func`4 verifySucceeded, CancellationToken cancellationToken)
   at Microsoft.EntityFrameworkCore.Query.Internal.SingleQueryingEnumerable`1.AsyncEnumerator.MoveNextAsync()
  Exception data:
    Severity: ERROR
    SqlState: 42703
    MessageText: column n.CompanyId does not exist
    Position: 16
    File: parse_relation.c
    Line: 3827
    Routine: errorMissingColumn
Npgsql.PostgresException (0x80004005): 42703: column n.CompanyId does not exist

POSITION: 16
   at Npgsql.Internal.NpgsqlConnector.ReadMessageLong(Boolean async, DataRowLoadingMode dataRowLoadingMode, Boolean readingNotifications, Boolean isReadingPrependedMessage)
   at System.Runtime.CompilerServices.PoolingAsyncValueTaskMethodBuilder`1.StateMachineBox`1.System.Threading.Tasks.Sources.IValueTaskSource<TResult>.GetResult(Int16 token)
   at Npgsql.NpgsqlDataReader.NextResult(Boolean async, Boolean isConsuming, CancellationToken cancellationToken)
   at Npgsql.NpgsqlDataReader.NextResult(Boolean async, Boolean isConsuming, CancellationToken cancellationToken)
   at Npgsql.NpgsqlCommand.ExecuteReader(Boolean async, CommandBehavior behavior, CancellationToken cancellationToken)
   at Npgsql.NpgsqlCommand.ExecuteReader(Boolean async, CommandBehavior behavior, CancellationToken cancellationToken)
   at Npgsql.NpgsqlCommand.ExecuteDbDataReaderAsync(CommandBehavior behavior, CancellationToken cancellationToken)
   at Microsoft.EntityFrameworkCore.Storage.RelationalCommand.ExecuteReaderAsync(RelationalCommandParameterObject parameterObject, CancellationToken cancellationToken)
   at Microsoft.EntityFrameworkCore.Storage.RelationalCommand.ExecuteReaderAsync(RelationalCommandParameterObject parameterObject, CancellationToken cancellationToken)
   at Microsoft.EntityFrameworkCore.Query.Internal.SingleQueryingEnumerable`1.AsyncEnumerator.InitializeReaderAsync(AsyncEnumerator enumerator, CancellationToken cancellationToken)
   at Npgsql.EntityFrameworkCore.PostgreSQL.Storage.Internal.NpgsqlExecutionStrategy.ExecuteAsync[TState,TResult](TState state, Func`4 operation, Func`4 verifySucceeded, CancellationToken cancellationToken)
   at Microsoft.EntityFrameworkCore.Query.Internal.SingleQueryingEnumerable`1.AsyncEnumerator.MoveNextAsync()
  Exception data:
    Severity: ERROR
    SqlState: 42703
    MessageText: column n.CompanyId does not exist
    Position: 16
    File: parse_relation.c
    Line: 3827
    Routine: errorMissingColumn
2026-05-31 22:21:53.106 +05:30 [ERR] Flowtap_Infrastructure.BackgroundJobs.SmsDispatchService: Error processing SMS notification queue
Npgsql.PostgresException (0x80004005): 42703: column n.CompanyId does not exist

POSITION: 16
   at Npgsql.Internal.NpgsqlConnector.ReadMessageLong(Boolean async, DataRowLoadingMode dataRowLoadingMode, Boolean readingNotifications, Boolean isReadingPrependedMessage)
   at System.Runtime.CompilerServices.PoolingAsyncValueTaskMethodBuilder`1.StateMachineBox`1.System.Threading.Tasks.Sources.IValueTaskSource<TResult>.GetResult(Int16 token)
   at Npgsql.NpgsqlDataReader.NextResult(Boolean async, Boolean isConsuming, CancellationToken cancellationToken)
   at Npgsql.NpgsqlDataReader.NextResult(Boolean async, Boolean isConsuming, CancellationToken cancellationToken)
   at Npgsql.NpgsqlCommand.ExecuteReader(Boolean async, CommandBehavior behavior, CancellationToken cancellationToken)
   at Npgsql.NpgsqlCommand.ExecuteReader(Boolean async, CommandBehavior behavior, CancellationToken cancellationToken)
   at Npgsql.NpgsqlCommand.ExecuteDbDataReaderAsync(CommandBehavior behavior, CancellationToken cancellationToken)
   at Microsoft.EntityFrameworkCore.Storage.RelationalCommand.ExecuteReaderAsync(RelationalCommandParameterObject parameterObject, CancellationToken cancellationToken)
   at Microsoft.EntityFrameworkCore.Storage.RelationalCommand.ExecuteReaderAsync(RelationalCommandParameterObject parameterObject, CancellationToken cancellationToken)
   at Microsoft.EntityFrameworkCore.Query.Internal.SingleQueryingEnumerable`1.AsyncEnumerator.InitializeReaderAsync(AsyncEnumerator enumerator, CancellationToken cancellationToken)
   at Npgsql.EntityFrameworkCore.PostgreSQL.Storage.Internal.NpgsqlExecutionStrategy.ExecuteAsync[TState,TResult](TState state, Func`4 operation, Func`4 verifySucceeded, CancellationToken cancellationToken)
   at Microsoft.EntityFrameworkCore.Query.Internal.SingleQueryingEnumerable`1.AsyncEnumerator.MoveNextAsync()
   at Microsoft.EntityFrameworkCore.EntityFrameworkQueryableExtensions.ToListAsync[TSource](IQueryable`1 source, CancellationToken cancellationToken)
   at Microsoft.EntityFrameworkCore.EntityFrameworkQueryableExtensions.ToListAsync[TSource](IQueryable`1 source, CancellationToken cancellationToken)
   at Flowtap_Infrastructure.BackgroundJobs.SmsDispatchService.ProcessPendingSmsAsync(CancellationToken ct) in D:\Git\Flowtap_MultiSaas_Backend_modern\SharedCore\Flowtap_Infrastructure\BackgroundJobs\SmsDispatchService.cs:line 45
   at Flowtap_Infrastructure.BackgroundJobs.SmsDispatchService.ExecuteAsync(CancellationToken stoppingToken) in D:\Git\Flowtap_MultiSaas_Backend_modern\SharedCore\Flowtap_Infrastructure\BackgroundJobs\SmsDispatchService.cs:line 29
  Exception data:
    Severity: ERROR
    SqlState: 42703
    MessageText: column n.CompanyId does not exist
    Position: 16
    File: parse_relation.c
    Line: 3827
    Routine: errorMissingColumn
2026-05-31 22:21:53.125 +05:30 [ERR] Flowtap_Infrastructure.BackgroundJobs.WhatsAppDispatchService: Error processing WhatsApp notification queue
Npgsql.PostgresException (0x80004005): 42703: column n.CompanyId does not exist

POSITION: 16
   at Npgsql.Internal.NpgsqlConnector.ReadMessageLong(Boolean async, DataRowLoadingMode dataRowLoadingMode, Boolean readingNotifications, Boolean isReadingPrependedMessage)
   at System.Runtime.CompilerServices.PoolingAsyncValueTaskMethodBuilder`1.StateMachineBox`1.System.Threading.Tasks.Sources.IValueTaskSource<TResult>.GetResult(Int16 token)
   at Npgsql.NpgsqlDataReader.NextResult(Boolean async, Boolean isConsuming, CancellationToken cancellationToken)
   at Npgsql.NpgsqlDataReader.NextResult(Boolean async, Boolean isConsuming, CancellationToken cancellationToken)
   at Npgsql.NpgsqlCommand.ExecuteReader(Boolean async, CommandBehavior behavior, CancellationToken cancellationToken)
   at Npgsql.NpgsqlCommand.ExecuteReader(Boolean async, CommandBehavior behavior, CancellationToken cancellationToken)
   at Npgsql.NpgsqlCommand.ExecuteDbDataReaderAsync(CommandBehavior behavior, CancellationToken cancellationToken)
   at Microsoft.EntityFrameworkCore.Storage.RelationalCommand.ExecuteReaderAsync(RelationalCommandParameterObject parameterObject, CancellationToken cancellationToken)
   at Microsoft.EntityFrameworkCore.Storage.RelationalCommand.ExecuteReaderAsync(RelationalCommandParameterObject parameterObject, CancellationToken cancellationToken)
   at Microsoft.EntityFrameworkCore.Query.Internal.SingleQueryingEnumerable`1.AsyncEnumerator.InitializeReaderAsync(AsyncEnumerator enumerator, CancellationToken cancellationToken)
   at Npgsql.EntityFrameworkCore.PostgreSQL.Storage.Internal.NpgsqlExecutionStrategy.ExecuteAsync[TState,TResult](TState state, Func`4 operation, Func`4 verifySucceeded, CancellationToken cancellationToken)
   at Microsoft.EntityFrameworkCore.Query.Internal.SingleQueryingEnumerable`1.AsyncEnumerator.MoveNextAsync()
   at Microsoft.EntityFrameworkCore.EntityFrameworkQueryableExtensions.ToListAsync[TSource](IQueryable`1 source, CancellationToken cancellationToken)
   at Microsoft.EntityFrameworkCore.EntityFrameworkQueryableExtensions.ToListAsync[TSource](IQueryable`1 source, CancellationToken cancellationToken)
   at Flowtap_Infrastructure.BackgroundJobs.WhatsAppDispatchService.ProcessPendingWhatsAppAsync(CancellationToken ct) in D:\Git\Flowtap_MultiSaas_Backend_modern\SharedCore\Flowtap_Infrastructure\BackgroundJobs\WhatsAppDispatchService.cs:line 45
   at Flowtap_Infrastructure.BackgroundJobs.WhatsAppDispatchService.ExecuteAsync(CancellationToken stoppingToken) in D:\Git\Flowtap_MultiSaas_Backend_modern\SharedCore\Flowtap_Infrastructure\BackgroundJobs\WhatsAppDispatchService.cs:line 29
  Exception data:
    Severity: ERROR
    SqlState: 42703
    MessageText: column n.CompanyId does not exist
    Position: 16
    File: parse_relation.c
    Line: 3827
    Routine: errorMissingColumn
2026-05-31 22:22:22.290 +05:30 [DBG] Hangfire.Server.ServerHeartbeatProcess: Server antonyraj:19416:42ccf628 heartbeat successfully sent
2026-05-31 22:22:22.432 +05:30 [ERR] Microsoft.EntityFrameworkCore.Database.Command: Failed executing DbCommand (3ms) [Parameters=[@__p_0='?' (DbType = Int32)], CommandType='"Text"', CommandTimeout='30']
SELECT n."Id", n."CompanyId", n."CreatedAt", n."CreatedBy", n."Error", n."Payload", n."Recipient", n."RetryCount", n."SentAt", n."Status", n."Subject", n."Type", n."UpdatedAt", n."UpdatedBy"
FROM "NotificationQueues" AS n
WHERE n."Type" = 'Email' AND n."SentAt" IS NULL AND n."RetryCount" < 3
LIMIT @__p_0
2026-05-31 22:22:22.438 +05:30 [ERR] Microsoft.EntityFrameworkCore.Query: An exception occurred while iterating over the results of a query for context type 'Flowtap_Infrastructure.Persistence.DbContext.ApplicationDbContext'.
Npgsql.PostgresException (0x80004005): 42703: column n.CompanyId does not exist

POSITION: 16
   at Npgsql.Internal.NpgsqlConnector.ReadMessageLong(Boolean async, DataRowLoadingMode dataRowLoadingMode, Boolean readingNotifications, Boolean isReadingPrependedMessage)
   at System.Runtime.CompilerServices.PoolingAsyncValueTaskMethodBuilder`1.StateMachineBox`1.System.Threading.Tasks.Sources.IValueTaskSource<TResult>.GetResult(Int16 token)
   at Npgsql.NpgsqlDataReader.NextResult(Boolean async, Boolean isConsuming, CancellationToken cancellationToken)
   at Npgsql.NpgsqlDataReader.NextResult(Boolean async, Boolean isConsuming, CancellationToken cancellationToken)
   at Npgsql.NpgsqlCommand.ExecuteReader(Boolean async, CommandBehavior behavior, CancellationToken cancellationToken)
   at Npgsql.NpgsqlCommand.ExecuteReader(Boolean async, CommandBehavior behavior, CancellationToken cancellationToken)
   at Npgsql.NpgsqlCommand.ExecuteDbDataReaderAsync(CommandBehavior behavior, CancellationToken cancellationToken)
   at Microsoft.EntityFrameworkCore.Storage.RelationalCommand.ExecuteReaderAsync(RelationalCommandParameterObject parameterObject, CancellationToken cancellationToken)
   at Microsoft.EntityFrameworkCore.Storage.RelationalCommand.ExecuteReaderAsync(RelationalCommandParameterObject parameterObject, CancellationToken cancellationToken)
   at Microsoft.EntityFrameworkCore.Query.Internal.SingleQueryingEnumerable`1.AsyncEnumerator.InitializeReaderAsync(AsyncEnumerator enumerator, CancellationToken cancellationToken)
   at Npgsql.EntityFrameworkCore.PostgreSQL.Storage.Internal.NpgsqlExecutionStrategy.ExecuteAsync[TState,TResult](TState state, Func`4 operation, Func`4 verifySucceeded, CancellationToken cancellationToken)
   at Microsoft.EntityFrameworkCore.Query.Internal.SingleQueryingEnumerable`1.AsyncEnumerator.MoveNextAsync()
  Exception data:
    Severity: ERROR
    SqlState: 42703
    MessageText: column n.CompanyId does not exist
    Position: 16
    File: parse_relation.c
    Line: 3827
    Routine: errorMissingColumn
Npgsql.PostgresException (0x80004005): 42703: column n.CompanyId does not exist

POSITION: 16
   at Npgsql.Internal.NpgsqlConnector.ReadMessageLong(Boolean async, DataRowLoadingMode dataRowLoadingMode, Boolean readingNotifications, Boolean isReadingPrependedMessage)
   at System.Runtime.CompilerServices.PoolingAsyncValueTaskMethodBuilder`1.StateMachineBox`1.System.Threading.Tasks.Sources.IValueTaskSource<TResult>.GetResult(Int16 token)
   at Npgsql.NpgsqlDataReader.NextResult(Boolean async, Boolean isConsuming, CancellationToken cancellationToken)
   at Npgsql.NpgsqlDataReader.NextResult(Boolean async, Boolean isConsuming, CancellationToken cancellationToken)
   at Npgsql.NpgsqlCommand.ExecuteReader(Boolean async, CommandBehavior behavior, CancellationToken cancellationToken)
   at Npgsql.NpgsqlCommand.ExecuteReader(Boolean async, CommandBehavior behavior, CancellationToken cancellationToken)
   at Npgsql.NpgsqlCommand.ExecuteDbDataReaderAsync(CommandBehavior behavior, CancellationToken cancellationToken)
   at Microsoft.EntityFrameworkCore.Storage.RelationalCommand.ExecuteReaderAsync(RelationalCommandParameterObject parameterObject, CancellationToken cancellationToken)
   at Microsoft.EntityFrameworkCore.Storage.RelationalCommand.ExecuteReaderAsync(RelationalCommandParameterObject parameterObject, CancellationToken cancellationToken)
   at Microsoft.EntityFrameworkCore.Query.Internal.SingleQueryingEnumerable`1.AsyncEnumerator.InitializeReaderAsync(AsyncEnumerator enumerator, CancellationToken cancellationToken)
   at Npgsql.EntityFrameworkCore.PostgreSQL.Storage.Internal.NpgsqlExecutionStrategy.ExecuteAsync[TState,TResult](TState state, Func`4 operation, Func`4 verifySucceeded, CancellationToken cancellationToken)
   at Microsoft.EntityFrameworkCore.Query.Internal.SingleQueryingEnumerable`1.AsyncEnumerator.MoveNextAsync()
  Exception data:
    Severity: ERROR
    SqlState: 42703
    MessageText: column n.CompanyId does not exist
    Position: 16
    File: parse_relation.c
    Line: 3827
    Routine: errorMissingColumn
2026-05-31 22:22:22.500 +05:30 [ERR] Flowtap_Infrastructure.BackgroundJobs.EmailDispatchService: Error processing notification queue
Npgsql.PostgresException (0x80004005): 42703: column n.CompanyId does not exist

POSITION: 16
   at Npgsql.Internal.NpgsqlConnector.ReadMessageLong(Boolean async, DataRowLoadingMode dataRowLoadingMode, Boolean readingNotifications, Boolean isReadingPrependedMessage)
   at System.Runtime.CompilerServices.PoolingAsyncValueTaskMethodBuilder`1.StateMachineBox`1.System.Threading.Tasks.Sources.IValueTaskSource<TResult>.GetResult(Int16 token)
   at Npgsql.NpgsqlDataReader.NextResult(Boolean async, Boolean isConsuming, CancellationToken cancellationToken)
   at Npgsql.NpgsqlDataReader.NextResult(Boolean async, Boolean isConsuming, CancellationToken cancellationToken)
   at Npgsql.NpgsqlCommand.ExecuteReader(Boolean async, CommandBehavior behavior, CancellationToken cancellationToken)
   at Npgsql.NpgsqlCommand.ExecuteReader(Boolean async, CommandBehavior behavior, CancellationToken cancellationToken)
   at Npgsql.NpgsqlCommand.ExecuteDbDataReaderAsync(CommandBehavior behavior, CancellationToken cancellationToken)
   at Microsoft.EntityFrameworkCore.Storage.RelationalCommand.ExecuteReaderAsync(RelationalCommandParameterObject parameterObject, CancellationToken cancellationToken)
   at Microsoft.EntityFrameworkCore.Storage.RelationalCommand.ExecuteReaderAsync(RelationalCommandParameterObject parameterObject, CancellationToken cancellationToken)
   at Microsoft.EntityFrameworkCore.Query.Internal.SingleQueryingEnumerable`1.AsyncEnumerator.InitializeReaderAsync(AsyncEnumerator enumerator, CancellationToken cancellationToken)
   at Npgsql.EntityFrameworkCore.PostgreSQL.Storage.Internal.NpgsqlExecutionStrategy.ExecuteAsync[TState,TResult](TState state, Func`4 operation, Func`4 verifySucceeded, CancellationToken cancellationToken)
   at Microsoft.EntityFrameworkCore.Query.Internal.SingleQueryingEnumerable`1.AsyncEnumerator.MoveNextAsync()
   at Microsoft.EntityFrameworkCore.EntityFrameworkQueryableExtensions.ToListAsync[TSource](IQueryable`1 source, CancellationToken cancellationToken)
   at Microsoft.EntityFrameworkCore.EntityFrameworkQueryableExtensions.ToListAsync[TSource](IQueryable`1 source, CancellationToken cancellationToken)
   at Flowtap_Infrastructure.BackgroundJobs.EmailDispatchService.ProcessPendingEmailsAsync(CancellationToken ct) in D:\Git\Flowtap_MultiSaas_Backend_modern\SharedCore\Flowtap_Infrastructure\BackgroundJobs\EmailDispatchService.cs:line 35
   at Flowtap_Infrastructure.BackgroundJobs.EmailDispatchService.ExecuteAsync(CancellationToken stoppingToken) in D:\Git\Flowtap_MultiSaas_Backend_modern\SharedCore\Flowtap_Infrastructure\BackgroundJobs\EmailDispatchService.cs:line 19
  Exception data:
    Severity: ERROR
    SqlState: 42703
    MessageText: column n.CompanyId does not exist
    Position: 16
    File: parse_relation.c
    Line: 3827
    Routine: errorMissingColumn
2026-05-31 22:22:23.164 +05:30 [ERR] Microsoft.EntityFrameworkCore.Database.Command: Failed executing DbCommand (1ms) [Parameters=[@__p_0='?' (DbType = Int32)], CommandType='"Text"', CommandTimeout='30']
SELECT n."Id", n."CompanyId", n."CreatedAt", n."CreatedBy", n."Error", n."Payload", n."Recipient", n."RetryCount", n."SentAt", n."Status", n."Subject", n."Type", n."UpdatedAt", n."UpdatedBy"
FROM "NotificationQueues" AS n
WHERE n."Type" = 'Sms' AND n."SentAt" IS NULL AND n."RetryCount" < 3
LIMIT @__p_0
2026-05-31 22:22:23.186 +05:30 [ERR] Microsoft.EntityFrameworkCore.Database.Command: Failed executing DbCommand (6ms) [Parameters=[@__p_0='?' (DbType = Int32)], CommandType='"Text"', CommandTimeout='30']
SELECT n."Id", n."CompanyId", n."CreatedAt", n."CreatedBy", n."Error", n."Payload", n."Recipient", n."RetryCount", n."SentAt", n."Status", n."Subject", n."Type", n."UpdatedAt", n."UpdatedBy"
FROM "NotificationQueues" AS n
WHERE n."Type" = 'WhatsApp' AND n."SentAt" IS NULL AND n."RetryCount" < 3
LIMIT @__p_0
2026-05-31 22:22:23.221 +05:30 [ERR] Microsoft.EntityFrameworkCore.Query: An exception occurred while iterating over the results of a query for context type 'Flowtap_Infrastructure.Persistence.DbContext.ApplicationDbContext'.
Npgsql.PostgresException (0x80004005): 42703: column n.CompanyId does not exist

POSITION: 16
   at Npgsql.Internal.NpgsqlConnector.ReadMessageLong(Boolean async, DataRowLoadingMode dataRowLoadingMode, Boolean readingNotifications, Boolean isReadingPrependedMessage)
   at System.Runtime.CompilerServices.PoolingAsyncValueTaskMethodBuilder`1.StateMachineBox`1.System.Threading.Tasks.Sources.IValueTaskSource<TResult>.GetResult(Int16 token)
   at Npgsql.NpgsqlDataReader.NextResult(Boolean async, Boolean isConsuming, CancellationToken cancellationToken)
   at Npgsql.NpgsqlDataReader.NextResult(Boolean async, Boolean isConsuming, CancellationToken cancellationToken)
   at Npgsql.NpgsqlCommand.ExecuteReader(Boolean async, CommandBehavior behavior, CancellationToken cancellationToken)
   at Npgsql.NpgsqlCommand.ExecuteReader(Boolean async, CommandBehavior behavior, CancellationToken cancellationToken)
   at Npgsql.NpgsqlCommand.ExecuteDbDataReaderAsync(CommandBehavior behavior, CancellationToken cancellationToken)
   at Microsoft.EntityFrameworkCore.Storage.RelationalCommand.ExecuteReaderAsync(RelationalCommandParameterObject parameterObject, CancellationToken cancellationToken)
   at Microsoft.EntityFrameworkCore.Storage.RelationalCommand.ExecuteReaderAsync(RelationalCommandParameterObject parameterObject, CancellationToken cancellationToken)
   at Microsoft.EntityFrameworkCore.Query.Internal.SingleQueryingEnumerable`1.AsyncEnumerator.InitializeReaderAsync(AsyncEnumerator enumerator, CancellationToken cancellationToken)
   at Npgsql.EntityFrameworkCore.PostgreSQL.Storage.Internal.NpgsqlExecutionStrategy.ExecuteAsync[TState,TResult](TState state, Func`4 operation, Func`4 verifySucceeded, CancellationToken cancellationToken)
   at Microsoft.EntityFrameworkCore.Query.Internal.SingleQueryingEnumerable`1.AsyncEnumerator.MoveNextAsync()
  Exception data:
    Severity: ERROR
    SqlState: 42703
    MessageText: column n.CompanyId does not exist
    Position: 16
    File: parse_relation.c
    Line: 3827
    Routine: errorMissingColumn
Npgsql.PostgresException (0x80004005): 42703: column n.CompanyId does not exist

POSITION: 16
   at Npgsql.Internal.NpgsqlConnector.ReadMessageLong(Boolean async, DataRowLoadingMode dataRowLoadingMode, Boolean readingNotifications, Boolean isReadingPrependedMessage)
   at System.Runtime.CompilerServices.PoolingAsyncValueTaskMethodBuilder`1.StateMachineBox`1.System.Threading.Tasks.Sources.IValueTaskSource<TResult>.GetResult(Int16 token)
   at Npgsql.NpgsqlDataReader.NextResult(Boolean async, Boolean isConsuming, CancellationToken cancellationToken)
   at Npgsql.NpgsqlDataReader.NextResult(Boolean async, Boolean isConsuming, CancellationToken cancellationToken)
   at Npgsql.NpgsqlCommand.ExecuteReader(Boolean async, CommandBehavior behavior, CancellationToken cancellationToken)
   at Npgsql.NpgsqlCommand.ExecuteReader(Boolean async, CommandBehavior behavior, CancellationToken cancellationToken)
   at Npgsql.NpgsqlCommand.ExecuteDbDataReaderAsync(CommandBehavior behavior, CancellationToken cancellationToken)
   at Microsoft.EntityFrameworkCore.Storage.RelationalCommand.ExecuteReaderAsync(RelationalCommandParameterObject parameterObject, CancellationToken cancellationToken)
   at Microsoft.EntityFrameworkCore.Storage.RelationalCommand.ExecuteReaderAsync(RelationalCommandParameterObject parameterObject, CancellationToken cancellationToken)
   at Microsoft.EntityFrameworkCore.Query.Internal.SingleQueryingEnumerable`1.AsyncEnumerator.InitializeReaderAsync(AsyncEnumerator enumerator, CancellationToken cancellationToken)
   at Npgsql.EntityFrameworkCore.PostgreSQL.Storage.Internal.NpgsqlExecutionStrategy.ExecuteAsync[TState,TResult](TState state, Func`4 operation, Func`4 verifySucceeded, CancellationToken cancellationToken)
   at Microsoft.EntityFrameworkCore.Query.Internal.SingleQueryingEnumerable`1.AsyncEnumerator.MoveNextAsync()
  Exception data:
    Severity: ERROR
    SqlState: 42703
    MessageText: column n.CompanyId does not exist
    Position: 16
    File: parse_relation.c
    Line: 3827
    Routine: errorMissingColumn
2026-05-31 22:22:23.241 +05:30 [ERR] Microsoft.EntityFrameworkCore.Query: An exception occurred while iterating over the results of a query for context type 'Flowtap_Infrastructure.Persistence.DbContext.ApplicationDbContext'.
Npgsql.PostgresException (0x80004005): 42703: column n.CompanyId does not exist

POSITION: 16
   at Npgsql.Internal.NpgsqlConnector.ReadMessageLong(Boolean async, DataRowLoadingMode dataRowLoadingMode, Boolean readingNotifications, Boolean isReadingPrependedMessage)
   at System.Runtime.CompilerServices.PoolingAsyncValueTaskMethodBuilder`1.StateMachineBox`1.System.Threading.Tasks.Sources.IValueTaskSource<TResult>.GetResult(Int16 token)
   at Npgsql.NpgsqlDataReader.NextResult(Boolean async, Boolean isConsuming, CancellationToken cancellationToken)
   at Npgsql.NpgsqlDataReader.NextResult(Boolean async, Boolean isConsuming, CancellationToken cancellationToken)
   at Npgsql.NpgsqlCommand.ExecuteReader(Boolean async, CommandBehavior behavior, CancellationToken cancellationToken)
   at Npgsql.NpgsqlCommand.ExecuteReader(Boolean async, CommandBehavior behavior, CancellationToken cancellationToken)
   at Npgsql.NpgsqlCommand.ExecuteDbDataReaderAsync(CommandBehavior behavior, CancellationToken cancellationToken)
   at Microsoft.EntityFrameworkCore.Storage.RelationalCommand.ExecuteReaderAsync(RelationalCommandParameterObject parameterObject, CancellationToken cancellationToken)
   at Microsoft.EntityFrameworkCore.Storage.RelationalCommand.ExecuteReaderAsync(RelationalCommandParameterObject parameterObject, CancellationToken cancellationToken)
   at Microsoft.EntityFrameworkCore.Query.Internal.SingleQueryingEnumerable`1.AsyncEnumerator.InitializeReaderAsync(AsyncEnumerator enumerator, CancellationToken cancellationToken)
   at Npgsql.EntityFrameworkCore.PostgreSQL.Storage.Internal.NpgsqlExecutionStrategy.ExecuteAsync[TState,TResult](TState state, Func`4 operation, Func`4 verifySucceeded, CancellationToken cancellationToken)
   at Microsoft.EntityFrameworkCore.Query.Internal.SingleQueryingEnumerable`1.AsyncEnumerator.MoveNextAsync()
  Exception data:
    Severity: ERROR
    SqlState: 42703
    MessageText: column n.CompanyId does not exist
    Position: 16
    File: parse_relation.c
    Line: 3827
    Routine: errorMissingColumn
Npgsql.PostgresException (0x80004005): 42703: column n.CompanyId does not exist

POSITION: 16
   at Npgsql.Internal.NpgsqlConnector.ReadMessageLong(Boolean async, DataRowLoadingMode dataRowLoadingMode, Boolean readingNotifications, Boolean isReadingPrependedMessage)
   at System.Runtime.CompilerServices.PoolingAsyncValueTaskMethodBuilder`1.StateMachineBox`1.System.Threading.Tasks.Sources.IValueTaskSource<TResult>.GetResult(Int16 token)
   at Npgsql.NpgsqlDataReader.NextResult(Boolean async, Boolean isConsuming, CancellationToken cancellationToken)
   at Npgsql.NpgsqlDataReader.NextResult(Boolean async, Boolean isConsuming, CancellationToken cancellationToken)
   at Npgsql.NpgsqlCommand.ExecuteReader(Boolean async, CommandBehavior behavior, CancellationToken cancellationToken)
   at Npgsql.NpgsqlCommand.ExecuteReader(Boolean async, CommandBehavior behavior, CancellationToken cancellationToken)
   at Npgsql.NpgsqlCommand.ExecuteDbDataReaderAsync(CommandBehavior behavior, CancellationToken cancellationToken)
   at Microsoft.EntityFrameworkCore.Storage.RelationalCommand.ExecuteReaderAsync(RelationalCommandParameterObject parameterObject, CancellationToken cancellationToken)
   at Microsoft.EntityFrameworkCore.Storage.RelationalCommand.ExecuteReaderAsync(RelationalCommandParameterObject parameterObject, CancellationToken cancellationToken)
   at Microsoft.EntityFrameworkCore.Query.Internal.SingleQueryingEnumerable`1.AsyncEnumerator.InitializeReaderAsync(AsyncEnumerator enumerator, CancellationToken cancellationToken)
   at Npgsql.EntityFrameworkCore.PostgreSQL.Storage.Internal.NpgsqlExecutionStrategy.ExecuteAsync[TState,TResult](TState state, Func`4 operation, Func`4 verifySucceeded, CancellationToken cancellationToken)
   at Microsoft.EntityFrameworkCore.Query.Internal.SingleQueryingEnumerable`1.AsyncEnumerator.MoveNextAsync()
  Exception data:
    Severity: ERROR
    SqlState: 42703
    MessageText: column n.CompanyId does not exist
    Position: 16
    File: parse_relation.c
    Line: 3827
    Routine: errorMissingColumn
2026-05-31 22:22:23.277 +05:30 [ERR] Flowtap_Infrastructure.BackgroundJobs.SmsDispatchService: Error processing SMS notification queue
Npgsql.PostgresException (0x80004005): 42703: column n.CompanyId does not exist

POSITION: 16
   at Npgsql.Internal.NpgsqlConnector.ReadMessageLong(Boolean async, DataRowLoadingMode dataRowLoadingMode, Boolean readingNotifications, Boolean isReadingPrependedMessage)
   at System.Runtime.CompilerServices.PoolingAsyncValueTaskMethodBuilder`1.StateMachineBox`1.System.Threading.Tasks.Sources.IValueTaskSource<TResult>.GetResult(Int16 token)
   at Npgsql.NpgsqlDataReader.NextResult(Boolean async, Boolean isConsuming, CancellationToken cancellationToken)
   at Npgsql.NpgsqlDataReader.NextResult(Boolean async, Boolean isConsuming, CancellationToken cancellationToken)
   at Npgsql.NpgsqlCommand.ExecuteReader(Boolean async, CommandBehavior behavior, CancellationToken cancellationToken)
   at Npgsql.NpgsqlCommand.ExecuteReader(Boolean async, CommandBehavior behavior, CancellationToken cancellationToken)
   at Npgsql.NpgsqlCommand.ExecuteDbDataReaderAsync(CommandBehavior behavior, CancellationToken cancellationToken)
   at Microsoft.EntityFrameworkCore.Storage.RelationalCommand.ExecuteReaderAsync(RelationalCommandParameterObject parameterObject, CancellationToken cancellationToken)
   at Microsoft.EntityFrameworkCore.Storage.RelationalCommand.ExecuteReaderAsync(RelationalCommandParameterObject parameterObject, CancellationToken cancellationToken)
   at Microsoft.EntityFrameworkCore.Query.Internal.SingleQueryingEnumerable`1.AsyncEnumerator.InitializeReaderAsync(AsyncEnumerator enumerator, CancellationToken cancellationToken)
   at Npgsql.EntityFrameworkCore.PostgreSQL.Storage.Internal.NpgsqlExecutionStrategy.ExecuteAsync[TState,TResult](TState state, Func`4 operation, Func`4 verifySucceeded, CancellationToken cancellationToken)
   at Microsoft.EntityFrameworkCore.Query.Internal.SingleQueryingEnumerable`1.AsyncEnumerator.MoveNextAsync()
   at Microsoft.EntityFrameworkCore.EntityFrameworkQueryableExtensions.ToListAsync[TSource](IQueryable`1 source, CancellationToken cancellationToken)
   at Microsoft.EntityFrameworkCore.EntityFrameworkQueryableExtensions.ToListAsync[TSource](IQueryable`1 source, CancellationToken cancellationToken)
   at Flowtap_Infrastructure.BackgroundJobs.SmsDispatchService.ProcessPendingSmsAsync(CancellationToken ct) in D:\Git\Flowtap_MultiSaas_Backend_modern\SharedCore\Flowtap_Infrastructure\BackgroundJobs\SmsDispatchService.cs:line 45
   at Flowtap_Infrastructure.BackgroundJobs.SmsDispatchService.ExecuteAsync(CancellationToken stoppingToken) in D:\Git\Flowtap_MultiSaas_Backend_modern\SharedCore\Flowtap_Infrastructure\BackgroundJobs\SmsDispatchService.cs:line 29
  Exception data:
    Severity: ERROR
    SqlState: 42703
    MessageText: column n.CompanyId does not exist
    Position: 16
    File: parse_relation.c
    Line: 3827
    Routine: errorMissingColumn
2026-05-31 22:22:23.334 +05:30 [ERR] Flowtap_Infrastructure.BackgroundJobs.WhatsAppDispatchService: Error processing WhatsApp notification queue
Npgsql.PostgresException (0x80004005): 42703: column n.CompanyId does not exist

POSITION: 16
   at Npgsql.Internal.NpgsqlConnector.ReadMessageLong(Boolean async, DataRowLoadingMode dataRowLoadingMode, Boolean readingNotifications, Boolean isReadingPrependedMessage)
   at System.Runtime.CompilerServices.PoolingAsyncValueTaskMethodBuilder`1.StateMachineBox`1.System.Threading.Tasks.Sources.IValueTaskSource<TResult>.GetResult(Int16 token)
   at Npgsql.NpgsqlDataReader.NextResult(Boolean async, Boolean isConsuming, CancellationToken cancellationToken)
   at Npgsql.NpgsqlDataReader.NextResult(Boolean async, Boolean isConsuming, CancellationToken cancellationToken)
   at Npgsql.NpgsqlCommand.ExecuteReader(Boolean async, CommandBehavior behavior, CancellationToken cancellationToken)
   at Npgsql.NpgsqlCommand.ExecuteReader(Boolean async, CommandBehavior behavior, CancellationToken cancellationToken)
   at Npgsql.NpgsqlCommand.ExecuteDbDataReaderAsync(CommandBehavior behavior, CancellationToken cancellationToken)
   at Microsoft.EntityFrameworkCore.Storage.RelationalCommand.ExecuteReaderAsync(RelationalCommandParameterObject parameterObject, CancellationToken cancellationToken)
   at Microsoft.EntityFrameworkCore.Storage.RelationalCommand.ExecuteReaderAsync(RelationalCommandParameterObject parameterObject, CancellationToken cancellationToken)
   at Microsoft.EntityFrameworkCore.Query.Internal.SingleQueryingEnumerable`1.AsyncEnumerator.InitializeReaderAsync(AsyncEnumerator enumerator, CancellationToken cancellationToken)
   at Npgsql.EntityFrameworkCore.PostgreSQL.Storage.Internal.NpgsqlExecutionStrategy.ExecuteAsync[TState,TResult](TState state, Func`4 operation, Func`4 verifySucceeded, CancellationToken cancellationToken)
   at Microsoft.EntityFrameworkCore.Query.Internal.SingleQueryingEnumerable`1.AsyncEnumerator.MoveNextAsync()
   at Microsoft.EntityFrameworkCore.EntityFrameworkQueryableExtensions.ToListAsync[TSource](IQueryable`1 source, CancellationToken cancellationToken)
   at Microsoft.EntityFrameworkCore.EntityFrameworkQueryableExtensions.ToListAsync[TSource](IQueryable`1 source, CancellationToken cancellationToken)
   at Flowtap_Infrastructure.BackgroundJobs.WhatsAppDispatchService.ProcessPendingWhatsAppAsync(CancellationToken ct) in D:\Git\Flowtap_MultiSaas_Backend_modern\SharedCore\Flowtap_Infrastructure\BackgroundJobs\WhatsAppDispatchService.cs:line 45
   at Flowtap_Infrastructure.BackgroundJobs.WhatsAppDispatchService.ExecuteAsync(CancellationToken stoppingToken) in D:\Git\Flowtap_MultiSaas_Backend_modern\SharedCore\Flowtap_Infrastructure\BackgroundJobs\WhatsAppDispatchService.cs:line 29
  Exception data:
    Severity: ERROR
    SqlState: 42703
    MessageText: column n.CompanyId does not exist
    Position: 16
    File: parse_relation.c
    Line: 3827
    Routine: errorMissingColumn
2026-05-31 22:22:43.635 +05:30 [DBG] Flowtap_Middleware.TenantMiddleware: Request for tenant 591b97e6-5334-4870-b151-1a695ad19310 at /api/v1/user-notifications/count
2026-05-31 22:22:43.646 +05:30 [INF] Microsoft.EntityFrameworkCore.Database.Command: Executed DbCommand (1ms) [Parameters=[@__8__locals1_tenantId_0='?' (DbType = Guid), @__now_1='?' (DbType = DateTime)], CommandType='"Text"', CommandTimeout='30']
SELECT EXISTS (
    SELECT 1
    FROM "CompanySubscriptions" AS c
    WHERE c."IsActive" AND c."CompanyId" = @__8__locals1_tenantId_0 AND c."Status" = 1 AND c."EndDate" > @__now_1)
2026-05-31 22:22:43.666 +05:30 [INF] Microsoft.EntityFrameworkCore.Database.Command: Executed DbCommand (2ms) [Parameters=[@__8__locals1_tenantId_0='?' (DbType = Guid), @__now_1='?' (DbType = DateTime)], CommandType='"Text"', CommandTimeout='30']
SELECT EXISTS (
    SELECT 1
    FROM "TrialPlans" AS t
    WHERE t."IsActive" AND t."CompanyId" = @__8__locals1_tenantId_0 AND NOT (t."IsExpired") AND t."TrialEndDate" > @__now_1)
2026-05-31 22:22:43.722 +05:30 [INF] Flowtap_Application.Common.Behaviors.LoggingBehavior: Handling GetUnreadNotificationCountQuery
2026-05-31 22:22:43.744 +05:30 [INF] Microsoft.EntityFrameworkCore.Database.Command: Executed DbCommand (1ms) [Parameters=[@__request_CompanyId_0='?' (DbType = Guid), @__request_UserId_1='?' (DbType = Guid)], CommandType='"Text"', CommandTimeout='30']
SELECT count(*)::int
FROM "UserNotifications" AS u
WHERE u."CompanyId" = @__request_CompanyId_0 AND u."UserId" = @__request_UserId_1 AND NOT (u."IsRead")
2026-05-31 22:22:43.772 +05:30 [INF] Flowtap_Application.Common.Behaviors.LoggingBehavior: Handled GetUnreadNotificationCountQuery
2026-05-31 22:22:43.779 +05:30 [INF] Flowtap_Middleware.RequestLoggingMiddleware: GET /api/v1/user-notifications/count → 200 | 144ms | Tenant: 591b97e6-5334-4870-b151-1a695ad19310
2026-05-31 22:22:51.979 +05:30 [DBG] Hangfire.PostgreSql.CountersAggregator: Aggregating records in 'Counter' table...
2026-05-31 22:22:52.295 +05:30 [DBG] Hangfire.Server.ServerHeartbeatProcess: Server antonyraj:19416:42ccf628 heartbeat successfully sent
2026-05-31 22:22:52.548 +05:30 [ERR] Microsoft.EntityFrameworkCore.Database.Command: Failed executing DbCommand (2ms) [Parameters=[@__p_0='?' (DbType = Int32)], CommandType='"Text"', CommandTimeout='30']
SELECT n."Id", n."CompanyId", n."CreatedAt", n."CreatedBy", n."Error", n."Payload", n."Recipient", n."RetryCount", n."SentAt", n."Status", n."Subject", n."Type", n."UpdatedAt", n."UpdatedBy"
FROM "NotificationQueues" AS n
WHERE n."Type" = 'Email' AND n."SentAt" IS NULL AND n."RetryCount" < 3
LIMIT @__p_0
2026-05-31 22:22:52.557 +05:30 [ERR] Microsoft.EntityFrameworkCore.Query: An exception occurred while iterating over the results of a query for context type 'Flowtap_Infrastructure.Persistence.DbContext.ApplicationDbContext'.
Npgsql.PostgresException (0x80004005): 42703: column n.CompanyId does not exist

POSITION: 16
   at Npgsql.Internal.NpgsqlConnector.ReadMessageLong(Boolean async, DataRowLoadingMode dataRowLoadingMode, Boolean readingNotifications, Boolean isReadingPrependedMessage)
   at System.Runtime.CompilerServices.PoolingAsyncValueTaskMethodBuilder`1.StateMachineBox`1.System.Threading.Tasks.Sources.IValueTaskSource<TResult>.GetResult(Int16 token)
   at Npgsql.NpgsqlDataReader.NextResult(Boolean async, Boolean isConsuming, CancellationToken cancellationToken)
   at Npgsql.NpgsqlDataReader.NextResult(Boolean async, Boolean isConsuming, CancellationToken cancellationToken)
   at Npgsql.NpgsqlCommand.ExecuteReader(Boolean async, CommandBehavior behavior, CancellationToken cancellationToken)
   at Npgsql.NpgsqlCommand.ExecuteReader(Boolean async, CommandBehavior behavior, CancellationToken cancellationToken)
   at Npgsql.NpgsqlCommand.ExecuteDbDataReaderAsync(CommandBehavior behavior, CancellationToken cancellationToken)
   at Microsoft.EntityFrameworkCore.Storage.RelationalCommand.ExecuteReaderAsync(RelationalCommandParameterObject parameterObject, CancellationToken cancellationToken)
   at Microsoft.EntityFrameworkCore.Storage.RelationalCommand.ExecuteReaderAsync(RelationalCommandParameterObject parameterObject, CancellationToken cancellationToken)
   at Microsoft.EntityFrameworkCore.Query.Internal.SingleQueryingEnumerable`1.AsyncEnumerator.InitializeReaderAsync(AsyncEnumerator enumerator, CancellationToken cancellationToken)
   at Npgsql.EntityFrameworkCore.PostgreSQL.Storage.Internal.NpgsqlExecutionStrategy.ExecuteAsync[TState,TResult](TState state, Func`4 operation, Func`4 verifySucceeded, CancellationToken cancellationToken)
   at Microsoft.EntityFrameworkCore.Query.Internal.SingleQueryingEnumerable`1.AsyncEnumerator.MoveNextAsync()
  Exception data:
    Severity: ERROR
    SqlState: 42703
    MessageText: column n.CompanyId does not exist
    Position: 16
    File: parse_relation.c
    Line: 3827
    Routine: errorMissingColumn
Npgsql.PostgresException (0x80004005): 42703: column n.CompanyId does not exist

POSITION: 16
   at Npgsql.Internal.NpgsqlConnector.ReadMessageLong(Boolean async, DataRowLoadingMode dataRowLoadingMode, Boolean readingNotifications, Boolean isReadingPrependedMessage)
   at System.Runtime.CompilerServices.PoolingAsyncValueTaskMethodBuilder`1.StateMachineBox`1.System.Threading.Tasks.Sources.IValueTaskSource<TResult>.GetResult(Int16 token)
   at Npgsql.NpgsqlDataReader.NextResult(Boolean async, Boolean isConsuming, CancellationToken cancellationToken)
   at Npgsql.NpgsqlDataReader.NextResult(Boolean async, Boolean isConsuming, CancellationToken cancellationToken)
   at Npgsql.NpgsqlCommand.ExecuteReader(Boolean async, CommandBehavior behavior, CancellationToken cancellationToken)
   at Npgsql.NpgsqlCommand.ExecuteReader(Boolean async, CommandBehavior behavior, CancellationToken cancellationToken)
   at Npgsql.NpgsqlCommand.ExecuteDbDataReaderAsync(CommandBehavior behavior, CancellationToken cancellationToken)
   at Microsoft.EntityFrameworkCore.Storage.RelationalCommand.ExecuteReaderAsync(RelationalCommandParameterObject parameterObject, CancellationToken cancellationToken)
   at Microsoft.EntityFrameworkCore.Storage.RelationalCommand.ExecuteReaderAsync(RelationalCommandParameterObject parameterObject, CancellationToken cancellationToken)
   at Microsoft.EntityFrameworkCore.Query.Internal.SingleQueryingEnumerable`1.AsyncEnumerator.InitializeReaderAsync(AsyncEnumerator enumerator, CancellationToken cancellationToken)
   at Npgsql.EntityFrameworkCore.PostgreSQL.Storage.Internal.NpgsqlExecutionStrategy.ExecuteAsync[TState,TResult](TState state, Func`4 operation, Func`4 verifySucceeded, CancellationToken cancellationToken)
   at Microsoft.EntityFrameworkCore.Query.Internal.SingleQueryingEnumerable`1.AsyncEnumerator.MoveNextAsync()
  Exception data:
    Severity: ERROR
    SqlState: 42703
    MessageText: column n.CompanyId does not exist
    Position: 16
    File: parse_relation.c
    Line: 3827
    Routine: errorMissingColumn
2026-05-31 22:22:52.617 +05:30 [ERR] Flowtap_Infrastructure.BackgroundJobs.EmailDispatchService: Error processing notification queue
Npgsql.PostgresException (0x80004005): 42703: column n.CompanyId does not exist

POSITION: 16
   at Npgsql.Internal.NpgsqlConnector.ReadMessageLong(Boolean async, DataRowLoadingMode dataRowLoadingMode, Boolean readingNotifications, Boolean isReadingPrependedMessage)
   at System.Runtime.CompilerServices.PoolingAsyncValueTaskMethodBuilder`1.StateMachineBox`1.System.Threading.Tasks.Sources.IValueTaskSource<TResult>.GetResult(Int16 token)
   at Npgsql.NpgsqlDataReader.NextResult(Boolean async, Boolean isConsuming, CancellationToken cancellationToken)
   at Npgsql.NpgsqlDataReader.NextResult(Boolean async, Boolean isConsuming, CancellationToken cancellationToken)
   at Npgsql.NpgsqlCommand.ExecuteReader(Boolean async, CommandBehavior behavior, CancellationToken cancellationToken)
   at Npgsql.NpgsqlCommand.ExecuteReader(Boolean async, CommandBehavior behavior, CancellationToken cancellationToken)
   at Npgsql.NpgsqlCommand.ExecuteDbDataReaderAsync(CommandBehavior behavior, CancellationToken cancellationToken)
   at Microsoft.EntityFrameworkCore.Storage.RelationalCommand.ExecuteReaderAsync(RelationalCommandParameterObject parameterObject, CancellationToken cancellationToken)
   at Microsoft.EntityFrameworkCore.Storage.RelationalCommand.ExecuteReaderAsync(RelationalCommandParameterObject parameterObject, CancellationToken cancellationToken)
   at Microsoft.EntityFrameworkCore.Query.Internal.SingleQueryingEnumerable`1.AsyncEnumerator.InitializeReaderAsync(AsyncEnumerator enumerator, CancellationToken cancellationToken)
   at Npgsql.EntityFrameworkCore.PostgreSQL.Storage.Internal.NpgsqlExecutionStrategy.ExecuteAsync[TState,TResult](TState state, Func`4 operation, Func`4 verifySucceeded, CancellationToken cancellationToken)
   at Microsoft.EntityFrameworkCore.Query.Internal.SingleQueryingEnumerable`1.AsyncEnumerator.MoveNextAsync()
   at Microsoft.EntityFrameworkCore.EntityFrameworkQueryableExtensions.ToListAsync[TSource](IQueryable`1 source, CancellationToken cancellationToken)
   at Microsoft.EntityFrameworkCore.EntityFrameworkQueryableExtensions.ToListAsync[TSource](IQueryable`1 source, CancellationToken cancellationToken)
   at Flowtap_Infrastructure.BackgroundJobs.EmailDispatchService.ProcessPendingEmailsAsync(CancellationToken ct) in D:\Git\Flowtap_MultiSaas_Backend_modern\SharedCore\Flowtap_Infrastructure\BackgroundJobs\EmailDispatchService.cs:line 35
   at Flowtap_Infrastructure.BackgroundJobs.EmailDispatchService.ExecuteAsync(CancellationToken stoppingToken) in D:\Git\Flowtap_MultiSaas_Backend_modern\SharedCore\Flowtap_Infrastructure\BackgroundJobs\EmailDispatchService.cs:line 19
  Exception data:
    Severity: ERROR
    SqlState: 42703
    MessageText: column n.CompanyId does not exist
    Position: 16
    File: parse_relation.c
    Line: 3827
    Routine: errorMissingColumn
2026-05-31 22:22:53.369 +05:30 [ERR] Microsoft.EntityFrameworkCore.Database.Command: Failed executing DbCommand (3ms) [Parameters=[@__p_0='?' (DbType = Int32)], CommandType='"Text"', CommandTimeout='30']
SELECT n."Id", n."CompanyId", n."CreatedAt", n."CreatedBy", n."Error", n."Payload", n."Recipient", n."RetryCount", n."SentAt", n."Status", n."Subject", n."Type", n."UpdatedAt", n."UpdatedBy"
FROM "NotificationQueues" AS n
WHERE n."Type" = 'Sms' AND n."SentAt" IS NULL AND n."RetryCount" < 3
LIMIT @__p_0
2026-05-31 22:22:53.399 +05:30 [ERR] Microsoft.EntityFrameworkCore.Database.Command: Failed executing DbCommand (3ms) [Parameters=[@__p_0='?' (DbType = Int32)], CommandType='"Text"', CommandTimeout='30']
SELECT n."Id", n."CompanyId", n."CreatedAt", n."CreatedBy", n."Error", n."Payload", n."Recipient", n."RetryCount", n."SentAt", n."Status", n."Subject", n."Type", n."UpdatedAt", n."UpdatedBy"
FROM "NotificationQueues" AS n
WHERE n."Type" = 'WhatsApp' AND n."SentAt" IS NULL AND n."RetryCount" < 3
LIMIT @__p_0
2026-05-31 22:22:53.399 +05:30 [ERR] Microsoft.EntityFrameworkCore.Query: An exception occurred while iterating over the results of a query for context type 'Flowtap_Infrastructure.Persistence.DbContext.ApplicationDbContext'.
Npgsql.PostgresException (0x80004005): 42703: column n.CompanyId does not exist

POSITION: 16
   at Npgsql.Internal.NpgsqlConnector.ReadMessageLong(Boolean async, DataRowLoadingMode dataRowLoadingMode, Boolean readingNotifications, Boolean isReadingPrependedMessage)
   at System.Runtime.CompilerServices.PoolingAsyncValueTaskMethodBuilder`1.StateMachineBox`1.System.Threading.Tasks.Sources.IValueTaskSource<TResult>.GetResult(Int16 token)
   at Npgsql.NpgsqlDataReader.NextResult(Boolean async, Boolean isConsuming, CancellationToken cancellationToken)
   at Npgsql.NpgsqlDataReader.NextResult(Boolean async, Boolean isConsuming, CancellationToken cancellationToken)
   at Npgsql.NpgsqlCommand.ExecuteReader(Boolean async, CommandBehavior behavior, CancellationToken cancellationToken)
   at Npgsql.NpgsqlCommand.ExecuteReader(Boolean async, CommandBehavior behavior, CancellationToken cancellationToken)
   at Npgsql.NpgsqlCommand.ExecuteDbDataReaderAsync(CommandBehavior behavior, CancellationToken cancellationToken)
   at Microsoft.EntityFrameworkCore.Storage.RelationalCommand.ExecuteReaderAsync(RelationalCommandParameterObject parameterObject, CancellationToken cancellationToken)
   at Microsoft.EntityFrameworkCore.Storage.RelationalCommand.ExecuteReaderAsync(RelationalCommandParameterObject parameterObject, CancellationToken cancellationToken)
   at Microsoft.EntityFrameworkCore.Query.Internal.SingleQueryingEnumerable`1.AsyncEnumerator.InitializeReaderAsync(AsyncEnumerator enumerator, CancellationToken cancellationToken)
   at Npgsql.EntityFrameworkCore.PostgreSQL.Storage.Internal.NpgsqlExecutionStrategy.ExecuteAsync[TState,TResult](TState state, Func`4 operation, Func`4 verifySucceeded, CancellationToken cancellationToken)
   at Microsoft.EntityFrameworkCore.Query.Internal.SingleQueryingEnumerable`1.AsyncEnumerator.MoveNextAsync()
  Exception data:
    Severity: ERROR
    SqlState: 42703
    MessageText: column n.CompanyId does not exist
    Position: 16
    File: parse_relation.c
    Line: 3827
    Routine: errorMissingColumn
Npgsql.PostgresException (0x80004005): 42703: column n.CompanyId does not exist

POSITION: 16
   at Npgsql.Internal.NpgsqlConnector.ReadMessageLong(Boolean async, DataRowLoadingMode dataRowLoadingMode, Boolean readingNotifications, Boolean isReadingPrependedMessage)
   at System.Runtime.CompilerServices.PoolingAsyncValueTaskMethodBuilder`1.StateMachineBox`1.System.Threading.Tasks.Sources.IValueTaskSource<TResult>.GetResult(Int16 token)
   at Npgsql.NpgsqlDataReader.NextResult(Boolean async, Boolean isConsuming, CancellationToken cancellationToken)
   at Npgsql.NpgsqlDataReader.NextResult(Boolean async, Boolean isConsuming, CancellationToken cancellationToken)
   at Npgsql.NpgsqlCommand.ExecuteReader(Boolean async, CommandBehavior behavior, CancellationToken cancellationToken)
   at Npgsql.NpgsqlCommand.ExecuteReader(Boolean async, CommandBehavior behavior, CancellationToken cancellationToken)
   at Npgsql.NpgsqlCommand.ExecuteDbDataReaderAsync(CommandBehavior behavior, CancellationToken cancellationToken)
   at Microsoft.EntityFrameworkCore.Storage.RelationalCommand.ExecuteReaderAsync(RelationalCommandParameterObject parameterObject, CancellationToken cancellationToken)
   at Microsoft.EntityFrameworkCore.Storage.RelationalCommand.ExecuteReaderAsync(RelationalCommandParameterObject parameterObject, CancellationToken cancellationToken)
   at Microsoft.EntityFrameworkCore.Query.Internal.SingleQueryingEnumerable`1.AsyncEnumerator.InitializeReaderAsync(AsyncEnumerator enumerator, CancellationToken cancellationToken)
   at Npgsql.EntityFrameworkCore.PostgreSQL.Storage.Internal.NpgsqlExecutionStrategy.ExecuteAsync[TState,TResult](TState state, Func`4 operation, Func`4 verifySucceeded, CancellationToken cancellationToken)
   at Microsoft.EntityFrameworkCore.Query.Internal.SingleQueryingEnumerable`1.AsyncEnumerator.MoveNextAsync()
  Exception data:
    Severity: ERROR
    SqlState: 42703
    MessageText: column n.CompanyId does not exist
    Position: 16
    File: parse_relation.c
    Line: 3827
    Routine: errorMissingColumn
2026-05-31 22:22:53.417 +05:30 [ERR] Microsoft.EntityFrameworkCore.Query: An exception occurred while iterating over the results of a query for context type 'Flowtap_Infrastructure.Persistence.DbContext.ApplicationDbContext'.
Npgsql.PostgresException (0x80004005): 42703: column n.CompanyId does not exist

POSITION: 16
   at Npgsql.Internal.NpgsqlConnector.ReadMessageLong(Boolean async, DataRowLoadingMode dataRowLoadingMode, Boolean readingNotifications, Boolean isReadingPrependedMessage)
   at System.Runtime.CompilerServices.PoolingAsyncValueTaskMethodBuilder`1.StateMachineBox`1.System.Threading.Tasks.Sources.IValueTaskSource<TResult>.GetResult(Int16 token)
   at Npgsql.NpgsqlDataReader.NextResult(Boolean async, Boolean isConsuming, CancellationToken cancellationToken)
   at Npgsql.NpgsqlDataReader.NextResult(Boolean async, Boolean isConsuming, CancellationToken cancellationToken)
   at Npgsql.NpgsqlCommand.ExecuteReader(Boolean async, CommandBehavior behavior, CancellationToken cancellationToken)
   at Npgsql.NpgsqlCommand.ExecuteReader(Boolean async, CommandBehavior behavior, CancellationToken cancellationToken)
   at Npgsql.NpgsqlCommand.ExecuteDbDataReaderAsync(CommandBehavior behavior, CancellationToken cancellationToken)
   at Microsoft.EntityFrameworkCore.Storage.RelationalCommand.ExecuteReaderAsync(RelationalCommandParameterObject parameterObject, CancellationToken cancellationToken)
   at Microsoft.EntityFrameworkCore.Storage.RelationalCommand.ExecuteReaderAsync(RelationalCommandParameterObject parameterObject, CancellationToken cancellationToken)
   at Microsoft.EntityFrameworkCore.Query.Internal.SingleQueryingEnumerable`1.AsyncEnumerator.InitializeReaderAsync(AsyncEnumerator enumerator, CancellationToken cancellationToken)
   at Npgsql.EntityFrameworkCore.PostgreSQL.Storage.Internal.NpgsqlExecutionStrategy.ExecuteAsync[TState,TResult](TState state, Func`4 operation, Func`4 verifySucceeded, CancellationToken cancellationToken)
   at Microsoft.EntityFrameworkCore.Query.Internal.SingleQueryingEnumerable`1.AsyncEnumerator.MoveNextAsync()
  Exception data:
    Severity: ERROR
    SqlState: 42703
    MessageText: column n.CompanyId does not exist
    Position: 16
    File: parse_relation.c
    Line: 3827
    Routine: errorMissingColumn
Npgsql.PostgresException (0x80004005): 42703: column n.CompanyId does not exist

POSITION: 16
   at Npgsql.Internal.NpgsqlConnector.ReadMessageLong(Boolean async, DataRowLoadingMode dataRowLoadingMode, Boolean readingNotifications, Boolean isReadingPrependedMessage)
   at System.Runtime.CompilerServices.PoolingAsyncValueTaskMethodBuilder`1.StateMachineBox`1.System.Threading.Tasks.Sources.IValueTaskSource<TResult>.GetResult(Int16 token)
   at Npgsql.NpgsqlDataReader.NextResult(Boolean async, Boolean isConsuming, CancellationToken cancellationToken)
   at Npgsql.NpgsqlDataReader.NextResult(Boolean async, Boolean isConsuming, CancellationToken cancellationToken)
   at Npgsql.NpgsqlCommand.ExecuteReader(Boolean async, CommandBehavior behavior, CancellationToken cancellationToken)
   at Npgsql.NpgsqlCommand.ExecuteReader(Boolean async, CommandBehavior behavior, CancellationToken cancellationToken)
   at Npgsql.NpgsqlCommand.ExecuteDbDataReaderAsync(CommandBehavior behavior, CancellationToken cancellationToken)
   at Microsoft.EntityFrameworkCore.Storage.RelationalCommand.ExecuteReaderAsync(RelationalCommandParameterObject parameterObject, CancellationToken cancellationToken)
   at Microsoft.EntityFrameworkCore.Storage.RelationalCommand.ExecuteReaderAsync(RelationalCommandParameterObject parameterObject, CancellationToken cancellationToken)
   at Microsoft.EntityFrameworkCore.Query.Internal.SingleQueryingEnumerable`1.AsyncEnumerator.InitializeReaderAsync(AsyncEnumerator enumerator, CancellationToken cancellationToken)
   at Npgsql.EntityFrameworkCore.PostgreSQL.Storage.Internal.NpgsqlExecutionStrategy.ExecuteAsync[TState,TResult](TState state, Func`4 operation, Func`4 verifySucceeded, CancellationToken cancellationToken)
   at Microsoft.EntityFrameworkCore.Query.Internal.SingleQueryingEnumerable`1.AsyncEnumerator.MoveNextAsync()
  Exception data:
    Severity: ERROR
    SqlState: 42703
    MessageText: column n.CompanyId does not exist
    Position: 16
    File: parse_relation.c
    Line: 3827
    Routine: errorMissingColumn
2026-05-31 22:22:53.444 +05:30 [ERR] Flowtap_Infrastructure.BackgroundJobs.SmsDispatchService: Error processing SMS notification queue
Npgsql.PostgresException (0x80004005): 42703: column n.CompanyId does not exist

POSITION: 16
   at Npgsql.Internal.NpgsqlConnector.ReadMessageLong(Boolean async, DataRowLoadingMode dataRowLoadingMode, Boolean readingNotifications, Boolean isReadingPrependedMessage)
   at System.Runtime.CompilerServices.PoolingAsyncValueTaskMethodBuilder`1.StateMachineBox`1.System.Threading.Tasks.Sources.IValueTaskSource<TResult>.GetResult(Int16 token)
   at Npgsql.NpgsqlDataReader.NextResult(Boolean async, Boolean isConsuming, CancellationToken cancellationToken)
   at Npgsql.NpgsqlDataReader.NextResult(Boolean async, Boolean isConsuming, CancellationToken cancellationToken)
   at Npgsql.NpgsqlCommand.ExecuteReader(Boolean async, CommandBehavior behavior, CancellationToken cancellationToken)
   at Npgsql.NpgsqlCommand.ExecuteReader(Boolean async, CommandBehavior behavior, CancellationToken cancellationToken)
   at Npgsql.NpgsqlCommand.ExecuteDbDataReaderAsync(CommandBehavior behavior, CancellationToken cancellationToken)
   at Microsoft.EntityFrameworkCore.Storage.RelationalCommand.ExecuteReaderAsync(RelationalCommandParameterObject parameterObject, CancellationToken cancellationToken)
   at Microsoft.EntityFrameworkCore.Storage.RelationalCommand.ExecuteReaderAsync(RelationalCommandParameterObject parameterObject, CancellationToken cancellationToken)
   at Microsoft.EntityFrameworkCore.Query.Internal.SingleQueryingEnumerable`1.AsyncEnumerator.InitializeReaderAsync(AsyncEnumerator enumerator, CancellationToken cancellationToken)
   at Npgsql.EntityFrameworkCore.PostgreSQL.Storage.Internal.NpgsqlExecutionStrategy.ExecuteAsync[TState,TResult](TState state, Func`4 operation, Func`4 verifySucceeded, CancellationToken cancellationToken)
   at Microsoft.EntityFrameworkCore.Query.Internal.SingleQueryingEnumerable`1.AsyncEnumerator.MoveNextAsync()
   at Microsoft.EntityFrameworkCore.EntityFrameworkQueryableExtensions.ToListAsync[TSource](IQueryable`1 source, CancellationToken cancellationToken)
   at Microsoft.EntityFrameworkCore.EntityFrameworkQueryableExtensions.ToListAsync[TSource](IQueryable`1 source, CancellationToken cancellationToken)
   at Flowtap_Infrastructure.BackgroundJobs.SmsDispatchService.ProcessPendingSmsAsync(CancellationToken ct) in D:\Git\Flowtap_MultiSaas_Backend_modern\SharedCore\Flowtap_Infrastructure\BackgroundJobs\SmsDispatchService.cs:line 45
   at Flowtap_Infrastructure.BackgroundJobs.SmsDispatchService.ExecuteAsync(CancellationToken stoppingToken) in D:\Git\Flowtap_MultiSaas_Backend_modern\SharedCore\Flowtap_Infrastructure\BackgroundJobs\SmsDispatchService.cs:line 29
  Exception data:
    Severity: ERROR
    SqlState: 42703
    MessageText: column n.CompanyId does not exist
    Position: 16
    File: parse_relation.c
    Line: 3827
    Routine: errorMissingColumn
2026-05-31 22:22:53.487 +05:30 [ERR] Flowtap_Infrastructure.BackgroundJobs.WhatsAppDispatchService: Error processing WhatsApp notification queue
Npgsql.PostgresException (0x80004005): 42703: column n.CompanyId does not exist

POSITION: 16
   at Npgsql.Internal.NpgsqlConnector.ReadMessageLong(Boolean async, DataRowLoadingMode dataRowLoadingMode, Boolean readingNotifications, Boolean isReadingPrependedMessage)
   at System.Runtime.CompilerServices.PoolingAsyncValueTaskMethodBuilder`1.StateMachineBox`1.System.Threading.Tasks.Sources.IValueTaskSource<TResult>.GetResult(Int16 token)
   at Npgsql.NpgsqlDataReader.NextResult(Boolean async, Boolean isConsuming, CancellationToken cancellationToken)
   at Npgsql.NpgsqlDataReader.NextResult(Boolean async, Boolean isConsuming, CancellationToken cancellationToken)
   at Npgsql.NpgsqlCommand.ExecuteReader(Boolean async, CommandBehavior behavior, CancellationToken cancellationToken)
   at Npgsql.NpgsqlCommand.ExecuteReader(Boolean async, CommandBehavior behavior, CancellationToken cancellationToken)
   at Npgsql.NpgsqlCommand.ExecuteDbDataReaderAsync(CommandBehavior behavior, CancellationToken cancellationToken)
   at Microsoft.EntityFrameworkCore.Storage.RelationalCommand.ExecuteReaderAsync(RelationalCommandParameterObject parameterObject, CancellationToken cancellationToken)
   at Microsoft.EntityFrameworkCore.Storage.RelationalCommand.ExecuteReaderAsync(RelationalCommandParameterObject parameterObject, CancellationToken cancellationToken)
   at Microsoft.EntityFrameworkCore.Query.Internal.SingleQueryingEnumerable`1.AsyncEnumerator.InitializeReaderAsync(AsyncEnumerator enumerator, CancellationToken cancellationToken)
   at Npgsql.EntityFrameworkCore.PostgreSQL.Storage.Internal.NpgsqlExecutionStrategy.ExecuteAsync[TState,TResult](TState state, Func`4 operation, Func`4 verifySucceeded, CancellationToken cancellationToken)
   at Microsoft.EntityFrameworkCore.Query.Internal.SingleQueryingEnumerable`1.AsyncEnumerator.MoveNextAsync()
   at Microsoft.EntityFrameworkCore.EntityFrameworkQueryableExtensions.ToListAsync[TSource](IQueryable`1 source, CancellationToken cancellationToken)
   at Microsoft.EntityFrameworkCore.EntityFrameworkQueryableExtensions.ToListAsync[TSource](IQueryable`1 source, CancellationToken cancellationToken)
   at Flowtap_Infrastructure.BackgroundJobs.WhatsAppDispatchService.ProcessPendingWhatsAppAsync(CancellationToken ct) in D:\Git\Flowtap_MultiSaas_Backend_modern\SharedCore\Flowtap_Infrastructure\BackgroundJobs\WhatsAppDispatchService.cs:line 45
   at Flowtap_Infrastructure.BackgroundJobs.WhatsAppDispatchService.ExecuteAsync(CancellationToken stoppingToken) in D:\Git\Flowtap_MultiSaas_Backend_modern\SharedCore\Flowtap_Infrastructure\BackgroundJobs\WhatsAppDispatchService.cs:line 29
  Exception data:
    Severity: ERROR
    SqlState: 42703
    MessageText: column n.CompanyId does not exist
    Position: 16
    File: parse_relation.c
    Line: 3827
    Routine: errorMissingColumn
2026-05-31 22:23:22.311 +05:30 [DBG] Hangfire.Server.ServerHeartbeatProcess: Server antonyraj:19416:42ccf628 heartbeat successfully sent
2026-05-31 22:23:22.673 +05:30 [ERR] Microsoft.EntityFrameworkCore.Database.Command: Failed executing DbCommand (3ms) [Parameters=[@__p_0='?' (DbType = Int32)], CommandType='"Text"', CommandTimeout='30']
SELECT n."Id", n."CompanyId", n."CreatedAt", n."CreatedBy", n."Error", n."Payload", n."Recipient", n."RetryCount", n."SentAt", n."Status", n."Subject", n."Type", n."UpdatedAt", n."UpdatedBy"
FROM "NotificationQueues" AS n
WHERE n."Type" = 'Email' AND n."SentAt" IS NULL AND n."RetryCount" < 3
LIMIT @__p_0
2026-05-31 22:23:22.678 +05:30 [ERR] Microsoft.EntityFrameworkCore.Query: An exception occurred while iterating over the results of a query for context type 'Flowtap_Infrastructure.Persistence.DbContext.ApplicationDbContext'.
Npgsql.PostgresException (0x80004005): 42703: column n.CompanyId does not exist

POSITION: 16
   at Npgsql.Internal.NpgsqlConnector.ReadMessageLong(Boolean async, DataRowLoadingMode dataRowLoadingMode, Boolean readingNotifications, Boolean isReadingPrependedMessage)
   at System.Runtime.CompilerServices.PoolingAsyncValueTaskMethodBuilder`1.StateMachineBox`1.System.Threading.Tasks.Sources.IValueTaskSource<TResult>.GetResult(Int16 token)
   at Npgsql.NpgsqlDataReader.NextResult(Boolean async, Boolean isConsuming, CancellationToken cancellationToken)
   at Npgsql.NpgsqlDataReader.NextResult(Boolean async, Boolean isConsuming, CancellationToken cancellationToken)
   at Npgsql.NpgsqlCommand.ExecuteReader(Boolean async, CommandBehavior behavior, CancellationToken cancellationToken)
   at Npgsql.NpgsqlCommand.ExecuteReader(Boolean async, CommandBehavior behavior, CancellationToken cancellationToken)
   at Npgsql.NpgsqlCommand.ExecuteDbDataReaderAsync(CommandBehavior behavior, CancellationToken cancellationToken)
   at Microsoft.EntityFrameworkCore.Storage.RelationalCommand.ExecuteReaderAsync(RelationalCommandParameterObject parameterObject, CancellationToken cancellationToken)
   at Microsoft.EntityFrameworkCore.Storage.RelationalCommand.ExecuteReaderAsync(RelationalCommandParameterObject parameterObject, CancellationToken cancellationToken)
   at Microsoft.EntityFrameworkCore.Query.Internal.SingleQueryingEnumerable`1.AsyncEnumerator.InitializeReaderAsync(AsyncEnumerator enumerator, CancellationToken cancellationToken)
   at Npgsql.EntityFrameworkCore.PostgreSQL.Storage.Internal.NpgsqlExecutionStrategy.ExecuteAsync[TState,TResult](TState state, Func`4 operation, Func`4 verifySucceeded, CancellationToken cancellationToken)
   at Microsoft.EntityFrameworkCore.Query.Internal.SingleQueryingEnumerable`1.AsyncEnumerator.MoveNextAsync()
  Exception data:
    Severity: ERROR
    SqlState: 42703
    MessageText: column n.CompanyId does not exist
    Position: 16
    File: parse_relation.c
    Line: 3827
    Routine: errorMissingColumn
Npgsql.PostgresException (0x80004005): 42703: column n.CompanyId does not exist

POSITION: 16
   at Npgsql.Internal.NpgsqlConnector.ReadMessageLong(Boolean async, DataRowLoadingMode dataRowLoadingMode, Boolean readingNotifications, Boolean isReadingPrependedMessage)
   at System.Runtime.CompilerServices.PoolingAsyncValueTaskMethodBuilder`1.StateMachineBox`1.System.Threading.Tasks.Sources.IValueTaskSource<TResult>.GetResult(Int16 token)
   at Npgsql.NpgsqlDataReader.NextResult(Boolean async, Boolean isConsuming, CancellationToken cancellationToken)
   at Npgsql.NpgsqlDataReader.NextResult(Boolean async, Boolean isConsuming, CancellationToken cancellationToken)
   at Npgsql.NpgsqlCommand.ExecuteReader(Boolean async, CommandBehavior behavior, CancellationToken cancellationToken)
   at Npgsql.NpgsqlCommand.ExecuteReader(Boolean async, CommandBehavior behavior, CancellationToken cancellationToken)
   at Npgsql.NpgsqlCommand.ExecuteDbDataReaderAsync(CommandBehavior behavior, CancellationToken cancellationToken)
   at Microsoft.EntityFrameworkCore.Storage.RelationalCommand.ExecuteReaderAsync(RelationalCommandParameterObject parameterObject, CancellationToken cancellationToken)
   at Microsoft.EntityFrameworkCore.Storage.RelationalCommand.ExecuteReaderAsync(RelationalCommandParameterObject parameterObject, CancellationToken cancellationToken)
   at Microsoft.EntityFrameworkCore.Query.Internal.SingleQueryingEnumerable`1.AsyncEnumerator.InitializeReaderAsync(AsyncEnumerator enumerator, CancellationToken cancellationToken)
   at Npgsql.EntityFrameworkCore.PostgreSQL.Storage.Internal.NpgsqlExecutionStrategy.ExecuteAsync[TState,TResult](TState state, Func`4 operation, Func`4 verifySucceeded, CancellationToken cancellationToken)
   at Microsoft.EntityFrameworkCore.Query.Internal.SingleQueryingEnumerable`1.AsyncEnumerator.MoveNextAsync()
  Exception data:
    Severity: ERROR
    SqlState: 42703
    MessageText: column n.CompanyId does not exist
    Position: 16
    File: parse_relation.c
    Line: 3827
    Routine: errorMissingColumn
2026-05-31 22:23:22.790 +05:30 [ERR] Flowtap_Infrastructure.BackgroundJobs.EmailDispatchService: Error processing notification queue
Npgsql.PostgresException (0x80004005): 42703: column n.CompanyId does not exist

POSITION: 16
   at Npgsql.Internal.NpgsqlConnector.ReadMessageLong(Boolean async, DataRowLoadingMode dataRowLoadingMode, Boolean readingNotifications, Boolean isReadingPrependedMessage)
   at System.Runtime.CompilerServices.PoolingAsyncValueTaskMethodBuilder`1.StateMachineBox`1.System.Threading.Tasks.Sources.IValueTaskSource<TResult>.GetResult(Int16 token)
   at Npgsql.NpgsqlDataReader.NextResult(Boolean async, Boolean isConsuming, CancellationToken cancellationToken)
   at Npgsql.NpgsqlDataReader.NextResult(Boolean async, Boolean isConsuming, CancellationToken cancellationToken)
   at Npgsql.NpgsqlCommand.ExecuteReader(Boolean async, CommandBehavior behavior, CancellationToken cancellationToken)
   at Npgsql.NpgsqlCommand.ExecuteReader(Boolean async, CommandBehavior behavior, CancellationToken cancellationToken)
   at Npgsql.NpgsqlCommand.ExecuteDbDataReaderAsync(CommandBehavior behavior, CancellationToken cancellationToken)
   at Microsoft.EntityFrameworkCore.Storage.RelationalCommand.ExecuteReaderAsync(RelationalCommandParameterObject parameterObject, CancellationToken cancellationToken)
   at Microsoft.EntityFrameworkCore.Storage.RelationalCommand.ExecuteReaderAsync(RelationalCommandParameterObject parameterObject, CancellationToken cancellationToken)
   at Microsoft.EntityFrameworkCore.Query.Internal.SingleQueryingEnumerable`1.AsyncEnumerator.InitializeReaderAsync(AsyncEnumerator enumerator, CancellationToken cancellationToken)
   at Npgsql.EntityFrameworkCore.PostgreSQL.Storage.Internal.NpgsqlExecutionStrategy.ExecuteAsync[TState,TResult](TState state, Func`4 operation, Func`4 verifySucceeded, CancellationToken cancellationToken)
   at Microsoft.EntityFrameworkCore.Query.Internal.SingleQueryingEnumerable`1.AsyncEnumerator.MoveNextAsync()
   at Microsoft.EntityFrameworkCore.EntityFrameworkQueryableExtensions.ToListAsync[TSource](IQueryable`1 source, CancellationToken cancellationToken)
   at Microsoft.EntityFrameworkCore.EntityFrameworkQueryableExtensions.ToListAsync[TSource](IQueryable`1 source, CancellationToken cancellationToken)
   at Flowtap_Infrastructure.BackgroundJobs.EmailDispatchService.ProcessPendingEmailsAsync(CancellationToken ct) in D:\Git\Flowtap_MultiSaas_Backend_modern\SharedCore\Flowtap_Infrastructure\BackgroundJobs\EmailDispatchService.cs:line 35
   at Flowtap_Infrastructure.BackgroundJobs.EmailDispatchService.ExecuteAsync(CancellationToken stoppingToken) in D:\Git\Flowtap_MultiSaas_Backend_modern\SharedCore\Flowtap_Infrastructure\BackgroundJobs\EmailDispatchService.cs:line 19
  Exception data:
    Severity: ERROR
    SqlState: 42703
    MessageText: column n.CompanyId does not exist
    Position: 16
    File: parse_relation.c
    Line: 3827
    Routine: errorMissingColumn
2026-05-31 22:23:23.522 +05:30 [ERR] Microsoft.EntityFrameworkCore.Database.Command: Failed executing DbCommand (2ms) [Parameters=[@__p_0='?' (DbType = Int32)], CommandType='"Text"', CommandTimeout='30']
SELECT n."Id", n."CompanyId", n."CreatedAt", n."CreatedBy", n."Error", n."Payload", n."Recipient", n."RetryCount", n."SentAt", n."Status", n."Subject", n."Type", n."UpdatedAt", n."UpdatedBy"
FROM "NotificationQueues" AS n
WHERE n."Type" = 'Sms' AND n."SentAt" IS NULL AND n."RetryCount" < 3
LIMIT @__p_0
2026-05-31 22:23:23.539 +05:30 [ERR] Microsoft.EntityFrameworkCore.Database.Command: Failed executing DbCommand (2ms) [Parameters=[@__p_0='?' (DbType = Int32)], CommandType='"Text"', CommandTimeout='30']
SELECT n."Id", n."CompanyId", n."CreatedAt", n."CreatedBy", n."Error", n."Payload", n."Recipient", n."RetryCount", n."SentAt", n."Status", n."Subject", n."Type", n."UpdatedAt", n."UpdatedBy"
FROM "NotificationQueues" AS n
WHERE n."Type" = 'WhatsApp' AND n."SentAt" IS NULL AND n."RetryCount" < 3
LIMIT @__p_0
2026-05-31 22:23:23.556 +05:30 [ERR] Microsoft.EntityFrameworkCore.Query: An exception occurred while iterating over the results of a query for context type 'Flowtap_Infrastructure.Persistence.DbContext.ApplicationDbContext'.
Npgsql.PostgresException (0x80004005): 42703: column n.CompanyId does not exist

POSITION: 16
   at Npgsql.Internal.NpgsqlConnector.ReadMessageLong(Boolean async, DataRowLoadingMode dataRowLoadingMode, Boolean readingNotifications, Boolean isReadingPrependedMessage)
   at System.Runtime.CompilerServices.PoolingAsyncValueTaskMethodBuilder`1.StateMachineBox`1.System.Threading.Tasks.Sources.IValueTaskSource<TResult>.GetResult(Int16 token)
   at Npgsql.NpgsqlDataReader.NextResult(Boolean async, Boolean isConsuming, CancellationToken cancellationToken)
   at Npgsql.NpgsqlDataReader.NextResult(Boolean async, Boolean isConsuming, CancellationToken cancellationToken)
   at Npgsql.NpgsqlCommand.ExecuteReader(Boolean async, CommandBehavior behavior, CancellationToken cancellationToken)
   at Npgsql.NpgsqlCommand.ExecuteReader(Boolean async, CommandBehavior behavior, CancellationToken cancellationToken)
   at Npgsql.NpgsqlCommand.ExecuteDbDataReaderAsync(CommandBehavior behavior, CancellationToken cancellationToken)
   at Microsoft.EntityFrameworkCore.Storage.RelationalCommand.ExecuteReaderAsync(RelationalCommandParameterObject parameterObject, CancellationToken cancellationToken)
   at Microsoft.EntityFrameworkCore.Storage.RelationalCommand.ExecuteReaderAsync(RelationalCommandParameterObject parameterObject, CancellationToken cancellationToken)
   at Microsoft.EntityFrameworkCore.Query.Internal.SingleQueryingEnumerable`1.AsyncEnumerator.InitializeReaderAsync(AsyncEnumerator enumerator, CancellationToken cancellationToken)
   at Npgsql.EntityFrameworkCore.PostgreSQL.Storage.Internal.NpgsqlExecutionStrategy.ExecuteAsync[TState,TResult](TState state, Func`4 operation, Func`4 verifySucceeded, CancellationToken cancellationToken)
   at Microsoft.EntityFrameworkCore.Query.Internal.SingleQueryingEnumerable`1.AsyncEnumerator.MoveNextAsync()
  Exception data:
    Severity: ERROR
    SqlState: 42703
    MessageText: column n.CompanyId does not exist
    Position: 16
    File: parse_relation.c
    Line: 3827
    Routine: errorMissingColumn
Npgsql.PostgresException (0x80004005): 42703: column n.CompanyId does not exist

POSITION: 16
   at Npgsql.Internal.NpgsqlConnector.ReadMessageLong(Boolean async, DataRowLoadingMode dataRowLoadingMode, Boolean readingNotifications, Boolean isReadingPrependedMessage)
   at System.Runtime.CompilerServices.PoolingAsyncValueTaskMethodBuilder`1.StateMachineBox`1.System.Threading.Tasks.Sources.IValueTaskSource<TResult>.GetResult(Int16 token)
   at Npgsql.NpgsqlDataReader.NextResult(Boolean async, Boolean isConsuming, CancellationToken cancellationToken)
   at Npgsql.NpgsqlDataReader.NextResult(Boolean async, Boolean isConsuming, CancellationToken cancellationToken)
   at Npgsql.NpgsqlCommand.ExecuteReader(Boolean async, CommandBehavior behavior, CancellationToken cancellationToken)
   at Npgsql.NpgsqlCommand.ExecuteReader(Boolean async, CommandBehavior behavior, CancellationToken cancellationToken)
   at Npgsql.NpgsqlCommand.ExecuteDbDataReaderAsync(CommandBehavior behavior, CancellationToken cancellationToken)
   at Microsoft.EntityFrameworkCore.Storage.RelationalCommand.ExecuteReaderAsync(RelationalCommandParameterObject parameterObject, CancellationToken cancellationToken)
   at Microsoft.EntityFrameworkCore.Storage.RelationalCommand.ExecuteReaderAsync(RelationalCommandParameterObject parameterObject, CancellationToken cancellationToken)
   at Microsoft.EntityFrameworkCore.Query.Internal.SingleQueryingEnumerable`1.AsyncEnumerator.InitializeReaderAsync(AsyncEnumerator enumerator, CancellationToken cancellationToken)
   at Npgsql.EntityFrameworkCore.PostgreSQL.Storage.Internal.NpgsqlExecutionStrategy.ExecuteAsync[TState,TResult](TState state, Func`4 operation, Func`4 verifySucceeded, CancellationToken cancellationToken)
   at Microsoft.EntityFrameworkCore.Query.Internal.SingleQueryingEnumerable`1.AsyncEnumerator.MoveNextAsync()
  Exception data:
    Severity: ERROR
    SqlState: 42703
    MessageText: column n.CompanyId does not exist
    Position: 16
    File: parse_relation.c
    Line: 3827
    Routine: errorMissingColumn
2026-05-31 22:23:23.557 +05:30 [ERR] Microsoft.EntityFrameworkCore.Query: An exception occurred while iterating over the results of a query for context type 'Flowtap_Infrastructure.Persistence.DbContext.ApplicationDbContext'.
Npgsql.PostgresException (0x80004005): 42703: column n.CompanyId does not exist

POSITION: 16
   at Npgsql.Internal.NpgsqlConnector.ReadMessageLong(Boolean async, DataRowLoadingMode dataRowLoadingMode, Boolean readingNotifications, Boolean isReadingPrependedMessage)
   at System.Runtime.CompilerServices.PoolingAsyncValueTaskMethodBuilder`1.StateMachineBox`1.System.Threading.Tasks.Sources.IValueTaskSource<TResult>.GetResult(Int16 token)
   at Npgsql.NpgsqlDataReader.NextResult(Boolean async, Boolean isConsuming, CancellationToken cancellationToken)
   at Npgsql.NpgsqlDataReader.NextResult(Boolean async, Boolean isConsuming, CancellationToken cancellationToken)
   at Npgsql.NpgsqlCommand.ExecuteReader(Boolean async, CommandBehavior behavior, CancellationToken cancellationToken)
   at Npgsql.NpgsqlCommand.ExecuteReader(Boolean async, CommandBehavior behavior, CancellationToken cancellationToken)
   at Npgsql.NpgsqlCommand.ExecuteDbDataReaderAsync(CommandBehavior behavior, CancellationToken cancellationToken)
   at Microsoft.EntityFrameworkCore.Storage.RelationalCommand.ExecuteReaderAsync(RelationalCommandParameterObject parameterObject, CancellationToken cancellationToken)
   at Microsoft.EntityFrameworkCore.Storage.RelationalCommand.ExecuteReaderAsync(RelationalCommandParameterObject parameterObject, CancellationToken cancellationToken)
   at Microsoft.EntityFrameworkCore.Query.Internal.SingleQueryingEnumerable`1.AsyncEnumerator.InitializeReaderAsync(AsyncEnumerator enumerator, CancellationToken cancellationToken)
   at Npgsql.EntityFrameworkCore.PostgreSQL.Storage.Internal.NpgsqlExecutionStrategy.ExecuteAsync[TState,TResult](TState state, Func`4 operation, Func`4 verifySucceeded, CancellationToken cancellationToken)
   at Microsoft.EntityFrameworkCore.Query.Internal.SingleQueryingEnumerable`1.AsyncEnumerator.MoveNextAsync()
  Exception data:
    Severity: ERROR
    SqlState: 42703
    MessageText: column n.CompanyId does not exist
    Position: 16
    File: parse_relation.c
    Line: 3827
    Routine: errorMissingColumn
Npgsql.PostgresException (0x80004005): 42703: column n.CompanyId does not exist

POSITION: 16
   at Npgsql.Internal.NpgsqlConnector.ReadMessageLong(Boolean async, DataRowLoadingMode dataRowLoadingMode, Boolean readingNotifications, Boolean isReadingPrependedMessage)
   at System.Runtime.CompilerServices.PoolingAsyncValueTaskMethodBuilder`1.StateMachineBox`1.System.Threading.Tasks.Sources.IValueTaskSource<TResult>.GetResult(Int16 token)
   at Npgsql.NpgsqlDataReader.NextResult(Boolean async, Boolean isConsuming, CancellationToken cancellationToken)
   at Npgsql.NpgsqlDataReader.NextResult(Boolean async, Boolean isConsuming, CancellationToken cancellationToken)
   at Npgsql.NpgsqlCommand.ExecuteReader(Boolean async, CommandBehavior behavior, CancellationToken cancellationToken)
   at Npgsql.NpgsqlCommand.ExecuteReader(Boolean async, CommandBehavior behavior, CancellationToken cancellationToken)
   at Npgsql.NpgsqlCommand.ExecuteDbDataReaderAsync(CommandBehavior behavior, CancellationToken cancellationToken)
   at Microsoft.EntityFrameworkCore.Storage.RelationalCommand.ExecuteReaderAsync(RelationalCommandParameterObject parameterObject, CancellationToken cancellationToken)
   at Microsoft.EntityFrameworkCore.Storage.RelationalCommand.ExecuteReaderAsync(RelationalCommandParameterObject parameterObject, CancellationToken cancellationToken)
   at Microsoft.EntityFrameworkCore.Query.Internal.SingleQueryingEnumerable`1.AsyncEnumerator.InitializeReaderAsync(AsyncEnumerator enumerator, CancellationToken cancellationToken)
   at Npgsql.EntityFrameworkCore.PostgreSQL.Storage.Internal.NpgsqlExecutionStrategy.ExecuteAsync[TState,TResult](TState state, Func`4 operation, Func`4 verifySucceeded, CancellationToken cancellationToken)
   at Microsoft.EntityFrameworkCore.Query.Internal.SingleQueryingEnumerable`1.AsyncEnumerator.MoveNextAsync()
  Exception data:
    Severity: ERROR
    SqlState: 42703
    MessageText: column n.CompanyId does not exist
    Position: 16
    File: parse_relation.c
    Line: 3827
    Routine: errorMissingColumn
2026-05-31 22:23:23.622 +05:30 [ERR] Flowtap_Infrastructure.BackgroundJobs.SmsDispatchService: Error processing SMS notification queue
Npgsql.PostgresException (0x80004005): 42703: column n.CompanyId does not exist

POSITION: 16
   at Npgsql.Internal.NpgsqlConnector.ReadMessageLong(Boolean async, DataRowLoadingMode dataRowLoadingMode, Boolean readingNotifications, Boolean isReadingPrependedMessage)
   at System.Runtime.CompilerServices.PoolingAsyncValueTaskMethodBuilder`1.StateMachineBox`1.System.Threading.Tasks.Sources.IValueTaskSource<TResult>.GetResult(Int16 token)
   at Npgsql.NpgsqlDataReader.NextResult(Boolean async, Boolean isConsuming, CancellationToken cancellationToken)
   at Npgsql.NpgsqlDataReader.NextResult(Boolean async, Boolean isConsuming, CancellationToken cancellationToken)
   at Npgsql.NpgsqlCommand.ExecuteReader(Boolean async, CommandBehavior behavior, CancellationToken cancellationToken)
   at Npgsql.NpgsqlCommand.ExecuteReader(Boolean async, CommandBehavior behavior, CancellationToken cancellationToken)
   at Npgsql.NpgsqlCommand.ExecuteDbDataReaderAsync(CommandBehavior behavior, CancellationToken cancellationToken)
   at Microsoft.EntityFrameworkCore.Storage.RelationalCommand.ExecuteReaderAsync(RelationalCommandParameterObject parameterObject, CancellationToken cancellationToken)
   at Microsoft.EntityFrameworkCore.Storage.RelationalCommand.ExecuteReaderAsync(RelationalCommandParameterObject parameterObject, CancellationToken cancellationToken)
   at Microsoft.EntityFrameworkCore.Query.Internal.SingleQueryingEnumerable`1.AsyncEnumerator.InitializeReaderAsync(AsyncEnumerator enumerator, CancellationToken cancellationToken)
   at Npgsql.EntityFrameworkCore.PostgreSQL.Storage.Internal.NpgsqlExecutionStrategy.ExecuteAsync[TState,TResult](TState state, Func`4 operation, Func`4 verifySucceeded, CancellationToken cancellationToken)
   at Microsoft.EntityFrameworkCore.Query.Internal.SingleQueryingEnumerable`1.AsyncEnumerator.MoveNextAsync()
   at Microsoft.EntityFrameworkCore.EntityFrameworkQueryableExtensions.ToListAsync[TSource](IQueryable`1 source, CancellationToken cancellationToken)
   at Microsoft.EntityFrameworkCore.EntityFrameworkQueryableExtensions.ToListAsync[TSource](IQueryable`1 source, CancellationToken cancellationToken)
   at Flowtap_Infrastructure.BackgroundJobs.SmsDispatchService.ProcessPendingSmsAsync(CancellationToken ct) in D:\Git\Flowtap_MultiSaas_Backend_modern\SharedCore\Flowtap_Infrastructure\BackgroundJobs\SmsDispatchService.cs:line 45
   at Flowtap_Infrastructure.BackgroundJobs.SmsDispatchService.ExecuteAsync(CancellationToken stoppingToken) in D:\Git\Flowtap_MultiSaas_Backend_modern\SharedCore\Flowtap_Infrastructure\BackgroundJobs\SmsDispatchService.cs:line 29
  Exception data:
    Severity: ERROR
    SqlState: 42703
    MessageText: column n.CompanyId does not exist
    Position: 16
    File: parse_relation.c
    Line: 3827
    Routine: errorMissingColumn
2026-05-31 22:23:23.683 +05:30 [ERR] Flowtap_Infrastructure.BackgroundJobs.WhatsAppDispatchService: Error processing WhatsApp notification queue
Npgsql.PostgresException (0x80004005): 42703: column n.CompanyId does not exist

POSITION: 16
   at Npgsql.Internal.NpgsqlConnector.ReadMessageLong(Boolean async, DataRowLoadingMode dataRowLoadingMode, Boolean readingNotifications, Boolean isReadingPrependedMessage)
   at System.Runtime.CompilerServices.PoolingAsyncValueTaskMethodBuilder`1.StateMachineBox`1.System.Threading.Tasks.Sources.IValueTaskSource<TResult>.GetResult(Int16 token)
   at Npgsql.NpgsqlDataReader.NextResult(Boolean async, Boolean isConsuming, CancellationToken cancellationToken)
   at Npgsql.NpgsqlDataReader.NextResult(Boolean async, Boolean isConsuming, CancellationToken cancellationToken)
   at Npgsql.NpgsqlCommand.ExecuteReader(Boolean async, CommandBehavior behavior, CancellationToken cancellationToken)
   at Npgsql.NpgsqlCommand.ExecuteReader(Boolean async, CommandBehavior behavior, CancellationToken cancellationToken)
   at Npgsql.NpgsqlCommand.ExecuteDbDataReaderAsync(CommandBehavior behavior, CancellationToken cancellationToken)
   at Microsoft.EntityFrameworkCore.Storage.RelationalCommand.ExecuteReaderAsync(RelationalCommandParameterObject parameterObject, CancellationToken cancellationToken)
   at Microsoft.EntityFrameworkCore.Storage.RelationalCommand.ExecuteReaderAsync(RelationalCommandParameterObject parameterObject, CancellationToken cancellationToken)
   at Microsoft.EntityFrameworkCore.Query.Internal.SingleQueryingEnumerable`1.AsyncEnumerator.InitializeReaderAsync(AsyncEnumerator enumerator, CancellationToken cancellationToken)
   at Npgsql.EntityFrameworkCore.PostgreSQL.Storage.Internal.NpgsqlExecutionStrategy.ExecuteAsync[TState,TResult](TState state, Func`4 operation, Func`4 verifySucceeded, CancellationToken cancellationToken)
   at Microsoft.EntityFrameworkCore.Query.Internal.SingleQueryingEnumerable`1.AsyncEnumerator.MoveNextAsync()
   at Microsoft.EntityFrameworkCore.EntityFrameworkQueryableExtensions.ToListAsync[TSource](IQueryable`1 source, CancellationToken cancellationToken)
   at Microsoft.EntityFrameworkCore.EntityFrameworkQueryableExtensions.ToListAsync[TSource](IQueryable`1 source, CancellationToken cancellationToken)
   at Flowtap_Infrastructure.BackgroundJobs.WhatsAppDispatchService.ProcessPendingWhatsAppAsync(CancellationToken ct) in D:\Git\Flowtap_MultiSaas_Backend_modern\SharedCore\Flowtap_Infrastructure\BackgroundJobs\WhatsAppDispatchService.cs:line 45
   at Flowtap_Infrastructure.BackgroundJobs.WhatsAppDispatchService.ExecuteAsync(CancellationToken stoppingToken) in D:\Git\Flowtap_MultiSaas_Backend_modern\SharedCore\Flowtap_Infrastructure\BackgroundJobs\WhatsAppDispatchService.cs:line 29
  Exception data:
    Severity: ERROR
    SqlState: 42703
    MessageText: column n.CompanyId does not exist
    Position: 16
    File: parse_relation.c
    Line: 3827
    Routine: errorMissingColumn
2026-05-31 22:23:43.623 +05:30 [DBG] Flowtap_Middleware.TenantMiddleware: Request for tenant 591b97e6-5334-4870-b151-1a695ad19310 at /api/v1/user-notifications/count
2026-05-31 22:23:43.645 +05:30 [INF] Microsoft.EntityFrameworkCore.Database.Command: Executed DbCommand (4ms) [Parameters=[@__8__locals1_tenantId_0='?' (DbType = Guid), @__now_1='?' (DbType = DateTime)], CommandType='"Text"', CommandTimeout='30']
SELECT EXISTS (
    SELECT 1
    FROM "CompanySubscriptions" AS c
    WHERE c."IsActive" AND c."CompanyId" = @__8__locals1_tenantId_0 AND c."Status" = 1 AND c."EndDate" > @__now_1)
2026-05-31 22:23:43.799 +05:30 [INF] Microsoft.EntityFrameworkCore.Database.Command: Executed DbCommand (4ms) [Parameters=[@__8__locals1_tenantId_0='?' (DbType = Guid), @__now_1='?' (DbType = DateTime)], CommandType='"Text"', CommandTimeout='30']
SELECT EXISTS (
    SELECT 1
    FROM "TrialPlans" AS t
    WHERE t."IsActive" AND t."CompanyId" = @__8__locals1_tenantId_0 AND NOT (t."IsExpired") AND t."TrialEndDate" > @__now_1)
2026-05-31 22:23:43.842 +05:30 [INF] Flowtap_Application.Common.Behaviors.LoggingBehavior: Handling GetUnreadNotificationCountQuery
2026-05-31 22:23:43.872 +05:30 [INF] Microsoft.EntityFrameworkCore.Database.Command: Executed DbCommand (3ms) [Parameters=[@__request_CompanyId_0='?' (DbType = Guid), @__request_UserId_1='?' (DbType = Guid)], CommandType='"Text"', CommandTimeout='30']
SELECT count(*)::int
FROM "UserNotifications" AS u
WHERE u."CompanyId" = @__request_CompanyId_0 AND u."UserId" = @__request_UserId_1 AND NOT (u."IsRead")
2026-05-31 22:23:43.900 +05:30 [INF] Flowtap_Application.Common.Behaviors.LoggingBehavior: Handled GetUnreadNotificationCountQuery
2026-05-31 22:23:43.912 +05:30 [INF] Flowtap_Middleware.RequestLoggingMiddleware: GET /api/v1/user-notifications/count → 200 | 289ms | Tenant: 591b97e6-5334-4870-b151-1a695ad19310
2026-05-31 22:23:52.309 +05:30 [DBG] Hangfire.Server.ServerHeartbeatProcess: Server antonyraj:19416:42ccf628 heartbeat successfully sent
2026-05-31 22:23:52.832 +05:30 [ERR] Microsoft.EntityFrameworkCore.Database.Command: Failed executing DbCommand (2ms) [Parameters=[@__p_0='?' (DbType = Int32)], CommandType='"Text"', CommandTimeout='30']
SELECT n."Id", n."CompanyId", n."CreatedAt", n."CreatedBy", n."Error", n."Payload", n."Recipient", n."RetryCount", n."SentAt", n."Status", n."Subject", n."Type", n."UpdatedAt", n."UpdatedBy"
FROM "NotificationQueues" AS n
WHERE n."Type" = 'Email' AND n."SentAt" IS NULL AND n."RetryCount" < 3
LIMIT @__p_0
2026-05-31 22:23:52.853 +05:30 [ERR] Microsoft.EntityFrameworkCore.Query: An exception occurred while iterating over the results of a query for context type 'Flowtap_Infrastructure.Persistence.DbContext.ApplicationDbContext'.
Npgsql.PostgresException (0x80004005): 42703: column n.CompanyId does not exist

POSITION: 16
   at Npgsql.Internal.NpgsqlConnector.ReadMessageLong(Boolean async, DataRowLoadingMode dataRowLoadingMode, Boolean readingNotifications, Boolean isReadingPrependedMessage)
   at System.Runtime.CompilerServices.PoolingAsyncValueTaskMethodBuilder`1.StateMachineBox`1.System.Threading.Tasks.Sources.IValueTaskSource<TResult>.GetResult(Int16 token)
   at Npgsql.NpgsqlDataReader.NextResult(Boolean async, Boolean isConsuming, CancellationToken cancellationToken)
   at Npgsql.NpgsqlDataReader.NextResult(Boolean async, Boolean isConsuming, CancellationToken cancellationToken)
   at Npgsql.NpgsqlCommand.ExecuteReader(Boolean async, CommandBehavior behavior, CancellationToken cancellationToken)
   at Npgsql.NpgsqlCommand.ExecuteReader(Boolean async, CommandBehavior behavior, CancellationToken cancellationToken)
   at Npgsql.NpgsqlCommand.ExecuteDbDataReaderAsync(CommandBehavior behavior, CancellationToken cancellationToken)
   at Microsoft.EntityFrameworkCore.Storage.RelationalCommand.ExecuteReaderAsync(RelationalCommandParameterObject parameterObject, CancellationToken cancellationToken)
   at Microsoft.EntityFrameworkCore.Storage.RelationalCommand.ExecuteReaderAsync(RelationalCommandParameterObject parameterObject, CancellationToken cancellationToken)
   at Microsoft.EntityFrameworkCore.Query.Internal.SingleQueryingEnumerable`1.AsyncEnumerator.InitializeReaderAsync(AsyncEnumerator enumerator, CancellationToken cancellationToken)
   at Npgsql.EntityFrameworkCore.PostgreSQL.Storage.Internal.NpgsqlExecutionStrategy.ExecuteAsync[TState,TResult](TState state, Func`4 operation, Func`4 verifySucceeded, CancellationToken cancellationToken)
   at Microsoft.EntityFrameworkCore.Query.Internal.SingleQueryingEnumerable`1.AsyncEnumerator.MoveNextAsync()
  Exception data:
    Severity: ERROR
    SqlState: 42703
    MessageText: column n.CompanyId does not exist
    Position: 16
    File: parse_relation.c
    Line: 3827
    Routine: errorMissingColumn
Npgsql.PostgresException (0x80004005): 42703: column n.CompanyId does not exist

POSITION: 16
   at Npgsql.Internal.NpgsqlConnector.ReadMessageLong(Boolean async, DataRowLoadingMode dataRowLoadingMode, Boolean readingNotifications, Boolean isReadingPrependedMessage)
   at System.Runtime.CompilerServices.PoolingAsyncValueTaskMethodBuilder`1.StateMachineBox`1.System.Threading.Tasks.Sources.IValueTaskSource<TResult>.GetResult(Int16 token)
   at Npgsql.NpgsqlDataReader.NextResult(Boolean async, Boolean isConsuming, CancellationToken cancellationToken)
   at Npgsql.NpgsqlDataReader.NextResult(Boolean async, Boolean isConsuming, CancellationToken cancellationToken)
   at Npgsql.NpgsqlCommand.ExecuteReader(Boolean async, CommandBehavior behavior, CancellationToken cancellationToken)
   at Npgsql.NpgsqlCommand.ExecuteReader(Boolean async, CommandBehavior behavior, CancellationToken cancellationToken)
   at Npgsql.NpgsqlCommand.ExecuteDbDataReaderAsync(CommandBehavior behavior, CancellationToken cancellationToken)
   at Microsoft.EntityFrameworkCore.Storage.RelationalCommand.ExecuteReaderAsync(RelationalCommandParameterObject parameterObject, CancellationToken cancellationToken)
   at Microsoft.EntityFrameworkCore.Storage.RelationalCommand.ExecuteReaderAsync(RelationalCommandParameterObject parameterObject, CancellationToken cancellationToken)
   at Microsoft.EntityFrameworkCore.Query.Internal.SingleQueryingEnumerable`1.AsyncEnumerator.InitializeReaderAsync(AsyncEnumerator enumerator, CancellationToken cancellationToken)
   at Npgsql.EntityFrameworkCore.PostgreSQL.Storage.Internal.NpgsqlExecutionStrategy.ExecuteAsync[TState,TResult](TState state, Func`4 operation, Func`4 verifySucceeded, CancellationToken cancellationToken)
   at Microsoft.EntityFrameworkCore.Query.Internal.SingleQueryingEnumerable`1.AsyncEnumerator.MoveNextAsync()
  Exception data:
    Severity: ERROR
    SqlState: 42703
    MessageText: column n.CompanyId does not exist
    Position: 16
    File: parse_relation.c
    Line: 3827
    Routine: errorMissingColumn
2026-05-31 22:23:52.904 +05:30 [ERR] Flowtap_Infrastructure.BackgroundJobs.EmailDispatchService: Error processing notification queue
Npgsql.PostgresException (0x80004005): 42703: column n.CompanyId does not exist

POSITION: 16
   at Npgsql.Internal.NpgsqlConnector.ReadMessageLong(Boolean async, DataRowLoadingMode dataRowLoadingMode, Boolean readingNotifications, Boolean isReadingPrependedMessage)
   at System.Runtime.CompilerServices.PoolingAsyncValueTaskMethodBuilder`1.StateMachineBox`1.System.Threading.Tasks.Sources.IValueTaskSource<TResult>.GetResult(Int16 token)
   at Npgsql.NpgsqlDataReader.NextResult(Boolean async, Boolean isConsuming, CancellationToken cancellationToken)
   at Npgsql.NpgsqlDataReader.NextResult(Boolean async, Boolean isConsuming, CancellationToken cancellationToken)
   at Npgsql.NpgsqlCommand.ExecuteReader(Boolean async, CommandBehavior behavior, CancellationToken cancellationToken)
   at Npgsql.NpgsqlCommand.ExecuteReader(Boolean async, CommandBehavior behavior, CancellationToken cancellationToken)
   at Npgsql.NpgsqlCommand.ExecuteDbDataReaderAsync(CommandBehavior behavior, CancellationToken cancellationToken)
   at Microsoft.EntityFrameworkCore.Storage.RelationalCommand.ExecuteReaderAsync(RelationalCommandParameterObject parameterObject, CancellationToken cancellationToken)
   at Microsoft.EntityFrameworkCore.Storage.RelationalCommand.ExecuteReaderAsync(RelationalCommandParameterObject parameterObject, CancellationToken cancellationToken)
   at Microsoft.EntityFrameworkCore.Query.Internal.SingleQueryingEnumerable`1.AsyncEnumerator.InitializeReaderAsync(AsyncEnumerator enumerator, CancellationToken cancellationToken)
   at Npgsql.EntityFrameworkCore.PostgreSQL.Storage.Internal.NpgsqlExecutionStrategy.ExecuteAsync[TState,TResult](TState state, Func`4 operation, Func`4 verifySucceeded, CancellationToken cancellationToken)
   at Microsoft.EntityFrameworkCore.Query.Internal.SingleQueryingEnumerable`1.AsyncEnumerator.MoveNextAsync()
   at Microsoft.EntityFrameworkCore.EntityFrameworkQueryableExtensions.ToListAsync[TSource](IQueryable`1 source, CancellationToken cancellationToken)
   at Microsoft.EntityFrameworkCore.EntityFrameworkQueryableExtensions.ToListAsync[TSource](IQueryable`1 source, CancellationToken cancellationToken)
   at Flowtap_Infrastructure.BackgroundJobs.EmailDispatchService.ProcessPendingEmailsAsync(CancellationToken ct) in D:\Git\Flowtap_MultiSaas_Backend_modern\SharedCore\Flowtap_Infrastructure\BackgroundJobs\EmailDispatchService.cs:line 35
   at Flowtap_Infrastructure.BackgroundJobs.EmailDispatchService.ExecuteAsync(CancellationToken stoppingToken) in D:\Git\Flowtap_MultiSaas_Backend_modern\SharedCore\Flowtap_Infrastructure\BackgroundJobs\EmailDispatchService.cs:line 19
  Exception data:
    Severity: ERROR
    SqlState: 42703
    MessageText: column n.CompanyId does not exist
    Position: 16
    File: parse_relation.c
    Line: 3827
    Routine: errorMissingColumn
2026-05-31 22:23:53.764 +05:30 [ERR] Microsoft.EntityFrameworkCore.Database.Command: Failed executing DbCommand (1ms) [Parameters=[@__p_0='?' (DbType = Int32)], CommandType='"Text"', CommandTimeout='30']
SELECT n."Id", n."CompanyId", n."CreatedAt", n."CreatedBy", n."Error", n."Payload", n."Recipient", n."RetryCount", n."SentAt", n."Status", n."Subject", n."Type", n."UpdatedAt", n."UpdatedBy"
FROM "NotificationQueues" AS n
WHERE n."Type" = 'Sms' AND n."SentAt" IS NULL AND n."RetryCount" < 3
LIMIT @__p_0
2026-05-31 22:23:53.802 +05:30 [ERR] Microsoft.EntityFrameworkCore.Query: An exception occurred while iterating over the results of a query for context type 'Flowtap_Infrastructure.Persistence.DbContext.ApplicationDbContext'.
Npgsql.PostgresException (0x80004005): 42703: column n.CompanyId does not exist

POSITION: 16
   at Npgsql.Internal.NpgsqlConnector.ReadMessageLong(Boolean async, DataRowLoadingMode dataRowLoadingMode, Boolean readingNotifications, Boolean isReadingPrependedMessage)
   at System.Runtime.CompilerServices.PoolingAsyncValueTaskMethodBuilder`1.StateMachineBox`1.System.Threading.Tasks.Sources.IValueTaskSource<TResult>.GetResult(Int16 token)
   at Npgsql.NpgsqlDataReader.NextResult(Boolean async, Boolean isConsuming, CancellationToken cancellationToken)
   at Npgsql.NpgsqlDataReader.NextResult(Boolean async, Boolean isConsuming, CancellationToken cancellationToken)
   at Npgsql.NpgsqlCommand.ExecuteReader(Boolean async, CommandBehavior behavior, CancellationToken cancellationToken)
   at Npgsql.NpgsqlCommand.ExecuteReader(Boolean async, CommandBehavior behavior, CancellationToken cancellationToken)
   at Npgsql.NpgsqlCommand.ExecuteDbDataReaderAsync(CommandBehavior behavior, CancellationToken cancellationToken)
   at Microsoft.EntityFrameworkCore.Storage.RelationalCommand.ExecuteReaderAsync(RelationalCommandParameterObject parameterObject, CancellationToken cancellationToken)
   at Microsoft.EntityFrameworkCore.Storage.RelationalCommand.ExecuteReaderAsync(RelationalCommandParameterObject parameterObject, CancellationToken cancellationToken)
   at Microsoft.EntityFrameworkCore.Query.Internal.SingleQueryingEnumerable`1.AsyncEnumerator.InitializeReaderAsync(AsyncEnumerator enumerator, CancellationToken cancellationToken)
   at Npgsql.EntityFrameworkCore.PostgreSQL.Storage.Internal.NpgsqlExecutionStrategy.ExecuteAsync[TState,TResult](TState state, Func`4 operation, Func`4 verifySucceeded, CancellationToken cancellationToken)
   at Microsoft.EntityFrameworkCore.Query.Internal.SingleQueryingEnumerable`1.AsyncEnumerator.MoveNextAsync()
  Exception data:
    Severity: ERROR
    SqlState: 42703
    MessageText: column n.CompanyId does not exist
    Position: 16
    File: parse_relation.c
    Line: 3827
    Routine: errorMissingColumn
Npgsql.PostgresException (0x80004005): 42703: column n.CompanyId does not exist

POSITION: 16
   at Npgsql.Internal.NpgsqlConnector.ReadMessageLong(Boolean async, DataRowLoadingMode dataRowLoadingMode, Boolean readingNotifications, Boolean isReadingPrependedMessage)
   at System.Runtime.CompilerServices.PoolingAsyncValueTaskMethodBuilder`1.StateMachineBox`1.System.Threading.Tasks.Sources.IValueTaskSource<TResult>.GetResult(Int16 token)
   at Npgsql.NpgsqlDataReader.NextResult(Boolean async, Boolean isConsuming, CancellationToken cancellationToken)
   at Npgsql.NpgsqlDataReader.NextResult(Boolean async, Boolean isConsuming, CancellationToken cancellationToken)
   at Npgsql.NpgsqlCommand.ExecuteReader(Boolean async, CommandBehavior behavior, CancellationToken cancellationToken)
   at Npgsql.NpgsqlCommand.ExecuteReader(Boolean async, CommandBehavior behavior, CancellationToken cancellationToken)
   at Npgsql.NpgsqlCommand.ExecuteDbDataReaderAsync(CommandBehavior behavior, CancellationToken cancellationToken)
   at Microsoft.EntityFrameworkCore.Storage.RelationalCommand.ExecuteReaderAsync(RelationalCommandParameterObject parameterObject, CancellationToken cancellationToken)
   at Microsoft.EntityFrameworkCore.Storage.RelationalCommand.ExecuteReaderAsync(RelationalCommandParameterObject parameterObject, CancellationToken cancellationToken)
   at Microsoft.EntityFrameworkCore.Query.Internal.SingleQueryingEnumerable`1.AsyncEnumerator.InitializeReaderAsync(AsyncEnumerator enumerator, CancellationToken cancellationToken)
   at Npgsql.EntityFrameworkCore.PostgreSQL.Storage.Internal.NpgsqlExecutionStrategy.ExecuteAsync[TState,TResult](TState state, Func`4 operation, Func`4 verifySucceeded, CancellationToken cancellationToken)
   at Microsoft.EntityFrameworkCore.Query.Internal.SingleQueryingEnumerable`1.AsyncEnumerator.MoveNextAsync()
  Exception data:
    Severity: ERROR
    SqlState: 42703
    MessageText: column n.CompanyId does not exist
    Position: 16
    File: parse_relation.c
    Line: 3827
    Routine: errorMissingColumn
2026-05-31 22:23:53.814 +05:30 [ERR] Microsoft.EntityFrameworkCore.Database.Command: Failed executing DbCommand (4ms) [Parameters=[@__p_0='?' (DbType = Int32)], CommandType='"Text"', CommandTimeout='30']
SELECT n."Id", n."CompanyId", n."CreatedAt", n."CreatedBy", n."Error", n."Payload", n."Recipient", n."RetryCount", n."SentAt", n."Status", n."Subject", n."Type", n."UpdatedAt", n."UpdatedBy"
FROM "NotificationQueues" AS n
WHERE n."Type" = 'WhatsApp' AND n."SentAt" IS NULL AND n."RetryCount" < 3
LIMIT @__p_0
2026-05-31 22:23:53.854 +05:30 [ERR] Flowtap_Infrastructure.BackgroundJobs.SmsDispatchService: Error processing SMS notification queue
Npgsql.PostgresException (0x80004005): 42703: column n.CompanyId does not exist

POSITION: 16
   at Npgsql.Internal.NpgsqlConnector.ReadMessageLong(Boolean async, DataRowLoadingMode dataRowLoadingMode, Boolean readingNotifications, Boolean isReadingPrependedMessage)
   at System.Runtime.CompilerServices.PoolingAsyncValueTaskMethodBuilder`1.StateMachineBox`1.System.Threading.Tasks.Sources.IValueTaskSource<TResult>.GetResult(Int16 token)
   at Npgsql.NpgsqlDataReader.NextResult(Boolean async, Boolean isConsuming, CancellationToken cancellationToken)
   at Npgsql.NpgsqlDataReader.NextResult(Boolean async, Boolean isConsuming, CancellationToken cancellationToken)
   at Npgsql.NpgsqlCommand.ExecuteReader(Boolean async, CommandBehavior behavior, CancellationToken cancellationToken)
   at Npgsql.NpgsqlCommand.ExecuteReader(Boolean async, CommandBehavior behavior, CancellationToken cancellationToken)
   at Npgsql.NpgsqlCommand.ExecuteDbDataReaderAsync(CommandBehavior behavior, CancellationToken cancellationToken)
   at Microsoft.EntityFrameworkCore.Storage.RelationalCommand.ExecuteReaderAsync(RelationalCommandParameterObject parameterObject, CancellationToken cancellationToken)
   at Microsoft.EntityFrameworkCore.Storage.RelationalCommand.ExecuteReaderAsync(RelationalCommandParameterObject parameterObject, CancellationToken cancellationToken)
   at Microsoft.EntityFrameworkCore.Query.Internal.SingleQueryingEnumerable`1.AsyncEnumerator.InitializeReaderAsync(AsyncEnumerator enumerator, CancellationToken cancellationToken)
   at Npgsql.EntityFrameworkCore.PostgreSQL.Storage.Internal.NpgsqlExecutionStrategy.ExecuteAsync[TState,TResult](TState state, Func`4 operation, Func`4 verifySucceeded, CancellationToken cancellationToken)
   at Microsoft.EntityFrameworkCore.Query.Internal.SingleQueryingEnumerable`1.AsyncEnumerator.MoveNextAsync()
   at Microsoft.EntityFrameworkCore.EntityFrameworkQueryableExtensions.ToListAsync[TSource](IQueryable`1 source, CancellationToken cancellationToken)
   at Microsoft.EntityFrameworkCore.EntityFrameworkQueryableExtensions.ToListAsync[TSource](IQueryable`1 source, CancellationToken cancellationToken)
   at Flowtap_Infrastructure.BackgroundJobs.SmsDispatchService.ProcessPendingSmsAsync(CancellationToken ct) in D:\Git\Flowtap_MultiSaas_Backend_modern\SharedCore\Flowtap_Infrastructure\BackgroundJobs\SmsDispatchService.cs:line 45
   at Flowtap_Infrastructure.BackgroundJobs.SmsDispatchService.ExecuteAsync(CancellationToken stoppingToken) in D:\Git\Flowtap_MultiSaas_Backend_modern\SharedCore\Flowtap_Infrastructure\BackgroundJobs\SmsDispatchService.cs:line 29
  Exception data:
    Severity: ERROR
    SqlState: 42703
    MessageText: column n.CompanyId does not exist
    Position: 16
    File: parse_relation.c
    Line: 3827
    Routine: errorMissingColumn
2026-05-31 22:23:53.866 +05:30 [ERR] Microsoft.EntityFrameworkCore.Query: An exception occurred while iterating over the results of a query for context type 'Flowtap_Infrastructure.Persistence.DbContext.ApplicationDbContext'.
Npgsql.PostgresException (0x80004005): 42703: column n.CompanyId does not exist

POSITION: 16
   at Npgsql.Internal.NpgsqlConnector.ReadMessageLong(Boolean async, DataRowLoadingMode dataRowLoadingMode, Boolean readingNotifications, Boolean isReadingPrependedMessage)
   at System.Runtime.CompilerServices.PoolingAsyncValueTaskMethodBuilder`1.StateMachineBox`1.System.Threading.Tasks.Sources.IValueTaskSource<TResult>.GetResult(Int16 token)
   at Npgsql.NpgsqlDataReader.NextResult(Boolean async, Boolean isConsuming, CancellationToken cancellationToken)
   at Npgsql.NpgsqlDataReader.NextResult(Boolean async, Boolean isConsuming, CancellationToken cancellationToken)
   at Npgsql.NpgsqlCommand.ExecuteReader(Boolean async, CommandBehavior behavior, CancellationToken cancellationToken)
   at Npgsql.NpgsqlCommand.ExecuteReader(Boolean async, CommandBehavior behavior, CancellationToken cancellationToken)
   at Npgsql.NpgsqlCommand.ExecuteDbDataReaderAsync(CommandBehavior behavior, CancellationToken cancellationToken)
   at Microsoft.EntityFrameworkCore.Storage.RelationalCommand.ExecuteReaderAsync(RelationalCommandParameterObject parameterObject, CancellationToken cancellationToken)
   at Microsoft.EntityFrameworkCore.Storage.RelationalCommand.ExecuteReaderAsync(RelationalCommandParameterObject parameterObject, CancellationToken cancellationToken)
   at Microsoft.EntityFrameworkCore.Query.Internal.SingleQueryingEnumerable`1.AsyncEnumerator.InitializeReaderAsync(AsyncEnumerator enumerator, CancellationToken cancellationToken)
   at Npgsql.EntityFrameworkCore.PostgreSQL.Storage.Internal.NpgsqlExecutionStrategy.ExecuteAsync[TState,TResult](TState state, Func`4 operation, Func`4 verifySucceeded, CancellationToken cancellationToken)
   at Microsoft.EntityFrameworkCore.Query.Internal.SingleQueryingEnumerable`1.AsyncEnumerator.MoveNextAsync()
  Exception data:
    Severity: ERROR
    SqlState: 42703
    MessageText: column n.CompanyId does not exist
    Position: 16
    File: parse_relation.c
    Line: 3827
    Routine: errorMissingColumn
Npgsql.PostgresException (0x80004005): 42703: column n.CompanyId does not exist

POSITION: 16
   at Npgsql.Internal.NpgsqlConnector.ReadMessageLong(Boolean async, DataRowLoadingMode dataRowLoadingMode, Boolean readingNotifications, Boolean isReadingPrependedMessage)
   at System.Runtime.CompilerServices.PoolingAsyncValueTaskMethodBuilder`1.StateMachineBox`1.System.Threading.Tasks.Sources.IValueTaskSource<TResult>.GetResult(Int16 token)
   at Npgsql.NpgsqlDataReader.NextResult(Boolean async, Boolean isConsuming, CancellationToken cancellationToken)
   at Npgsql.NpgsqlDataReader.NextResult(Boolean async, Boolean isConsuming, CancellationToken cancellationToken)
   at Npgsql.NpgsqlCommand.ExecuteReader(Boolean async, CommandBehavior behavior, CancellationToken cancellationToken)
   at Npgsql.NpgsqlCommand.ExecuteReader(Boolean async, CommandBehavior behavior, CancellationToken cancellationToken)
   at Npgsql.NpgsqlCommand.ExecuteDbDataReaderAsync(CommandBehavior behavior, CancellationToken cancellationToken)
   at Microsoft.EntityFrameworkCore.Storage.RelationalCommand.ExecuteReaderAsync(RelationalCommandParameterObject parameterObject, CancellationToken cancellationToken)
   at Microsoft.EntityFrameworkCore.Storage.RelationalCommand.ExecuteReaderAsync(RelationalCommandParameterObject parameterObject, CancellationToken cancellationToken)
   at Microsoft.EntityFrameworkCore.Query.Internal.SingleQueryingEnumerable`1.AsyncEnumerator.InitializeReaderAsync(AsyncEnumerator enumerator, CancellationToken cancellationToken)
   at Npgsql.EntityFrameworkCore.PostgreSQL.Storage.Internal.NpgsqlExecutionStrategy.ExecuteAsync[TState,TResult](TState state, Func`4 operation, Func`4 verifySucceeded, CancellationToken cancellationToken)
   at Microsoft.EntityFrameworkCore.Query.Internal.SingleQueryingEnumerable`1.AsyncEnumerator.MoveNextAsync()
  Exception data:
    Severity: ERROR
    SqlState: 42703
    MessageText: column n.CompanyId does not exist
    Position: 16
    File: parse_relation.c
    Line: 3827
    Routine: errorMissingColumn
2026-05-31 22:23:53.943 +05:30 [ERR] Flowtap_Infrastructure.BackgroundJobs.WhatsAppDispatchService: Error processing WhatsApp notification queue
Npgsql.PostgresException (0x80004005): 42703: column n.CompanyId does not exist

POSITION: 16
   at Npgsql.Internal.NpgsqlConnector.ReadMessageLong(Boolean async, DataRowLoadingMode dataRowLoadingMode, Boolean readingNotifications, Boolean isReadingPrependedMessage)
   at System.Runtime.CompilerServices.PoolingAsyncValueTaskMethodBuilder`1.StateMachineBox`1.System.Threading.Tasks.Sources.IValueTaskSource<TResult>.GetResult(Int16 token)
   at Npgsql.NpgsqlDataReader.NextResult(Boolean async, Boolean isConsuming, CancellationToken cancellationToken)
   at Npgsql.NpgsqlDataReader.NextResult(Boolean async, Boolean isConsuming, CancellationToken cancellationToken)
   at Npgsql.NpgsqlCommand.ExecuteReader(Boolean async, CommandBehavior behavior, CancellationToken cancellationToken)
   at Npgsql.NpgsqlCommand.ExecuteReader(Boolean async, CommandBehavior behavior, CancellationToken cancellationToken)
   at Npgsql.NpgsqlCommand.ExecuteDbDataReaderAsync(CommandBehavior behavior, CancellationToken cancellationToken)
   at Microsoft.EntityFrameworkCore.Storage.RelationalCommand.ExecuteReaderAsync(RelationalCommandParameterObject parameterObject, CancellationToken cancellationToken)
   at Microsoft.EntityFrameworkCore.Storage.RelationalCommand.ExecuteReaderAsync(RelationalCommandParameterObject parameterObject, CancellationToken cancellationToken)
   at Microsoft.EntityFrameworkCore.Query.Internal.SingleQueryingEnumerable`1.AsyncEnumerator.InitializeReaderAsync(AsyncEnumerator enumerator, CancellationToken cancellationToken)
   at Npgsql.EntityFrameworkCore.PostgreSQL.Storage.Internal.NpgsqlExecutionStrategy.ExecuteAsync[TState,TResult](TState state, Func`4 operation, Func`4 verifySucceeded, CancellationToken cancellationToken)
   at Microsoft.EntityFrameworkCore.Query.Internal.SingleQueryingEnumerable`1.AsyncEnumerator.MoveNextAsync()
   at Microsoft.EntityFrameworkCore.EntityFrameworkQueryableExtensions.ToListAsync[TSource](IQueryable`1 source, CancellationToken cancellationToken)
   at Microsoft.EntityFrameworkCore.EntityFrameworkQueryableExtensions.ToListAsync[TSource](IQueryable`1 source, CancellationToken cancellationToken)
   at Flowtap_Infrastructure.BackgroundJobs.WhatsAppDispatchService.ProcessPendingWhatsAppAsync(CancellationToken ct) in D:\Git\Flowtap_MultiSaas_Backend_modern\SharedCore\Flowtap_Infrastructure\BackgroundJobs\WhatsAppDispatchService.cs:line 45
   at Flowtap_Infrastructure.BackgroundJobs.WhatsAppDispatchService.ExecuteAsync(CancellationToken stoppingToken) in D:\Git\Flowtap_MultiSaas_Backend_modern\SharedCore\Flowtap_Infrastructure\BackgroundJobs\WhatsAppDispatchService.cs:line 29
  Exception data:
    Severity: ERROR
    SqlState: 42703
    MessageText: column n.CompanyId does not exist
    Position: 16
    File: parse_relation.c
    Line: 3827
    Routine: errorMissingColumn
2026-05-31 22:24:22.318 +05:30 [DBG] Hangfire.Server.ServerHeartbeatProcess: Server antonyraj:19416:42ccf628 heartbeat successfully sent
2026-05-31 22:24:22.963 +05:30 [ERR] Microsoft.EntityFrameworkCore.Database.Command: Failed executing DbCommand (3ms) [Parameters=[@__p_0='?' (DbType = Int32)], CommandType='"Text"', CommandTimeout='30']
SELECT n."Id", n."CompanyId", n."CreatedAt", n."CreatedBy", n."Error", n."Payload", n."Recipient", n."RetryCount", n."SentAt", n."Status", n."Subject", n."Type", n."UpdatedAt", n."UpdatedBy"
FROM "NotificationQueues" AS n
WHERE n."Type" = 'Email' AND n."SentAt" IS NULL AND n."RetryCount" < 3
LIMIT @__p_0
2026-05-31 22:24:22.969 +05:30 [ERR] Microsoft.EntityFrameworkCore.Query: An exception occurred while iterating over the results of a query for context type 'Flowtap_Infrastructure.Persistence.DbContext.ApplicationDbContext'.
Npgsql.PostgresException (0x80004005): 42703: column n.CompanyId does not exist

POSITION: 16
   at Npgsql.Internal.NpgsqlConnector.ReadMessageLong(Boolean async, DataRowLoadingMode dataRowLoadingMode, Boolean readingNotifications, Boolean isReadingPrependedMessage)
   at System.Runtime.CompilerServices.PoolingAsyncValueTaskMethodBuilder`1.StateMachineBox`1.System.Threading.Tasks.Sources.IValueTaskSource<TResult>.GetResult(Int16 token)
   at Npgsql.NpgsqlDataReader.NextResult(Boolean async, Boolean isConsuming, CancellationToken cancellationToken)
   at Npgsql.NpgsqlDataReader.NextResult(Boolean async, Boolean isConsuming, CancellationToken cancellationToken)
   at Npgsql.NpgsqlCommand.ExecuteReader(Boolean async, CommandBehavior behavior, CancellationToken cancellationToken)
   at Npgsql.NpgsqlCommand.ExecuteReader(Boolean async, CommandBehavior behavior, CancellationToken cancellationToken)
   at Npgsql.NpgsqlCommand.ExecuteDbDataReaderAsync(CommandBehavior behavior, CancellationToken cancellationToken)
   at Microsoft.EntityFrameworkCore.Storage.RelationalCommand.ExecuteReaderAsync(RelationalCommandParameterObject parameterObject, CancellationToken cancellationToken)
   at Microsoft.EntityFrameworkCore.Storage.RelationalCommand.ExecuteReaderAsync(RelationalCommandParameterObject parameterObject, CancellationToken cancellationToken)
   at Microsoft.EntityFrameworkCore.Query.Internal.SingleQueryingEnumerable`1.AsyncEnumerator.InitializeReaderAsync(AsyncEnumerator enumerator, CancellationToken cancellationToken)
   at Npgsql.EntityFrameworkCore.PostgreSQL.Storage.Internal.NpgsqlExecutionStrategy.ExecuteAsync[TState,TResult](TState state, Func`4 operation, Func`4 verifySucceeded, CancellationToken cancellationToken)
   at Microsoft.EntityFrameworkCore.Query.Internal.SingleQueryingEnumerable`1.AsyncEnumerator.MoveNextAsync()
  Exception data:
    Severity: ERROR
    SqlState: 42703
    MessageText: column n.CompanyId does not exist
    Position: 16
    File: parse_relation.c
    Line: 3827
    Routine: errorMissingColumn
Npgsql.PostgresException (0x80004005): 42703: column n.CompanyId does not exist

POSITION: 16
   at Npgsql.Internal.NpgsqlConnector.ReadMessageLong(Boolean async, DataRowLoadingMode dataRowLoadingMode, Boolean readingNotifications, Boolean isReadingPrependedMessage)
   at System.Runtime.CompilerServices.PoolingAsyncValueTaskMethodBuilder`1.StateMachineBox`1.System.Threading.Tasks.Sources.IValueTaskSource<TResult>.GetResult(Int16 token)
   at Npgsql.NpgsqlDataReader.NextResult(Boolean async, Boolean isConsuming, CancellationToken cancellationToken)
   at Npgsql.NpgsqlDataReader.NextResult(Boolean async, Boolean isConsuming, CancellationToken cancellationToken)
   at Npgsql.NpgsqlCommand.ExecuteReader(Boolean async, CommandBehavior behavior, CancellationToken cancellationToken)
   at Npgsql.NpgsqlCommand.ExecuteReader(Boolean async, CommandBehavior behavior, CancellationToken cancellationToken)
   at Npgsql.NpgsqlCommand.ExecuteDbDataReaderAsync(CommandBehavior behavior, CancellationToken cancellationToken)
   at Microsoft.EntityFrameworkCore.Storage.RelationalCommand.ExecuteReaderAsync(RelationalCommandParameterObject parameterObject, CancellationToken cancellationToken)
   at Microsoft.EntityFrameworkCore.Storage.RelationalCommand.ExecuteReaderAsync(RelationalCommandParameterObject parameterObject, CancellationToken cancellationToken)
   at Microsoft.EntityFrameworkCore.Query.Internal.SingleQueryingEnumerable`1.AsyncEnumerator.InitializeReaderAsync(AsyncEnumerator enumerator, CancellationToken cancellationToken)
   at Npgsql.EntityFrameworkCore.PostgreSQL.Storage.Internal.NpgsqlExecutionStrategy.ExecuteAsync[TState,TResult](TState state, Func`4 operation, Func`4 verifySucceeded, CancellationToken cancellationToken)
   at Microsoft.EntityFrameworkCore.Query.Internal.SingleQueryingEnumerable`1.AsyncEnumerator.MoveNextAsync()
  Exception data:
    Severity: ERROR
    SqlState: 42703
    MessageText: column n.CompanyId does not exist
    Position: 16
    File: parse_relation.c
    Line: 3827
    Routine: errorMissingColumn
2026-05-31 22:24:23.017 +05:30 [ERR] Flowtap_Infrastructure.BackgroundJobs.EmailDispatchService: Error processing notification queue
Npgsql.PostgresException (0x80004005): 42703: column n.CompanyId does not exist

POSITION: 16
   at Npgsql.Internal.NpgsqlConnector.ReadMessageLong(Boolean async, DataRowLoadingMode dataRowLoadingMode, Boolean readingNotifications, Boolean isReadingPrependedMessage)
   at System.Runtime.CompilerServices.PoolingAsyncValueTaskMethodBuilder`1.StateMachineBox`1.System.Threading.Tasks.Sources.IValueTaskSource<TResult>.GetResult(Int16 token)
   at Npgsql.NpgsqlDataReader.NextResult(Boolean async, Boolean isConsuming, CancellationToken cancellationToken)
   at Npgsql.NpgsqlDataReader.NextResult(Boolean async, Boolean isConsuming, CancellationToken cancellationToken)
   at Npgsql.NpgsqlCommand.ExecuteReader(Boolean async, CommandBehavior behavior, CancellationToken cancellationToken)
   at Npgsql.NpgsqlCommand.ExecuteReader(Boolean async, CommandBehavior behavior, CancellationToken cancellationToken)
   at Npgsql.NpgsqlCommand.ExecuteDbDataReaderAsync(CommandBehavior behavior, CancellationToken cancellationToken)
   at Microsoft.EntityFrameworkCore.Storage.RelationalCommand.ExecuteReaderAsync(RelationalCommandParameterObject parameterObject, CancellationToken cancellationToken)
   at Microsoft.EntityFrameworkCore.Storage.RelationalCommand.ExecuteReaderAsync(RelationalCommandParameterObject parameterObject, CancellationToken cancellationToken)
   at Microsoft.EntityFrameworkCore.Query.Internal.SingleQueryingEnumerable`1.AsyncEnumerator.InitializeReaderAsync(AsyncEnumerator enumerator, CancellationToken cancellationToken)
   at Npgsql.EntityFrameworkCore.PostgreSQL.Storage.Internal.NpgsqlExecutionStrategy.ExecuteAsync[TState,TResult](TState state, Func`4 operation, Func`4 verifySucceeded, CancellationToken cancellationToken)
   at Microsoft.EntityFrameworkCore.Query.Internal.SingleQueryingEnumerable`1.AsyncEnumerator.MoveNextAsync()
   at Microsoft.EntityFrameworkCore.EntityFrameworkQueryableExtensions.ToListAsync[TSource](IQueryable`1 source, CancellationToken cancellationToken)
   at Microsoft.EntityFrameworkCore.EntityFrameworkQueryableExtensions.ToListAsync[TSource](IQueryable`1 source, CancellationToken cancellationToken)
   at Flowtap_Infrastructure.BackgroundJobs.EmailDispatchService.ProcessPendingEmailsAsync(CancellationToken ct) in D:\Git\Flowtap_MultiSaas_Backend_modern\SharedCore\Flowtap_Infrastructure\BackgroundJobs\EmailDispatchService.cs:line 35
   at Flowtap_Infrastructure.BackgroundJobs.EmailDispatchService.ExecuteAsync(CancellationToken stoppingToken) in D:\Git\Flowtap_MultiSaas_Backend_modern\SharedCore\Flowtap_Infrastructure\BackgroundJobs\EmailDispatchService.cs:line 19
  Exception data:
    Severity: ERROR
    SqlState: 42703
    MessageText: column n.CompanyId does not exist
    Position: 16
    File: parse_relation.c
    Line: 3827
    Routine: errorMissingColumn
2026-05-31 22:24:23.920 +05:30 [ERR] Microsoft.EntityFrameworkCore.Database.Command: Failed executing DbCommand (2ms) [Parameters=[@__p_0='?' (DbType = Int32)], CommandType='"Text"', CommandTimeout='30']
SELECT n."Id", n."CompanyId", n."CreatedAt", n."CreatedBy", n."Error", n."Payload", n."Recipient", n."RetryCount", n."SentAt", n."Status", n."Subject", n."Type", n."UpdatedAt", n."UpdatedBy"
FROM "NotificationQueues" AS n
WHERE n."Type" = 'Sms' AND n."SentAt" IS NULL AND n."RetryCount" < 3
LIMIT @__p_0
2026-05-31 22:24:23.926 +05:30 [ERR] Microsoft.EntityFrameworkCore.Query: An exception occurred while iterating over the results of a query for context type 'Flowtap_Infrastructure.Persistence.DbContext.ApplicationDbContext'.
Npgsql.PostgresException (0x80004005): 42703: column n.CompanyId does not exist

POSITION: 16
   at Npgsql.Internal.NpgsqlConnector.ReadMessageLong(Boolean async, DataRowLoadingMode dataRowLoadingMode, Boolean readingNotifications, Boolean isReadingPrependedMessage)
   at System.Runtime.CompilerServices.PoolingAsyncValueTaskMethodBuilder`1.StateMachineBox`1.System.Threading.Tasks.Sources.IValueTaskSource<TResult>.GetResult(Int16 token)
   at Npgsql.NpgsqlDataReader.NextResult(Boolean async, Boolean isConsuming, CancellationToken cancellationToken)
   at Npgsql.NpgsqlDataReader.NextResult(Boolean async, Boolean isConsuming, CancellationToken cancellationToken)
   at Npgsql.NpgsqlCommand.ExecuteReader(Boolean async, CommandBehavior behavior, CancellationToken cancellationToken)
   at Npgsql.NpgsqlCommand.ExecuteReader(Boolean async, CommandBehavior behavior, CancellationToken cancellationToken)
   at Npgsql.NpgsqlCommand.ExecuteDbDataReaderAsync(CommandBehavior behavior, CancellationToken cancellationToken)
   at Microsoft.EntityFrameworkCore.Storage.RelationalCommand.ExecuteReaderAsync(RelationalCommandParameterObject parameterObject, CancellationToken cancellationToken)
   at Microsoft.EntityFrameworkCore.Storage.RelationalCommand.ExecuteReaderAsync(RelationalCommandParameterObject parameterObject, CancellationToken cancellationToken)
   at Microsoft.EntityFrameworkCore.Query.Internal.SingleQueryingEnumerable`1.AsyncEnumerator.InitializeReaderAsync(AsyncEnumerator enumerator, CancellationToken cancellationToken)
   at Npgsql.EntityFrameworkCore.PostgreSQL.Storage.Internal.NpgsqlExecutionStrategy.ExecuteAsync[TState,TResult](TState state, Func`4 operation, Func`4 verifySucceeded, CancellationToken cancellationToken)
   at Microsoft.EntityFrameworkCore.Query.Internal.SingleQueryingEnumerable`1.AsyncEnumerator.MoveNextAsync()
  Exception data:
    Severity: ERROR
    SqlState: 42703
    MessageText: column n.CompanyId does not exist
    Position: 16
    File: parse_relation.c
    Line: 3827
    Routine: errorMissingColumn
Npgsql.PostgresException (0x80004005): 42703: column n.CompanyId does not exist

POSITION: 16
   at Npgsql.Internal.NpgsqlConnector.ReadMessageLong(Boolean async, DataRowLoadingMode dataRowLoadingMode, Boolean readingNotifications, Boolean isReadingPrependedMessage)
   at System.Runtime.CompilerServices.PoolingAsyncValueTaskMethodBuilder`1.StateMachineBox`1.System.Threading.Tasks.Sources.IValueTaskSource<TResult>.GetResult(Int16 token)
   at Npgsql.NpgsqlDataReader.NextResult(Boolean async, Boolean isConsuming, CancellationToken cancellationToken)
   at Npgsql.NpgsqlDataReader.NextResult(Boolean async, Boolean isConsuming, CancellationToken cancellationToken)
   at Npgsql.NpgsqlCommand.ExecuteReader(Boolean async, CommandBehavior behavior, CancellationToken cancellationToken)
   at Npgsql.NpgsqlCommand.ExecuteReader(Boolean async, CommandBehavior behavior, CancellationToken cancellationToken)
   at Npgsql.NpgsqlCommand.ExecuteDbDataReaderAsync(CommandBehavior behavior, CancellationToken cancellationToken)
   at Microsoft.EntityFrameworkCore.Storage.RelationalCommand.ExecuteReaderAsync(RelationalCommandParameterObject parameterObject, CancellationToken cancellationToken)
   at Microsoft.EntityFrameworkCore.Storage.RelationalCommand.ExecuteReaderAsync(RelationalCommandParameterObject parameterObject, CancellationToken cancellationToken)
   at Microsoft.EntityFrameworkCore.Query.Internal.SingleQueryingEnumerable`1.AsyncEnumerator.InitializeReaderAsync(AsyncEnumerator enumerator, CancellationToken cancellationToken)
   at Npgsql.EntityFrameworkCore.PostgreSQL.Storage.Internal.NpgsqlExecutionStrategy.ExecuteAsync[TState,TResult](TState state, Func`4 operation, Func`4 verifySucceeded, CancellationToken cancellationToken)
   at Microsoft.EntityFrameworkCore.Query.Internal.SingleQueryingEnumerable`1.AsyncEnumerator.MoveNextAsync()
  Exception data:
    Severity: ERROR
    SqlState: 42703
    MessageText: column n.CompanyId does not exist
    Position: 16
    File: parse_relation.c
    Line: 3827
    Routine: errorMissingColumn
2026-05-31 22:24:23.979 +05:30 [ERR] Flowtap_Infrastructure.BackgroundJobs.SmsDispatchService: Error processing SMS notification queue
Npgsql.PostgresException (0x80004005): 42703: column n.CompanyId does not exist

POSITION: 16
   at Npgsql.Internal.NpgsqlConnector.ReadMessageLong(Boolean async, DataRowLoadingMode dataRowLoadingMode, Boolean readingNotifications, Boolean isReadingPrependedMessage)
   at System.Runtime.CompilerServices.PoolingAsyncValueTaskMethodBuilder`1.StateMachineBox`1.System.Threading.Tasks.Sources.IValueTaskSource<TResult>.GetResult(Int16 token)
   at Npgsql.NpgsqlDataReader.NextResult(Boolean async, Boolean isConsuming, CancellationToken cancellationToken)
   at Npgsql.NpgsqlDataReader.NextResult(Boolean async, Boolean isConsuming, CancellationToken cancellationToken)
   at Npgsql.NpgsqlCommand.ExecuteReader(Boolean async, CommandBehavior behavior, CancellationToken cancellationToken)
   at Npgsql.NpgsqlCommand.ExecuteReader(Boolean async, CommandBehavior behavior, CancellationToken cancellationToken)
   at Npgsql.NpgsqlCommand.ExecuteDbDataReaderAsync(CommandBehavior behavior, CancellationToken cancellationToken)
   at Microsoft.EntityFrameworkCore.Storage.RelationalCommand.ExecuteReaderAsync(RelationalCommandParameterObject parameterObject, CancellationToken cancellationToken)
   at Microsoft.EntityFrameworkCore.Storage.RelationalCommand.ExecuteReaderAsync(RelationalCommandParameterObject parameterObject, CancellationToken cancellationToken)
   at Microsoft.EntityFrameworkCore.Query.Internal.SingleQueryingEnumerable`1.AsyncEnumerator.InitializeReaderAsync(AsyncEnumerator enumerator, CancellationToken cancellationToken)
   at Npgsql.EntityFrameworkCore.PostgreSQL.Storage.Internal.NpgsqlExecutionStrategy.ExecuteAsync[TState,TResult](TState state, Func`4 operation, Func`4 verifySucceeded, CancellationToken cancellationToken)
   at Microsoft.EntityFrameworkCore.Query.Internal.SingleQueryingEnumerable`1.AsyncEnumerator.MoveNextAsync()
   at Microsoft.EntityFrameworkCore.EntityFrameworkQueryableExtensions.ToListAsync[TSource](IQueryable`1 source, CancellationToken cancellationToken)
   at Microsoft.EntityFrameworkCore.EntityFrameworkQueryableExtensions.ToListAsync[TSource](IQueryable`1 source, CancellationToken cancellationToken)
   at Flowtap_Infrastructure.BackgroundJobs.SmsDispatchService.ProcessPendingSmsAsync(CancellationToken ct) in D:\Git\Flowtap_MultiSaas_Backend_modern\SharedCore\Flowtap_Infrastructure\BackgroundJobs\SmsDispatchService.cs:line 45
   at Flowtap_Infrastructure.BackgroundJobs.SmsDispatchService.ExecuteAsync(CancellationToken stoppingToken) in D:\Git\Flowtap_MultiSaas_Backend_modern\SharedCore\Flowtap_Infrastructure\BackgroundJobs\SmsDispatchService.cs:line 29
  Exception data:
    Severity: ERROR
    SqlState: 42703
    MessageText: column n.CompanyId does not exist
    Position: 16
    File: parse_relation.c
    Line: 3827
    Routine: errorMissingColumn
2026-05-31 22:24:24.014 +05:30 [ERR] Microsoft.EntityFrameworkCore.Database.Command: Failed executing DbCommand (4ms) [Parameters=[@__p_0='?' (DbType = Int32)], CommandType='"Text"', CommandTimeout='30']
SELECT n."Id", n."CompanyId", n."CreatedAt", n."CreatedBy", n."Error", n."Payload", n."Recipient", n."RetryCount", n."SentAt", n."Status", n."Subject", n."Type", n."UpdatedAt", n."UpdatedBy"
FROM "NotificationQueues" AS n
WHERE n."Type" = 'WhatsApp' AND n."SentAt" IS NULL AND n."RetryCount" < 3
LIMIT @__p_0
2026-05-31 22:24:24.056 +05:30 [ERR] Microsoft.EntityFrameworkCore.Query: An exception occurred while iterating over the results of a query for context type 'Flowtap_Infrastructure.Persistence.DbContext.ApplicationDbContext'.
Npgsql.PostgresException (0x80004005): 42703: column n.CompanyId does not exist

POSITION: 16
   at Npgsql.Internal.NpgsqlConnector.ReadMessageLong(Boolean async, DataRowLoadingMode dataRowLoadingMode, Boolean readingNotifications, Boolean isReadingPrependedMessage)
   at System.Runtime.CompilerServices.PoolingAsyncValueTaskMethodBuilder`1.StateMachineBox`1.System.Threading.Tasks.Sources.IValueTaskSource<TResult>.GetResult(Int16 token)
   at Npgsql.NpgsqlDataReader.NextResult(Boolean async, Boolean isConsuming, CancellationToken cancellationToken)
   at Npgsql.NpgsqlDataReader.NextResult(Boolean async, Boolean isConsuming, CancellationToken cancellationToken)
   at Npgsql.NpgsqlCommand.ExecuteReader(Boolean async, CommandBehavior behavior, CancellationToken cancellationToken)
   at Npgsql.NpgsqlCommand.ExecuteReader(Boolean async, CommandBehavior behavior, CancellationToken cancellationToken)
   at Npgsql.NpgsqlCommand.ExecuteDbDataReaderAsync(CommandBehavior behavior, CancellationToken cancellationToken)
   at Microsoft.EntityFrameworkCore.Storage.RelationalCommand.ExecuteReaderAsync(RelationalCommandParameterObject parameterObject, CancellationToken cancellationToken)
   at Microsoft.EntityFrameworkCore.Storage.RelationalCommand.ExecuteReaderAsync(RelationalCommandParameterObject parameterObject, CancellationToken cancellationToken)
   at Microsoft.EntityFrameworkCore.Query.Internal.SingleQueryingEnumerable`1.AsyncEnumerator.InitializeReaderAsync(AsyncEnumerator enumerator, CancellationToken cancellationToken)
   at Npgsql.EntityFrameworkCore.PostgreSQL.Storage.Internal.NpgsqlExecutionStrategy.ExecuteAsync[TState,TResult](TState state, Func`4 operation, Func`4 verifySucceeded, CancellationToken cancellationToken)
   at Microsoft.EntityFrameworkCore.Query.Internal.SingleQueryingEnumerable`1.AsyncEnumerator.MoveNextAsync()
  Exception data:
    Severity: ERROR
    SqlState: 42703
    MessageText: column n.CompanyId does not exist
    Position: 16
    File: parse_relation.c
    Line: 3827
    Routine: errorMissingColumn
Npgsql.PostgresException (0x80004005): 42703: column n.CompanyId does not exist

POSITION: 16
   at Npgsql.Internal.NpgsqlConnector.ReadMessageLong(Boolean async, DataRowLoadingMode dataRowLoadingMode, Boolean readingNotifications, Boolean isReadingPrependedMessage)
   at System.Runtime.CompilerServices.PoolingAsyncValueTaskMethodBuilder`1.StateMachineBox`1.System.Threading.Tasks.Sources.IValueTaskSource<TResult>.GetResult(Int16 token)
   at Npgsql.NpgsqlDataReader.NextResult(Boolean async, Boolean isConsuming, CancellationToken cancellationToken)
   at Npgsql.NpgsqlDataReader.NextResult(Boolean async, Boolean isConsuming, CancellationToken cancellationToken)
   at Npgsql.NpgsqlCommand.ExecuteReader(Boolean async, CommandBehavior behavior, CancellationToken cancellationToken)
   at Npgsql.NpgsqlCommand.ExecuteReader(Boolean async, CommandBehavior behavior, CancellationToken cancellationToken)
   at Npgsql.NpgsqlCommand.ExecuteDbDataReaderAsync(CommandBehavior behavior, CancellationToken cancellationToken)
   at Microsoft.EntityFrameworkCore.Storage.RelationalCommand.ExecuteReaderAsync(RelationalCommandParameterObject parameterObject, CancellationToken cancellationToken)
   at Microsoft.EntityFrameworkCore.Storage.RelationalCommand.ExecuteReaderAsync(RelationalCommandParameterObject parameterObject, CancellationToken cancellationToken)
   at Microsoft.EntityFrameworkCore.Query.Internal.SingleQueryingEnumerable`1.AsyncEnumerator.InitializeReaderAsync(AsyncEnumerator enumerator, CancellationToken cancellationToken)
   at Npgsql.EntityFrameworkCore.PostgreSQL.Storage.Internal.NpgsqlExecutionStrategy.ExecuteAsync[TState,TResult](TState state, Func`4 operation, Func`4 verifySucceeded, CancellationToken cancellationToken)
   at Microsoft.EntityFrameworkCore.Query.Internal.SingleQueryingEnumerable`1.AsyncEnumerator.MoveNextAsync()
  Exception data:
    Severity: ERROR
    SqlState: 42703
    MessageText: column n.CompanyId does not exist
    Position: 16
    File: parse_relation.c
    Line: 3827
    Routine: errorMissingColumn
2026-05-31 22:24:24.101 +05:30 [ERR] Flowtap_Infrastructure.BackgroundJobs.WhatsAppDispatchService: Error processing WhatsApp notification queue
Npgsql.PostgresException (0x80004005): 42703: column n.CompanyId does not exist

POSITION: 16
   at Npgsql.Internal.NpgsqlConnector.ReadMessageLong(Boolean async, DataRowLoadingMode dataRowLoadingMode, Boolean readingNotifications, Boolean isReadingPrependedMessage)
   at System.Runtime.CompilerServices.PoolingAsyncValueTaskMethodBuilder`1.StateMachineBox`1.System.Threading.Tasks.Sources.IValueTaskSource<TResult>.GetResult(Int16 token)
   at Npgsql.NpgsqlDataReader.NextResult(Boolean async, Boolean isConsuming, CancellationToken cancellationToken)
   at Npgsql.NpgsqlDataReader.NextResult(Boolean async, Boolean isConsuming, CancellationToken cancellationToken)
   at Npgsql.NpgsqlCommand.ExecuteReader(Boolean async, CommandBehavior behavior, CancellationToken cancellationToken)
   at Npgsql.NpgsqlCommand.ExecuteReader(Boolean async, CommandBehavior behavior, CancellationToken cancellationToken)
   at Npgsql.NpgsqlCommand.ExecuteDbDataReaderAsync(CommandBehavior behavior, CancellationToken cancellationToken)
   at Microsoft.EntityFrameworkCore.Storage.RelationalCommand.ExecuteReaderAsync(RelationalCommandParameterObject parameterObject, CancellationToken cancellationToken)
   at Microsoft.EntityFrameworkCore.Storage.RelationalCommand.ExecuteReaderAsync(RelationalCommandParameterObject parameterObject, CancellationToken cancellationToken)
   at Microsoft.EntityFrameworkCore.Query.Internal.SingleQueryingEnumerable`1.AsyncEnumerator.InitializeReaderAsync(AsyncEnumerator enumerator, CancellationToken cancellationToken)
   at Npgsql.EntityFrameworkCore.PostgreSQL.Storage.Internal.NpgsqlExecutionStrategy.ExecuteAsync[TState,TResult](TState state, Func`4 operation, Func`4 verifySucceeded, CancellationToken cancellationToken)
   at Microsoft.EntityFrameworkCore.Query.Internal.SingleQueryingEnumerable`1.AsyncEnumerator.MoveNextAsync()
   at Microsoft.EntityFrameworkCore.EntityFrameworkQueryableExtensions.ToListAsync[TSource](IQueryable`1 source, CancellationToken cancellationToken)
   at Microsoft.EntityFrameworkCore.EntityFrameworkQueryableExtensions.ToListAsync[TSource](IQueryable`1 source, CancellationToken cancellationToken)
   at Flowtap_Infrastructure.BackgroundJobs.WhatsAppDispatchService.ProcessPendingWhatsAppAsync(CancellationToken ct) in D:\Git\Flowtap_MultiSaas_Backend_modern\SharedCore\Flowtap_Infrastructure\BackgroundJobs\WhatsAppDispatchService.cs:line 45
   at Flowtap_Infrastructure.BackgroundJobs.WhatsAppDispatchService.ExecuteAsync(CancellationToken stoppingToken) in D:\Git\Flowtap_MultiSaas_Backend_modern\SharedCore\Flowtap_Infrastructure\BackgroundJobs\WhatsAppDispatchService.cs:line 29
  Exception data:
    Severity: ERROR
    SqlState: 42703
    MessageText: column n.CompanyId does not exist
    Position: 16
    File: parse_relation.c
    Line: 3827
    Routine: errorMissingColumn
2026-05-31 22:24:43.625 +05:30 [DBG] Flowtap_Middleware.TenantMiddleware: Request for tenant 591b97e6-5334-4870-b151-1a695ad19310 at /api/v1/user-notifications/count
2026-05-31 22:24:43.639 +05:30 [INF] Microsoft.EntityFrameworkCore.Database.Command: Executed DbCommand (8ms) [Parameters=[@__8__locals1_tenantId_0='?' (DbType = Guid), @__now_1='?' (DbType = DateTime)], CommandType='"Text"', CommandTimeout='30']
SELECT EXISTS (
    SELECT 1
    FROM "CompanySubscriptions" AS c
    WHERE c."IsActive" AND c."CompanyId" = @__8__locals1_tenantId_0 AND c."Status" = 1 AND c."EndDate" > @__now_1)
2026-05-31 22:24:43.660 +05:30 [INF] Microsoft.EntityFrameworkCore.Database.Command: Executed DbCommand (8ms) [Parameters=[@__8__locals1_tenantId_0='?' (DbType = Guid), @__now_1='?' (DbType = DateTime)], CommandType='"Text"', CommandTimeout='30']
SELECT EXISTS (
    SELECT 1
    FROM "TrialPlans" AS t
    WHERE t."IsActive" AND t."CompanyId" = @__8__locals1_tenantId_0 AND NOT (t."IsExpired") AND t."TrialEndDate" > @__now_1)
2026-05-31 22:24:43.668 +05:30 [INF] Flowtap_Application.Common.Behaviors.LoggingBehavior: Handling GetUnreadNotificationCountQuery
2026-05-31 22:24:43.682 +05:30 [INF] Microsoft.EntityFrameworkCore.Database.Command: Executed DbCommand (4ms) [Parameters=[@__request_CompanyId_0='?' (DbType = Guid), @__request_UserId_1='?' (DbType = Guid)], CommandType='"Text"', CommandTimeout='30']
SELECT count(*)::int
FROM "UserNotifications" AS u
WHERE u."CompanyId" = @__request_CompanyId_0 AND u."UserId" = @__request_UserId_1 AND NOT (u."IsRead")
2026-05-31 22:24:43.692 +05:30 [INF] Flowtap_Application.Common.Behaviors.LoggingBehavior: Handled GetUnreadNotificationCountQuery
2026-05-31 22:24:43.695 +05:30 [INF] Flowtap_Middleware.RequestLoggingMiddleware: GET /api/v1/user-notifications/count → 200 | 70ms | Tenant: 591b97e6-5334-4870-b151-1a695ad19310
2026-05-31 22:24:51.597 +05:30 [INF] Flowtap_Middleware.RequestLoggingMiddleware: GET /hubs/communications → 101 | 308789ms | Tenant: 591b97e6-5334-4870-b151-1a695ad19310
2026-05-31 22:24:52.322 +05:30 [DBG] Hangfire.Server.ServerHeartbeatProcess: Server antonyraj:19416:42ccf628 heartbeat successfully sent
2026-05-31 22:42:03.556 +05:30 [ERR] Microsoft.EntityFrameworkCore.Database.Command: Failed executing DbCommand (1ms) [Parameters=[@__p_0='?' (DbType = Int32)], CommandType='"Text"', CommandTimeout='30']
SELECT n."Id", n."CompanyId", n."CreatedAt", n."CreatedBy", n."Error", n."Payload", n."Recipient", n."RetryCount", n."SentAt", n."Status", n."Subject", n."Type", n."UpdatedAt", n."UpdatedBy"
FROM "NotificationQueues" AS n
WHERE n."Type" = 'Email' AND n."SentAt" IS NULL AND n."RetryCount" < 3
LIMIT @__p_0
2026-05-31 22:42:03.561 +05:30 [ERR] Microsoft.EntityFrameworkCore.Query: An exception occurred while iterating over the results of a query for context type 'Flowtap_Infrastructure.Persistence.DbContext.ApplicationDbContext'.
Npgsql.PostgresException (0x80004005): 42703: column n.CompanyId does not exist

POSITION: 16
   at Npgsql.Internal.NpgsqlConnector.ReadMessageLong(Boolean async, DataRowLoadingMode dataRowLoadingMode, Boolean readingNotifications, Boolean isReadingPrependedMessage)
   at System.Runtime.CompilerServices.PoolingAsyncValueTaskMethodBuilder`1.StateMachineBox`1.System.Threading.Tasks.Sources.IValueTaskSource<TResult>.GetResult(Int16 token)
   at Npgsql.NpgsqlDataReader.NextResult(Boolean async, Boolean isConsuming, CancellationToken cancellationToken)
   at Npgsql.NpgsqlDataReader.NextResult(Boolean async, Boolean isConsuming, CancellationToken cancellationToken)
   at Npgsql.NpgsqlCommand.ExecuteReader(Boolean async, CommandBehavior behavior, CancellationToken cancellationToken)
   at Npgsql.NpgsqlCommand.ExecuteReader(Boolean async, CommandBehavior behavior, CancellationToken cancellationToken)
   at Npgsql.NpgsqlCommand.ExecuteDbDataReaderAsync(CommandBehavior behavior, CancellationToken cancellationToken)
   at Microsoft.EntityFrameworkCore.Storage.RelationalCommand.ExecuteReaderAsync(RelationalCommandParameterObject parameterObject, CancellationToken cancellationToken)
   at Microsoft.EntityFrameworkCore.Storage.RelationalCommand.ExecuteReaderAsync(RelationalCommandParameterObject parameterObject, CancellationToken cancellationToken)
   at Microsoft.EntityFrameworkCore.Query.Internal.SingleQueryingEnumerable`1.AsyncEnumerator.InitializeReaderAsync(AsyncEnumerator enumerator, CancellationToken cancellationToken)
   at Npgsql.EntityFrameworkCore.PostgreSQL.Storage.Internal.NpgsqlExecutionStrategy.ExecuteAsync[TState,TResult](TState state, Func`4 operation, Func`4 verifySucceeded, CancellationToken cancellationToken)
   at Microsoft.EntityFrameworkCore.Query.Internal.SingleQueryingEnumerable`1.AsyncEnumerator.MoveNextAsync()
  Exception data:
    Severity: ERROR
    SqlState: 42703
    MessageText: column n.CompanyId does not exist
    Position: 16
    File: parse_relation.c
    Line: 3827
    Routine: errorMissingColumn
Npgsql.PostgresException (0x80004005): 42703: column n.CompanyId does not exist

POSITION: 16
   at Npgsql.Internal.NpgsqlConnector.ReadMessageLong(Boolean async, DataRowLoadingMode dataRowLoadingMode, Boolean readingNotifications, Boolean isReadingPrependedMessage)
   at System.Runtime.CompilerServices.PoolingAsyncValueTaskMethodBuilder`1.StateMachineBox`1.System.Threading.Tasks.Sources.IValueTaskSource<TResult>.GetResult(Int16 token)
   at Npgsql.NpgsqlDataReader.NextResult(Boolean async, Boolean isConsuming, CancellationToken cancellationToken)
   at Npgsql.NpgsqlDataReader.NextResult(Boolean async, Boolean isConsuming, CancellationToken cancellationToken)
   at Npgsql.NpgsqlCommand.ExecuteReader(Boolean async, CommandBehavior behavior, CancellationToken cancellationToken)
   at Npgsql.NpgsqlCommand.ExecuteReader(Boolean async, CommandBehavior behavior, CancellationToken cancellationToken)
   at Npgsql.NpgsqlCommand.ExecuteDbDataReaderAsync(CommandBehavior behavior, CancellationToken cancellationToken)
   at Microsoft.EntityFrameworkCore.Storage.RelationalCommand.ExecuteReaderAsync(RelationalCommandParameterObject parameterObject, CancellationToken cancellationToken)
   at Microsoft.EntityFrameworkCore.Storage.RelationalCommand.ExecuteReaderAsync(RelationalCommandParameterObject parameterObject, CancellationToken cancellationToken)
   at Microsoft.EntityFrameworkCore.Query.Internal.SingleQueryingEnumerable`1.AsyncEnumerator.InitializeReaderAsync(AsyncEnumerator enumerator, CancellationToken cancellationToken)
   at Npgsql.EntityFrameworkCore.PostgreSQL.Storage.Internal.NpgsqlExecutionStrategy.ExecuteAsync[TState,TResult](TState state, Func`4 operation, Func`4 verifySucceeded, CancellationToken cancellationToken)
   at Microsoft.EntityFrameworkCore.Query.Internal.SingleQueryingEnumerable`1.AsyncEnumerator.MoveNextAsync()
  Exception data:
    Severity: ERROR
    SqlState: 42703
    MessageText: column n.CompanyId does not exist
    Position: 16
    File: parse_relation.c
    Line: 3827
    Routine: errorMissingColumn
2026-05-31 22:42:03.651 +05:30 [ERR] Flowtap_Infrastructure.BackgroundJobs.EmailDispatchService: Error processing notification queue
Npgsql.PostgresException (0x80004005): 42703: column n.CompanyId does not exist

POSITION: 16
   at Npgsql.Internal.NpgsqlConnector.ReadMessageLong(Boolean async, DataRowLoadingMode dataRowLoadingMode, Boolean readingNotifications, Boolean isReadingPrependedMessage)
   at System.Runtime.CompilerServices.PoolingAsyncValueTaskMethodBuilder`1.StateMachineBox`1.System.Threading.Tasks.Sources.IValueTaskSource<TResult>.GetResult(Int16 token)
   at Npgsql.NpgsqlDataReader.NextResult(Boolean async, Boolean isConsuming, CancellationToken cancellationToken)
   at Npgsql.NpgsqlDataReader.NextResult(Boolean async, Boolean isConsuming, CancellationToken cancellationToken)
   at Npgsql.NpgsqlCommand.ExecuteReader(Boolean async, CommandBehavior behavior, CancellationToken cancellationToken)
   at Npgsql.NpgsqlCommand.ExecuteReader(Boolean async, CommandBehavior behavior, CancellationToken cancellationToken)
   at Npgsql.NpgsqlCommand.ExecuteDbDataReaderAsync(CommandBehavior behavior, CancellationToken cancellationToken)
   at Microsoft.EntityFrameworkCore.Storage.RelationalCommand.ExecuteReaderAsync(RelationalCommandParameterObject parameterObject, CancellationToken cancellationToken)
   at Microsoft.EntityFrameworkCore.Storage.RelationalCommand.ExecuteReaderAsync(RelationalCommandParameterObject parameterObject, CancellationToken cancellationToken)
   at Microsoft.EntityFrameworkCore.Query.Internal.SingleQueryingEnumerable`1.AsyncEnumerator.InitializeReaderAsync(AsyncEnumerator enumerator, CancellationToken cancellationToken)
   at Npgsql.EntityFrameworkCore.PostgreSQL.Storage.Internal.NpgsqlExecutionStrategy.ExecuteAsync[TState,TResult](TState state, Func`4 operation, Func`4 verifySucceeded, CancellationToken cancellationToken)
   at Microsoft.EntityFrameworkCore.Query.Internal.SingleQueryingEnumerable`1.AsyncEnumerator.MoveNextAsync()
   at Microsoft.EntityFrameworkCore.EntityFrameworkQueryableExtensions.ToListAsync[TSource](IQueryable`1 source, CancellationToken cancellationToken)
   at Microsoft.EntityFrameworkCore.EntityFrameworkQueryableExtensions.ToListAsync[TSource](IQueryable`1 source, CancellationToken cancellationToken)
   at Flowtap_Infrastructure.BackgroundJobs.EmailDispatchService.ProcessPendingEmailsAsync(CancellationToken ct) in D:\Git\Flowtap_MultiSaas_Backend_modern\SharedCore\Flowtap_Infrastructure\BackgroundJobs\EmailDispatchService.cs:line 35
   at Flowtap_Infrastructure.BackgroundJobs.EmailDispatchService.ExecuteAsync(CancellationToken stoppingToken) in D:\Git\Flowtap_MultiSaas_Backend_modern\SharedCore\Flowtap_Infrastructure\BackgroundJobs\EmailDispatchService.cs:line 19
  Exception data:
    Severity: ERROR
    SqlState: 42703
    MessageText: column n.CompanyId does not exist
    Position: 16
    File: parse_relation.c
    Line: 3827
    Routine: errorMissingColumn
2026-05-31 22:42:04.712 +05:30 [ERR] Microsoft.EntityFrameworkCore.Database.Command: Failed executing DbCommand (187ms) [Parameters=[@__p_0='?' (DbType = Int32)], CommandType='"Text"', CommandTimeout='30']
SELECT n."Id", n."CompanyId", n."CreatedAt", n."CreatedBy", n."Error", n."Payload", n."Recipient", n."RetryCount", n."SentAt", n."Status", n."Subject", n."Type", n."UpdatedAt", n."UpdatedBy"
FROM "NotificationQueues" AS n
WHERE n."Type" = 'Sms' AND n."SentAt" IS NULL AND n."RetryCount" < 3
LIMIT @__p_0
2026-05-31 22:42:04.722 +05:30 [ERR] Microsoft.EntityFrameworkCore.Query: An exception occurred while iterating over the results of a query for context type 'Flowtap_Infrastructure.Persistence.DbContext.ApplicationDbContext'.
Npgsql.PostgresException (0x80004005): 42703: column n.CompanyId does not exist

POSITION: 16
   at Npgsql.Internal.NpgsqlConnector.ReadMessageLong(Boolean async, DataRowLoadingMode dataRowLoadingMode, Boolean readingNotifications, Boolean isReadingPrependedMessage)
   at System.Runtime.CompilerServices.PoolingAsyncValueTaskMethodBuilder`1.StateMachineBox`1.System.Threading.Tasks.Sources.IValueTaskSource<TResult>.GetResult(Int16 token)
   at Npgsql.NpgsqlDataReader.NextResult(Boolean async, Boolean isConsuming, CancellationToken cancellationToken)
   at Npgsql.NpgsqlDataReader.NextResult(Boolean async, Boolean isConsuming, CancellationToken cancellationToken)
   at Npgsql.NpgsqlCommand.ExecuteReader(Boolean async, CommandBehavior behavior, CancellationToken cancellationToken)
   at Npgsql.NpgsqlCommand.ExecuteReader(Boolean async, CommandBehavior behavior, CancellationToken cancellationToken)
   at Npgsql.NpgsqlCommand.ExecuteDbDataReaderAsync(CommandBehavior behavior, CancellationToken cancellationToken)
   at Microsoft.EntityFrameworkCore.Storage.RelationalCommand.ExecuteReaderAsync(RelationalCommandParameterObject parameterObject, CancellationToken cancellationToken)
   at Microsoft.EntityFrameworkCore.Storage.RelationalCommand.ExecuteReaderAsync(RelationalCommandParameterObject parameterObject, CancellationToken cancellationToken)
   at Microsoft.EntityFrameworkCore.Query.Internal.SingleQueryingEnumerable`1.AsyncEnumerator.InitializeReaderAsync(AsyncEnumerator enumerator, CancellationToken cancellationToken)
   at Npgsql.EntityFrameworkCore.PostgreSQL.Storage.Internal.NpgsqlExecutionStrategy.ExecuteAsync[TState,TResult](TState state, Func`4 operation, Func`4 verifySucceeded, CancellationToken cancellationToken)
   at Microsoft.EntityFrameworkCore.Query.Internal.SingleQueryingEnumerable`1.AsyncEnumerator.MoveNextAsync()
  Exception data:
    Severity: ERROR
    SqlState: 42703
    MessageText: column n.CompanyId does not exist
    Position: 16
    File: parse_relation.c
    Line: 3827
    Routine: errorMissingColumn
Npgsql.PostgresException (0x80004005): 42703: column n.CompanyId does not exist

POSITION: 16
   at Npgsql.Internal.NpgsqlConnector.ReadMessageLong(Boolean async, DataRowLoadingMode dataRowLoadingMode, Boolean readingNotifications, Boolean isReadingPrependedMessage)
   at System.Runtime.CompilerServices.PoolingAsyncValueTaskMethodBuilder`1.StateMachineBox`1.System.Threading.Tasks.Sources.IValueTaskSource<TResult>.GetResult(Int16 token)
   at Npgsql.NpgsqlDataReader.NextResult(Boolean async, Boolean isConsuming, CancellationToken cancellationToken)
   at Npgsql.NpgsqlDataReader.NextResult(Boolean async, Boolean isConsuming, CancellationToken cancellationToken)
   at Npgsql.NpgsqlCommand.ExecuteReader(Boolean async, CommandBehavior behavior, CancellationToken cancellationToken)
   at Npgsql.NpgsqlCommand.ExecuteReader(Boolean async, CommandBehavior behavior, CancellationToken cancellationToken)
   at Npgsql.NpgsqlCommand.ExecuteDbDataReaderAsync(CommandBehavior behavior, CancellationToken cancellationToken)
   at Microsoft.EntityFrameworkCore.Storage.RelationalCommand.ExecuteReaderAsync(RelationalCommandParameterObject parameterObject, CancellationToken cancellationToken)
   at Microsoft.EntityFrameworkCore.Storage.RelationalCommand.ExecuteReaderAsync(RelationalCommandParameterObject parameterObject, CancellationToken cancellationToken)
   at Microsoft.EntityFrameworkCore.Query.Internal.SingleQueryingEnumerable`1.AsyncEnumerator.InitializeReaderAsync(AsyncEnumerator enumerator, CancellationToken cancellationToken)
   at Npgsql.EntityFrameworkCore.PostgreSQL.Storage.Internal.NpgsqlExecutionStrategy.ExecuteAsync[TState,TResult](TState state, Func`4 operation, Func`4 verifySucceeded, CancellationToken cancellationToken)
   at Microsoft.EntityFrameworkCore.Query.Internal.SingleQueryingEnumerable`1.AsyncEnumerator.MoveNextAsync()
  Exception data:
    Severity: ERROR
    SqlState: 42703
    MessageText: column n.CompanyId does not exist
    Position: 16
    File: parse_relation.c
    Line: 3827
    Routine: errorMissingColumn
2026-05-31 22:42:04.739 +05:30 [DBG] Flowtap_Middleware.TenantMiddleware: Request for tenant 591b97e6-5334-4870-b151-1a695ad19310 at /api/v1/user-notifications/count
2026-05-31 22:42:04.795 +05:30 [DBG] Flowtap_Middleware.TenantMiddleware: Request for tenant 591b97e6-5334-4870-b151-1a695ad19310 at /hubs/communications/negotiate
2026-05-31 22:42:04.838 +05:30 [ERR] Microsoft.EntityFrameworkCore.Database.Command: Failed executing DbCommand (40ms) [Parameters=[@__p_0='?' (DbType = Int32)], CommandType='"Text"', CommandTimeout='30']
SELECT n."Id", n."CompanyId", n."CreatedAt", n."CreatedBy", n."Error", n."Payload", n."Recipient", n."RetryCount", n."SentAt", n."Status", n."Subject", n."Type", n."UpdatedAt", n."UpdatedBy"
FROM "NotificationQueues" AS n
WHERE n."Type" = 'WhatsApp' AND n."SentAt" IS NULL AND n."RetryCount" < 3
LIMIT @__p_0
2026-05-31 22:42:11.454 +05:30 [ERR] Flowtap_Infrastructure.BackgroundJobs.SmsDispatchService: Error processing SMS notification queue
Npgsql.PostgresException (0x80004005): 42703: column n.CompanyId does not exist

POSITION: 16
   at Npgsql.Internal.NpgsqlConnector.ReadMessageLong(Boolean async, DataRowLoadingMode dataRowLoadingMode, Boolean readingNotifications, Boolean isReadingPrependedMessage)
   at System.Runtime.CompilerServices.PoolingAsyncValueTaskMethodBuilder`1.StateMachineBox`1.System.Threading.Tasks.Sources.IValueTaskSource<TResult>.GetResult(Int16 token)
   at Npgsql.NpgsqlDataReader.NextResult(Boolean async, Boolean isConsuming, CancellationToken cancellationToken)
   at Npgsql.NpgsqlDataReader.NextResult(Boolean async, Boolean isConsuming, CancellationToken cancellationToken)
   at Npgsql.NpgsqlCommand.ExecuteReader(Boolean async, CommandBehavior behavior, CancellationToken cancellationToken)
   at Npgsql.NpgsqlCommand.ExecuteReader(Boolean async, CommandBehavior behavior, CancellationToken cancellationToken)
   at Npgsql.NpgsqlCommand.ExecuteDbDataReaderAsync(CommandBehavior behavior, CancellationToken cancellationToken)
   at Microsoft.EntityFrameworkCore.Storage.RelationalCommand.ExecuteReaderAsync(RelationalCommandParameterObject parameterObject, CancellationToken cancellationToken)
   at Microsoft.EntityFrameworkCore.Storage.RelationalCommand.ExecuteReaderAsync(RelationalCommandParameterObject parameterObject, CancellationToken cancellationToken)
   at Microsoft.EntityFrameworkCore.Query.Internal.SingleQueryingEnumerable`1.AsyncEnumerator.InitializeReaderAsync(AsyncEnumerator enumerator, CancellationToken cancellationToken)
   at Npgsql.EntityFrameworkCore.PostgreSQL.Storage.Internal.NpgsqlExecutionStrategy.ExecuteAsync[TState,TResult](TState state, Func`4 operation, Func`4 verifySucceeded, CancellationToken cancellationToken)
   at Microsoft.EntityFrameworkCore.Query.Internal.SingleQueryingEnumerable`1.AsyncEnumerator.MoveNextAsync()
   at Microsoft.EntityFrameworkCore.EntityFrameworkQueryableExtensions.ToListAsync[TSource](IQueryable`1 source, CancellationToken cancellationToken)
   at Microsoft.EntityFrameworkCore.EntityFrameworkQueryableExtensions.ToListAsync[TSource](IQueryable`1 source, CancellationToken cancellationToken)
   at Flowtap_Infrastructure.BackgroundJobs.SmsDispatchService.ProcessPendingSmsAsync(CancellationToken ct) in D:\Git\Flowtap_MultiSaas_Backend_modern\SharedCore\Flowtap_Infrastructure\BackgroundJobs\SmsDispatchService.cs:line 45
   at Flowtap_Infrastructure.BackgroundJobs.SmsDispatchService.ExecuteAsync(CancellationToken stoppingToken) in D:\Git\Flowtap_MultiSaas_Backend_modern\SharedCore\Flowtap_Infrastructure\BackgroundJobs\SmsDispatchService.cs:line 29
  Exception data:
    Severity: ERROR
    SqlState: 42703
    MessageText: column n.CompanyId does not exist
    Position: 16
    File: parse_relation.c
    Line: 3827
    Routine: errorMissingColumn
2026-05-31 22:42:11.465 +05:30 [ERR] Microsoft.EntityFrameworkCore.Query: An exception occurred while iterating over the results of a query for context type 'Flowtap_Infrastructure.Persistence.DbContext.ApplicationDbContext'.
Npgsql.PostgresException (0x80004005): 42703: column n.CompanyId does not exist

POSITION: 16
   at Npgsql.Internal.NpgsqlConnector.ReadMessageLong(Boolean async, DataRowLoadingMode dataRowLoadingMode, Boolean readingNotifications, Boolean isReadingPrependedMessage)
   at System.Runtime.CompilerServices.PoolingAsyncValueTaskMethodBuilder`1.StateMachineBox`1.System.Threading.Tasks.Sources.IValueTaskSource<TResult>.GetResult(Int16 token)
   at Npgsql.NpgsqlDataReader.NextResult(Boolean async, Boolean isConsuming, CancellationToken cancellationToken)
   at Npgsql.NpgsqlDataReader.NextResult(Boolean async, Boolean isConsuming, CancellationToken cancellationToken)
   at Npgsql.NpgsqlCommand.ExecuteReader(Boolean async, CommandBehavior behavior, CancellationToken cancellationToken)
   at Npgsql.NpgsqlCommand.ExecuteReader(Boolean async, CommandBehavior behavior, CancellationToken cancellationToken)
   at Npgsql.NpgsqlCommand.ExecuteDbDataReaderAsync(CommandBehavior behavior, CancellationToken cancellationToken)
   at Microsoft.EntityFrameworkCore.Storage.RelationalCommand.ExecuteReaderAsync(RelationalCommandParameterObject parameterObject, CancellationToken cancellationToken)
   at Microsoft.EntityFrameworkCore.Storage.RelationalCommand.ExecuteReaderAsync(RelationalCommandParameterObject parameterObject, CancellationToken cancellationToken)
   at Microsoft.EntityFrameworkCore.Query.Internal.SingleQueryingEnumerable`1.AsyncEnumerator.InitializeReaderAsync(AsyncEnumerator enumerator, CancellationToken cancellationToken)
   at Npgsql.EntityFrameworkCore.PostgreSQL.Storage.Internal.NpgsqlExecutionStrategy.ExecuteAsync[TState,TResult](TState state, Func`4 operation, Func`4 verifySucceeded, CancellationToken cancellationToken)
   at Microsoft.EntityFrameworkCore.Query.Internal.SingleQueryingEnumerable`1.AsyncEnumerator.MoveNextAsync()
  Exception data:
    Severity: ERROR
    SqlState: 42703
    MessageText: column n.CompanyId does not exist
    Position: 16
    File: parse_relation.c
    Line: 3827
    Routine: errorMissingColumn
Npgsql.PostgresException (0x80004005): 42703: column n.CompanyId does not exist

POSITION: 16
   at Npgsql.Internal.NpgsqlConnector.ReadMessageLong(Boolean async, DataRowLoadingMode dataRowLoadingMode, Boolean readingNotifications, Boolean isReadingPrependedMessage)
   at System.Runtime.CompilerServices.PoolingAsyncValueTaskMethodBuilder`1.StateMachineBox`1.System.Threading.Tasks.Sources.IValueTaskSource<TResult>.GetResult(Int16 token)
   at Npgsql.NpgsqlDataReader.NextResult(Boolean async, Boolean isConsuming, CancellationToken cancellationToken)
   at Npgsql.NpgsqlDataReader.NextResult(Boolean async, Boolean isConsuming, CancellationToken cancellationToken)
   at Npgsql.NpgsqlCommand.ExecuteReader(Boolean async, CommandBehavior behavior, CancellationToken cancellationToken)
   at Npgsql.NpgsqlCommand.ExecuteReader(Boolean async, CommandBehavior behavior, CancellationToken cancellationToken)
   at Npgsql.NpgsqlCommand.ExecuteDbDataReaderAsync(CommandBehavior behavior, CancellationToken cancellationToken)
   at Microsoft.EntityFrameworkCore.Storage.RelationalCommand.ExecuteReaderAsync(RelationalCommandParameterObject parameterObject, CancellationToken cancellationToken)
   at Microsoft.EntityFrameworkCore.Storage.RelationalCommand.ExecuteReaderAsync(RelationalCommandParameterObject parameterObject, CancellationToken cancellationToken)
   at Microsoft.EntityFrameworkCore.Query.Internal.SingleQueryingEnumerable`1.AsyncEnumerator.InitializeReaderAsync(AsyncEnumerator enumerator, CancellationToken cancellationToken)
   at Npgsql.EntityFrameworkCore.PostgreSQL.Storage.Internal.NpgsqlExecutionStrategy.ExecuteAsync[TState,TResult](TState state, Func`4 operation, Func`4 verifySucceeded, CancellationToken cancellationToken)
   at Microsoft.EntityFrameworkCore.Query.Internal.SingleQueryingEnumerable`1.AsyncEnumerator.MoveNextAsync()
  Exception data:
    Severity: ERROR
    SqlState: 42703
    MessageText: column n.CompanyId does not exist
    Position: 16
    File: parse_relation.c
    Line: 3827
    Routine: errorMissingColumn
2026-05-31 22:42:11.515 +05:30 [INF] Microsoft.EntityFrameworkCore.Database.Command: Executed DbCommand (27ms) [Parameters=[@__8__locals1_tenantId_0='?' (DbType = Guid), @__now_1='?' (DbType = DateTime)], CommandType='"Text"', CommandTimeout='30']
SELECT EXISTS (
    SELECT 1
    FROM "CompanySubscriptions" AS c
    WHERE c."IsActive" AND c."CompanyId" = @__8__locals1_tenantId_0 AND c."Status" = 1 AND c."EndDate" > @__now_1)
2026-05-31 22:42:11.516 +05:30 [INF] Microsoft.EntityFrameworkCore.Database.Command: Executed DbCommand (36ms) [Parameters=[@__8__locals1_tenantId_0='?' (DbType = Guid), @__now_1='?' (DbType = DateTime)], CommandType='"Text"', CommandTimeout='30']
SELECT EXISTS (
    SELECT 1
    FROM "CompanySubscriptions" AS c
    WHERE c."IsActive" AND c."CompanyId" = @__8__locals1_tenantId_0 AND c."Status" = 1 AND c."EndDate" > @__now_1)
2026-05-31 22:42:13.485 +05:30 [ERR] Flowtap_Infrastructure.BackgroundJobs.WhatsAppDispatchService: Error processing WhatsApp notification queue
Npgsql.PostgresException (0x80004005): 42703: column n.CompanyId does not exist

POSITION: 16
   at Npgsql.Internal.NpgsqlConnector.ReadMessageLong(Boolean async, DataRowLoadingMode dataRowLoadingMode, Boolean readingNotifications, Boolean isReadingPrependedMessage)
   at System.Runtime.CompilerServices.PoolingAsyncValueTaskMethodBuilder`1.StateMachineBox`1.System.Threading.Tasks.Sources.IValueTaskSource<TResult>.GetResult(Int16 token)
   at Npgsql.NpgsqlDataReader.NextResult(Boolean async, Boolean isConsuming, CancellationToken cancellationToken)
   at Npgsql.NpgsqlDataReader.NextResult(Boolean async, Boolean isConsuming, CancellationToken cancellationToken)
   at Npgsql.NpgsqlCommand.ExecuteReader(Boolean async, CommandBehavior behavior, CancellationToken cancellationToken)
   at Npgsql.NpgsqlCommand.ExecuteReader(Boolean async, CommandBehavior behavior, CancellationToken cancellationToken)
   at Npgsql.NpgsqlCommand.ExecuteDbDataReaderAsync(CommandBehavior behavior, CancellationToken cancellationToken)
   at Microsoft.EntityFrameworkCore.Storage.RelationalCommand.ExecuteReaderAsync(RelationalCommandParameterObject parameterObject, CancellationToken cancellationToken)
   at Microsoft.EntityFrameworkCore.Storage.RelationalCommand.ExecuteReaderAsync(RelationalCommandParameterObject parameterObject, CancellationToken cancellationToken)
   at Microsoft.EntityFrameworkCore.Query.Internal.SingleQueryingEnumerable`1.AsyncEnumerator.InitializeReaderAsync(AsyncEnumerator enumerator, CancellationToken cancellationToken)
   at Npgsql.EntityFrameworkCore.PostgreSQL.Storage.Internal.NpgsqlExecutionStrategy.ExecuteAsync[TState,TResult](TState state, Func`4 operation, Func`4 verifySucceeded, CancellationToken cancellationToken)
   at Microsoft.EntityFrameworkCore.Query.Internal.SingleQueryingEnumerable`1.AsyncEnumerator.MoveNextAsync()
   at Microsoft.EntityFrameworkCore.EntityFrameworkQueryableExtensions.ToListAsync[TSource](IQueryable`1 source, CancellationToken cancellationToken)
   at Microsoft.EntityFrameworkCore.EntityFrameworkQueryableExtensions.ToListAsync[TSource](IQueryable`1 source, CancellationToken cancellationToken)
   at Flowtap_Infrastructure.BackgroundJobs.WhatsAppDispatchService.ProcessPendingWhatsAppAsync(CancellationToken ct) in D:\Git\Flowtap_MultiSaas_Backend_modern\SharedCore\Flowtap_Infrastructure\BackgroundJobs\WhatsAppDispatchService.cs:line 45
   at Flowtap_Infrastructure.BackgroundJobs.WhatsAppDispatchService.ExecuteAsync(CancellationToken stoppingToken) in D:\Git\Flowtap_MultiSaas_Backend_modern\SharedCore\Flowtap_Infrastructure\BackgroundJobs\WhatsAppDispatchService.cs:line 29
  Exception data:
    Severity: ERROR
    SqlState: 42703
    MessageText: column n.CompanyId does not exist
    Position: 16
    File: parse_relation.c
    Line: 3827
    Routine: errorMissingColumn
2026-05-31 22:42:13.490 +05:30 [INF] Microsoft.EntityFrameworkCore.Database.Command: Executed DbCommand (19ms) [Parameters=[@__8__locals1_tenantId_0='?' (DbType = Guid), @__now_1='?' (DbType = DateTime)], CommandType='"Text"', CommandTimeout='30']
SELECT EXISTS (
    SELECT 1
    FROM "TrialPlans" AS t
    WHERE t."IsActive" AND t."CompanyId" = @__8__locals1_tenantId_0 AND NOT (t."IsExpired") AND t."TrialEndDate" > @__now_1)
2026-05-31 22:42:13.504 +05:30 [INF] Microsoft.EntityFrameworkCore.Database.Command: Executed DbCommand (14ms) [Parameters=[@__8__locals1_tenantId_0='?' (DbType = Guid), @__now_1='?' (DbType = DateTime)], CommandType='"Text"', CommandTimeout='30']
SELECT EXISTS (
    SELECT 1
    FROM "TrialPlans" AS t
    WHERE t."IsActive" AND t."CompanyId" = @__8__locals1_tenantId_0 AND NOT (t."IsExpired") AND t."TrialEndDate" > @__now_1)
2026-05-31 22:42:13.629 +05:30 [INF] Flowtap_Application.Common.Behaviors.LoggingBehavior: Handling GetUnreadNotificationCountQuery
2026-05-31 22:42:13.861 +05:30 [INF] Microsoft.EntityFrameworkCore.Database.Command: Executed DbCommand (115ms) [Parameters=[@__request_CompanyId_0='?' (DbType = Guid), @__request_UserId_1='?' (DbType = Guid)], CommandType='"Text"', CommandTimeout='30']
SELECT count(*)::int
FROM "UserNotifications" AS u
WHERE u."CompanyId" = @__request_CompanyId_0 AND u."UserId" = @__request_UserId_1 AND NOT (u."IsRead")
2026-05-31 22:42:13.965 +05:30 [INF] Flowtap_Application.Common.Behaviors.LoggingBehavior: Handled GetUnreadNotificationCountQuery
2026-05-31 22:42:13.996 +05:30 [INF] Flowtap_Middleware.RequestLoggingMiddleware: GET /api/v1/user-notifications/count → 200 | 9257ms | Tenant: 591b97e6-5334-4870-b151-1a695ad19310
2026-05-31 22:42:14.030 +05:30 [INF] Flowtap_Middleware.RequestLoggingMiddleware: POST /hubs/communications/negotiate → 200 | 9291ms | Tenant: 591b97e6-5334-4870-b151-1a695ad19310
2026-05-31 22:42:26.741 +05:30 [DBG] Flowtap_Middleware.TenantMiddleware: Request for tenant 591b97e6-5334-4870-b151-1a695ad19310 at /hubs/communications
2026-05-31 22:42:26.827 +05:30 [INF] Microsoft.EntityFrameworkCore.Database.Command: Executed DbCommand (4ms) [Parameters=[@__8__locals1_tenantId_0='?' (DbType = Guid), @__now_1='?' (DbType = DateTime)], CommandType='"Text"', CommandTimeout='30']
SELECT EXISTS (
    SELECT 1
    FROM "CompanySubscriptions" AS c
    WHERE c."IsActive" AND c."CompanyId" = @__8__locals1_tenantId_0 AND c."Status" = 1 AND c."EndDate" > @__now_1)
2026-05-31 22:42:26.933 +05:30 [INF] Microsoft.EntityFrameworkCore.Database.Command: Executed DbCommand (2ms) [Parameters=[@__8__locals1_tenantId_0='?' (DbType = Guid), @__now_1='?' (DbType = DateTime)], CommandType='"Text"', CommandTimeout='30']
SELECT EXISTS (
    SELECT 1
    FROM "TrialPlans" AS t
    WHERE t."IsActive" AND t."CompanyId" = @__8__locals1_tenantId_0 AND NOT (t."IsExpired") AND t."TrialEndDate" > @__now_1)
2026-05-31 22:42:32.013 +05:30 [INF] Flowtap_Middleware.RequestLoggingMiddleware: GET /hubs/communications → 101 | 5433ms | Tenant: 591b97e6-5334-4870-b151-1a695ad19310
2026-05-31 22:42:33.061 +05:30 [DBG] Hangfire.Server.ServerHeartbeatProcess: Server antonyraj:19416:42ccf628 heartbeat successfully sent
2026-05-31 22:42:34.078 +05:30 [ERR] Microsoft.EntityFrameworkCore.Database.Command: Failed executing DbCommand (285ms) [Parameters=[@__p_0='?' (DbType = Int32)], CommandType='"Text"', CommandTimeout='30']
SELECT n."Id", n."CompanyId", n."CreatedAt", n."CreatedBy", n."Error", n."Payload", n."Recipient", n."RetryCount", n."SentAt", n."Status", n."Subject", n."Type", n."UpdatedAt", n."UpdatedBy"
FROM "NotificationQueues" AS n
WHERE n."Type" = 'Email' AND n."SentAt" IS NULL AND n."RetryCount" < 3
LIMIT @__p_0
2026-05-31 22:42:34.395 +05:30 [ERR] Microsoft.EntityFrameworkCore.Query: An exception occurred while iterating over the results of a query for context type 'Flowtap_Infrastructure.Persistence.DbContext.ApplicationDbContext'.
Npgsql.PostgresException (0x80004005): 42703: column n.CompanyId does not exist

POSITION: 16
   at Npgsql.Internal.NpgsqlConnector.ReadMessageLong(Boolean async, DataRowLoadingMode dataRowLoadingMode, Boolean readingNotifications, Boolean isReadingPrependedMessage)
   at System.Runtime.CompilerServices.PoolingAsyncValueTaskMethodBuilder`1.StateMachineBox`1.System.Threading.Tasks.Sources.IValueTaskSource<TResult>.GetResult(Int16 token)
   at Npgsql.NpgsqlDataReader.NextResult(Boolean async, Boolean isConsuming, CancellationToken cancellationToken)
   at Npgsql.NpgsqlDataReader.NextResult(Boolean async, Boolean isConsuming, CancellationToken cancellationToken)
   at Npgsql.NpgsqlCommand.ExecuteReader(Boolean async, CommandBehavior behavior, CancellationToken cancellationToken)
   at Npgsql.NpgsqlCommand.ExecuteReader(Boolean async, CommandBehavior behavior, CancellationToken cancellationToken)
   at Npgsql.NpgsqlCommand.ExecuteDbDataReaderAsync(CommandBehavior behavior, CancellationToken cancellationToken)
   at Microsoft.EntityFrameworkCore.Storage.RelationalCommand.ExecuteReaderAsync(RelationalCommandParameterObject parameterObject, CancellationToken cancellationToken)
   at Microsoft.EntityFrameworkCore.Storage.RelationalCommand.ExecuteReaderAsync(RelationalCommandParameterObject parameterObject, CancellationToken cancellationToken)
   at Microsoft.EntityFrameworkCore.Query.Internal.SingleQueryingEnumerable`1.AsyncEnumerator.InitializeReaderAsync(AsyncEnumerator enumerator, CancellationToken cancellationToken)
   at Npgsql.EntityFrameworkCore.PostgreSQL.Storage.Internal.NpgsqlExecutionStrategy.ExecuteAsync[TState,TResult](TState state, Func`4 operation, Func`4 verifySucceeded, CancellationToken cancellationToken)
   at Microsoft.EntityFrameworkCore.Query.Internal.SingleQueryingEnumerable`1.AsyncEnumerator.MoveNextAsync()
  Exception data:
    Severity: ERROR
    SqlState: 42703
    MessageText: column n.CompanyId does not exist
    Position: 16
    File: parse_relation.c
    Line: 3827
    Routine: errorMissingColumn
Npgsql.PostgresException (0x80004005): 42703: column n.CompanyId does not exist

POSITION: 16
   at Npgsql.Internal.NpgsqlConnector.ReadMessageLong(Boolean async, DataRowLoadingMode dataRowLoadingMode, Boolean readingNotifications, Boolean isReadingPrependedMessage)
   at System.Runtime.CompilerServices.PoolingAsyncValueTaskMethodBuilder`1.StateMachineBox`1.System.Threading.Tasks.Sources.IValueTaskSource<TResult>.GetResult(Int16 token)
   at Npgsql.NpgsqlDataReader.NextResult(Boolean async, Boolean isConsuming, CancellationToken cancellationToken)
   at Npgsql.NpgsqlDataReader.NextResult(Boolean async, Boolean isConsuming, CancellationToken cancellationToken)
   at Npgsql.NpgsqlCommand.ExecuteReader(Boolean async, CommandBehavior behavior, CancellationToken cancellationToken)
   at Npgsql.NpgsqlCommand.ExecuteReader(Boolean async, CommandBehavior behavior, CancellationToken cancellationToken)
   at Npgsql.NpgsqlCommand.ExecuteDbDataReaderAsync(CommandBehavior behavior, CancellationToken cancellationToken)
   at Microsoft.EntityFrameworkCore.Storage.RelationalCommand.ExecuteReaderAsync(RelationalCommandParameterObject parameterObject, CancellationToken cancellationToken)
   at Microsoft.EntityFrameworkCore.Storage.RelationalCommand.ExecuteReaderAsync(RelationalCommandParameterObject parameterObject, CancellationToken cancellationToken)
   at Microsoft.EntityFrameworkCore.Query.Internal.SingleQueryingEnumerable`1.AsyncEnumerator.InitializeReaderAsync(AsyncEnumerator enumerator, CancellationToken cancellationToken)
   at Npgsql.EntityFrameworkCore.PostgreSQL.Storage.Internal.NpgsqlExecutionStrategy.ExecuteAsync[TState,TResult](TState state, Func`4 operation, Func`4 verifySucceeded, CancellationToken cancellationToken)
   at Microsoft.EntityFrameworkCore.Query.Internal.SingleQueryingEnumerable`1.AsyncEnumerator.MoveNextAsync()
  Exception data:
    Severity: ERROR
    SqlState: 42703
    MessageText: column n.CompanyId does not exist
    Position: 16
    File: parse_relation.c
    Line: 3827
    Routine: errorMissingColumn
2026-05-31 22:42:34.711 +05:30 [ERR] Flowtap_Infrastructure.BackgroundJobs.EmailDispatchService: Error processing notification queue
Npgsql.PostgresException (0x80004005): 42703: column n.CompanyId does not exist

POSITION: 16
   at Npgsql.Internal.NpgsqlConnector.ReadMessageLong(Boolean async, DataRowLoadingMode dataRowLoadingMode, Boolean readingNotifications, Boolean isReadingPrependedMessage)
   at System.Runtime.CompilerServices.PoolingAsyncValueTaskMethodBuilder`1.StateMachineBox`1.System.Threading.Tasks.Sources.IValueTaskSource<TResult>.GetResult(Int16 token)
   at Npgsql.NpgsqlDataReader.NextResult(Boolean async, Boolean isConsuming, CancellationToken cancellationToken)
   at Npgsql.NpgsqlDataReader.NextResult(Boolean async, Boolean isConsuming, CancellationToken cancellationToken)
   at Npgsql.NpgsqlCommand.ExecuteReader(Boolean async, CommandBehavior behavior, CancellationToken cancellationToken)
   at Npgsql.NpgsqlCommand.ExecuteReader(Boolean async, CommandBehavior behavior, CancellationToken cancellationToken)
   at Npgsql.NpgsqlCommand.ExecuteDbDataReaderAsync(CommandBehavior behavior, CancellationToken cancellationToken)
   at Microsoft.EntityFrameworkCore.Storage.RelationalCommand.ExecuteReaderAsync(RelationalCommandParameterObject parameterObject, CancellationToken cancellationToken)
   at Microsoft.EntityFrameworkCore.Storage.RelationalCommand.ExecuteReaderAsync(RelationalCommandParameterObject parameterObject, CancellationToken cancellationToken)
   at Microsoft.EntityFrameworkCore.Query.Internal.SingleQueryingEnumerable`1.AsyncEnumerator.InitializeReaderAsync(AsyncEnumerator enumerator, CancellationToken cancellationToken)
   at Npgsql.EntityFrameworkCore.PostgreSQL.Storage.Internal.NpgsqlExecutionStrategy.ExecuteAsync[TState,TResult](TState state, Func`4 operation, Func`4 verifySucceeded, CancellationToken cancellationToken)
   at Microsoft.EntityFrameworkCore.Query.Internal.SingleQueryingEnumerable`1.AsyncEnumerator.MoveNextAsync()
   at Microsoft.EntityFrameworkCore.EntityFrameworkQueryableExtensions.ToListAsync[TSource](IQueryable`1 source, CancellationToken cancellationToken)
   at Microsoft.EntityFrameworkCore.EntityFrameworkQueryableExtensions.ToListAsync[TSource](IQueryable`1 source, CancellationToken cancellationToken)
   at Flowtap_Infrastructure.BackgroundJobs.EmailDispatchService.ProcessPendingEmailsAsync(CancellationToken ct) in D:\Git\Flowtap_MultiSaas_Backend_modern\SharedCore\Flowtap_Infrastructure\BackgroundJobs\EmailDispatchService.cs:line 35
   at Flowtap_Infrastructure.BackgroundJobs.EmailDispatchService.ExecuteAsync(CancellationToken stoppingToken) in D:\Git\Flowtap_MultiSaas_Backend_modern\SharedCore\Flowtap_Infrastructure\BackgroundJobs\EmailDispatchService.cs:line 19
  Exception data:
    Severity: ERROR
    SqlState: 42703
    MessageText: column n.CompanyId does not exist
    Position: 16
    File: parse_relation.c
    Line: 3827
    Routine: errorMissingColumn
2026-05-31 22:42:40.716 +05:30 [DBG] Hangfire.BackgroundJobServer: Hangfire Server is stopping...
2026-05-31 22:42:40.814 +05:30 [INF] Hangfire.Server.BackgroundServerProcess: Server antonyraj:19416:42ccf628 caught stopping signal...
2026-05-31 22:42:40.963 +05:30 [DBG] Hangfire.Processing.BackgroundExecution: Execution loop Worker:7974341d stopped in 27.1996 ms
2026-05-31 22:42:40.963 +05:30 [DBG] Hangfire.Processing.BackgroundExecution: Execution loop Worker:77f4a0e7 stopped in 27.736 ms
2026-05-31 22:42:40.963 +05:30 [DBG] Hangfire.Processing.BackgroundExecution: Execution loop ServerWatchdog:b9647e1a stopped in 25.6165 ms
2026-05-31 22:42:40.963 +05:30 [DBG] Hangfire.Processing.BackgroundExecution: Execution loop Worker:f3124c61 stopped in 28.8698 ms
2026-05-31 22:42:40.963 +05:30 [DBG] Hangfire.Processing.BackgroundExecution: Execution loop Worker:253cdb94 stopped in 27.2488 ms
2026-05-31 22:42:40.963 +05:30 [DBG] Hangfire.Processing.BackgroundExecution: Execution loop Worker:81d95c8e stopped in 27.9516 ms
2026-05-31 22:42:40.963 +05:30 [DBG] Hangfire.Processing.BackgroundExecution: Execution loop DelayedJobScheduler:c7556049 stopped in 27.6495 ms
2026-05-31 22:42:40.963 +05:30 [DBG] Hangfire.Processing.BackgroundExecution: Execution loop CountersAggregator:b2ea5d9b stopped in 27.1764 ms
2026-05-31 22:42:40.963 +05:30 [DBG] Hangfire.Processing.BackgroundExecution: Execution loop Worker:0b603f0f stopped in 27.0051 ms
2026-05-31 22:42:40.964 +05:30 [DBG] Hangfire.Processing.BackgroundExecution: Execution loop Worker:65ef68ad stopped in 27.3857 ms
2026-05-31 22:42:40.964 +05:30 [DBG] Hangfire.Processing.BackgroundExecution: Execution loop ServerJobCancellationWatcher:26e7aead stopped in 26.4927 ms
2026-05-31 22:42:40.964 +05:30 [DBG] Hangfire.Processing.BackgroundExecution: Execution loop Worker:7ee9c2e7 stopped in 27.2442 ms
2026-05-31 22:42:40.964 +05:30 [DBG] Hangfire.Processing.BackgroundExecution: Execution loop Worker:d30e1cd1 stopped in 27.9546 ms
2026-05-31 22:42:40.964 +05:30 [DBG] Hangfire.Processing.BackgroundExecution: Execution loop Worker:38c94583 stopped in 27.8257 ms
2026-05-31 22:42:40.964 +05:30 [DBG] Hangfire.Processing.BackgroundExecution: Execution loop Worker:98a3c3dc stopped in 28.2754 ms
2026-05-31 22:42:40.964 +05:30 [DBG] Hangfire.Processing.BackgroundExecution: Execution loop RecurringJobScheduler:ad50fd20 stopped in 27.4619 ms
2026-05-31 22:42:40.964 +05:30 [DBG] Hangfire.Processing.BackgroundExecution: Execution loop Worker:ae09e620 stopped in 27.9906 ms
2026-05-31 22:42:40.964 +05:30 [DBG] Hangfire.Processing.BackgroundExecution: Execution loop Worker:18180fe0 stopped in 28.5034 ms
2026-05-31 22:42:40.964 +05:30 [DBG] Hangfire.Processing.BackgroundExecution: Execution loop Worker:912c153a stopped in 28.3757 ms
2026-05-31 22:42:40.964 +05:30 [DBG] Hangfire.Processing.BackgroundExecution: Execution loop Worker:fadfe57f stopped in 28.279 ms
2026-05-31 22:42:40.964 +05:30 [DBG] Hangfire.Processing.BackgroundExecution: Execution loop Worker:981c4595 stopped in 27.4417 ms
2026-05-31 22:42:40.965 +05:30 [DBG] Hangfire.Processing.BackgroundExecution: Execution loop Worker:ca1976d0 stopped in 27.9059 ms
2026-05-31 22:42:40.965 +05:30 [DBG] Hangfire.Processing.BackgroundExecution: Execution loop ExpirationManager:dad86fad stopped in 27.2054 ms
2026-05-31 22:42:40.965 +05:30 [DBG] Hangfire.Processing.BackgroundExecution: Execution loop Worker:33f117ba stopped in 31.5392 ms
2026-05-31 22:42:40.965 +05:30 [DBG] Hangfire.Processing.BackgroundExecution: Execution loop Worker:6a04d67d stopped in 27.4037 ms
2026-05-31 22:42:40.966 +05:30 [DBG] Hangfire.Processing.BackgroundExecution: Execution loop Worker:5330da62 stopped in 27.3328 ms
2026-05-31 22:42:41.452 +05:30 [INF] Hangfire.Server.BackgroundServerProcess: Server antonyraj:19416:42ccf628 caught stopped signal...
2026-05-31 22:42:41.801 +05:30 [INF] Hangfire.Server.BackgroundServerProcess: Server antonyraj:19416:42ccf628 All dispatchers stopped
2026-05-31 22:42:41.810 +05:30 [DBG] Hangfire.Processing.BackgroundExecution: Execution loop ServerHeartbeatProcess:69963b1d stopped in 0.7871 ms
2026-05-31 22:42:41.882 +05:30 [INF] Hangfire.Server.BackgroundServerProcess: Server antonyraj:19416:42ccf628 successfully reported itself as stopped in 18.1205 ms
2026-05-31 22:42:41.886 +05:30 [INF] Hangfire.Server.BackgroundServerProcess: Server antonyraj:19416:42ccf628 has been stopped in total 948.6842 ms
2026-05-31 22:42:41.888 +05:30 [DBG] Hangfire.Processing.BackgroundExecution: Execution loop BackgroundServerProcess:57a69de2 stopped in 950.6636 ms
2026-05-31 22:42:41.936 +05:30 [ERR] Flowtap_Infrastructure.BackgroundJobs.SmsDispatchService: Error processing SMS notification queue
System.OperationCanceledException: The operation was canceled.
   at System.Threading.CancellationToken.ThrowOperationCanceledException()
   at Npgsql.NpgsqlCommand.ExecuteReader(Boolean async, CommandBehavior behavior, CancellationToken cancellationToken)
   at Npgsql.NpgsqlCommand.ExecuteReader(Boolean async, CommandBehavior behavior, CancellationToken cancellationToken)
   at Npgsql.NpgsqlCommand.ExecuteDbDataReaderAsync(CommandBehavior behavior, CancellationToken cancellationToken)
   at Microsoft.EntityFrameworkCore.Storage.RelationalCommand.ExecuteReaderAsync(RelationalCommandParameterObject parameterObject, CancellationToken cancellationToken)
   at Microsoft.EntityFrameworkCore.Storage.RelationalCommand.ExecuteReaderAsync(RelationalCommandParameterObject parameterObject, CancellationToken cancellationToken)
   at Microsoft.EntityFrameworkCore.Query.Internal.SingleQueryingEnumerable`1.AsyncEnumerator.InitializeReaderAsync(AsyncEnumerator enumerator, CancellationToken cancellationToken)
   at Npgsql.EntityFrameworkCore.PostgreSQL.Storage.Internal.NpgsqlExecutionStrategy.ExecuteAsync[TState,TResult](TState state, Func`4 operation, Func`4 verifySucceeded, CancellationToken cancellationToken)
   at Microsoft.EntityFrameworkCore.Query.Internal.SingleQueryingEnumerable`1.AsyncEnumerator.MoveNextAsync()
   at Microsoft.EntityFrameworkCore.EntityFrameworkQueryableExtensions.ToListAsync[TSource](IQueryable`1 source, CancellationToken cancellationToken)
   at Microsoft.EntityFrameworkCore.EntityFrameworkQueryableExtensions.ToListAsync[TSource](IQueryable`1 source, CancellationToken cancellationToken)
   at Flowtap_Infrastructure.BackgroundJobs.SmsDispatchService.ProcessPendingSmsAsync(CancellationToken ct) in D:\Git\Flowtap_MultiSaas_Backend_modern\SharedCore\Flowtap_Infrastructure\BackgroundJobs\SmsDispatchService.cs:line 45
   at Flowtap_Infrastructure.BackgroundJobs.SmsDispatchService.ExecuteAsync(CancellationToken stoppingToken) in D:\Git\Flowtap_MultiSaas_Backend_modern\SharedCore\Flowtap_Infrastructure\BackgroundJobs\SmsDispatchService.cs:line 29
2026-05-31 22:42:42.160 +05:30 [DBG] Hangfire.BackgroundJobServer: Hangfire Server is stopping...
